convective_day,max_risk,primary_class,ofb_mcs_boundary_regime,confidence,secondary_classes,tags,boundary_drivers,storm_modes,dominant_hazards,forecast_challenges,day_narrative
2019-02-23,MDT,mixed_discrete_to_qlcs_outbreak,possible,high,classic_discrete_tornadic_supercells|qlcs_bowing_wind_tornado,cold_front|dryline|warm_front|discrete_supercells|qlcs|strong_tornadoes|mode_transition,deepening surface cyclone|cold front/pseudo-dryline|warm front,semi-discrete supercells|broken line|bowing line segments,strong tornadoes|damaging wind|large hail,cap_conditional|mode_transition|instability_recovery,"A rapidly deepening cyclone pulled a moist warm sector north across the Lower Mississippi and Tennessee Valleys, with supercells expected ahead of a broken line. The event retained a mixed discrete-to-linear character, with the strongest tornado corridor focused from northern Mississippi into northwest Alabama and south-central Tennessee."
2019-03-03,ENH,classic_discrete_tornadic_supercells,possible,high,warm_front_baroclinic_tornado|qlcs_bowing_wind_tornado,warm_front|outflow_boundary|discrete_supercells|strong_tornadoes|significant_wind|boundary_interaction,warm front|surface low|pre-frontal confluence,discrete supercells|squall line|clusters,tornadoes|damaging wind|large hail,cap_conditional|boundary_interaction|mode_transition,The Southeast risk evolved from warm-sector discrete storms into a broader mixed-mode event. MDs emphasized maturing supercells in southeast Alabama and southwest Georgia while the outlook also expanded wind probabilities along a squall line.
2019-03-09,ENH,mixed_discrete_to_qlcs_outbreak,none,high,classic_discrete_tornadic_supercells|qlcs_bowing_wind_tornado,cold_front|warm_front|mixed_mode|discrete_supercells|qlcs|strong_tornadoes|mode_transition,cold front|warm front|rapidly moving shortwave trough,supercells|storm clusters|broken line,tornadoes|damaging wind|hail,mode_transition|instability_recovery|storm_coverage_uncertain,"A fast-moving trough and associated frontal zone supported severe storms from the Mississippi Delta into the Tennessee and lower Ohio Valleys. The key risk was a couple of strong tornadoes embedded in a mixed storm mode, with damaging gusts continuing as storms organized eastward."
2019-03-12,ENH,qlcs_bowing_wind_tornado,none,high,dryline_supercell_hail_tornado|elevated_nocturnal_hail_mcs,pacific_front|dryline|discrete_supercells|qlcs|very_large_hail|qlcs_tornadoes|mode_transition,Pacific cold front|dryline|lee cyclone,initial supercells|squall line|nocturnal convective complex,damaging wind|large hail|tornadoes,cap_conditional|mode_transition|nocturnal_evolution,"Southeast New Mexico and far west Texas began with a conditional supercell and very large hail environment. Storms then consolidated into a strong line and overnight complex across west-central and north-central Texas, shifting the dominant risk toward wind and QLCS tornadoes."
2019-03-13,ENH,qlcs_bowing_wind_tornado,likely,medium,mcv_mcs_outflow_reintensification,bow_echo|qlcs|remnant_mcv|cold_front|damaging_wind|qlcs_tornadoes|nocturnal_evolution,remnant convective circulation|cold front|gust front,weakening MCS|intensifying squall line|embedded circulations,damaging wind|brief tornadoes|hail,prior_convection|instability_recovery|nocturnal_evolution,The day was dominated by remnants of an overnight linear MCS and later renewed line development from Texas and the Arklatex toward the lower Mississippi Valley. Severe potential was mainly damaging wind with embedded tornado potential where recovery and low-level shear overlapped.
2019-03-14,ENH,mixed_discrete_to_qlcs_outbreak,none,high,classic_discrete_tornadic_supercells|qlcs_bowing_wind_tornado,cold_front|dryline|mixed_mode|discrete_supercells|qlcs|strong_tornadoes|damaging_wind,cold front|narrow warm sector|deep surface cyclone,supercells|QLCS|organized clusters,tornadoes|damaging wind|large hail,instability_recovery|mode_transition|storm_coverage_uncertain,"Severe storms spanned the Southeast, Ohio Valley, and southern Great Lakes as a deep cyclone and cold front moved east. The outlook highlighted several tornadoes, with a few strong possible, while MDs showed supercell and line segments producing a mixed tornado and wind threat."
2019-03-24,ENH,elevated_nocturnal_hail_mcs,none,high,conditional_capped_supercells,cold_front|elevated_convection|very_large_hail|mcs|cap_conditional|storm_coverage_uncertain,front from southwest Missouri into northeast Texas|low-level warm advection,elevated supercells|storm clusters|evening MCS,large hail|damaging wind,cap_conditional|storm_coverage_uncertain|nocturnal_evolution,"This was primarily an evening hail corridor from southwest Missouri into northeast Texas. Storms increased along the frontal zone, with MDs consistently naming large hail as the primary risk and wind as secondary."
2019-04-06,ENH,mcv_mcs_outflow_reintensification,core,medium,multi_region_multi_mode|southeast_multicell_or_clusters,mcs|outflow_boundary|mixed_mode|discrete_supercells|qlcs|prior_convection|forecast_uncertainty,ongoing convection|convective outflow|warm-sector boundaries,MCS|embedded supercells|clusters,damaging wind|large hail|tornadoes,prior_convection|ofb_placement|storm_coverage_uncertain,"Central and east Texas into the Ark-La-Miss saw a messy severe setup with widespread convection already underway. The packet points to low confidence in any single scenario, but organized storms and embedded supercells supported all severe hazards."
2019-04-07,ENH,forward_propagating_mcs_wind,core,high,qlcs_bowing_wind_tornado,mcs|bow_echo|outflow_boundary|qlcs|damaging_wind|qlcs_tornadoes|mcs_timing,linear MCS cold pool|outflow/gust front|warm-sector instability,linear MCS|bowing segments|warm-sector cells,damaging wind|hail|tornadoes,mcs_timing|instability_recovery|mode_transition,"A large linear MCS tracked from southeast Texas into Louisiana and the Tennessee Valley. Damaging wind was the lead hazard, with a couple tornadoes possible along and just ahead of the convective line."
2019-04-08,ENH,mcv_mcs_outflow_reintensification,core,high,qlcs_bowing_wind_tornado,mcs|bow_echo|outflow_boundary|qlcs|damaging_wind|prior_convection|instability_recovery,long-lived MCS remnants|Appalachian lee trough|destabilizing warm sector,re-intensifying squall line|clusters,damaging wind|hail,prior_convection|instability_recovery|mcs_timing,"A prior MCS was expected to cross the Appalachians and renew over southern Virginia and northern North Carolina. The main risk was damaging wind from an organized squall line, with hail and a brief tornado remaining secondary."
2019-04-10,ENH,elevated_nocturnal_hail_mcs,none,high,conditional_capped_supercells,warm_front|elevated_convection|very_large_hail|cap_conditional|nocturnal_evolution,warm frontal zone|low-level jet|elevated instability axis,elevated supercells|hail clusters,large hail|damaging wind,cap_conditional|storm_coverage_uncertain|nocturnal_evolution,"Northern Kansas into south-central and eastern Nebraska had a compact evening severe hail setup. MDs described development after 00Z and a hail threat persisting through the evening, with damaging wind secondary."
2019-04-13,MDT,mixed_discrete_to_qlcs_outbreak,possible,high,qlcs_bowing_wind_tornado,mcs|cold_front|warm_front|mixed_mode|qlcs|tornadoes|damaging_wind|mode_transition,warm sector|cold front|upscale-growing convective system,supercells|QLCS|MCS,damaging wind|tornadoes|hail,mode_transition|nocturnal_evolution|storm_coverage_uncertain,"The outbreak risk from eastern Louisiana across Mississippi into Alabama evolved from supercell potential toward a broader damaging-wind and tornado episode. The late outlook emphasized damaging wind as primary, while multiple tornado watches persisted into the night."
2019-04-14,ENH,qlcs_bowing_wind_tornado,possible,medium,mixed_discrete_to_qlcs_outbreak,mcs|cold_front|warm_front|qlcs|bow_echo|damaging_wind|tornadoes,pre-frontal band|warm sector|lee trough/cold front,broken band|QLCS|embedded supercells,damaging wind|tornadoes|large hail,mode_transition|instability_recovery|storm_coverage_uncertain,"The day continued the multi-day severe episode into the Mid-Atlantic, with a broken band of storms and embedded tornado risk. Damaging gusts were the most consistent hazard as storms moved through a destabilizing but messy warm sector."
2019-04-17,ENH,multi_region_multi_mode,possible,medium,dryline_supercell_hail_tornado|elevated_nocturnal_hail_mcs,dryline|cold_front|outflow_boundary|discrete_supercells|mixed_mode|very_large_hail|cap_conditional,dryline|quasi-stationary front|cold front,discrete supercells|frontally forced storms|clusters,large hail|damaging wind|tornadoes,cap_conditional|storm_coverage_uncertain|mode_transition,"A broad severe area covered the southern Plains into the lower Missouri Valley and Upper Midwest. The main signal was severe hail and wind with conditional supercells, especially from north Texas into Oklahoma and along the frontal zone."
2019-04-18,ENH,mcv_mcs_outflow_reintensification,core,high,qlcs_bowing_wind_tornado,remnant_mcv|mcs|warm_front|qlcs|strong_tornadoes|significant_wind|prior_convection,remnant MCV|line of storms|warm advection corridor,organized line|embedded supercells|MCV convection,damaging wind|tornadoes,mcv_track|prior_convection|mode_transition,"Lower Mississippi Valley convection became organized into a line with MCV assistance and moved into Alabama, Georgia, and the Florida Panhandle. The dominant risk was damaging wind with several tornadoes possible, including a few significant earlier in the day."
2019-04-19,MDT,qlcs_bowing_wind_tornado,possible,high,mixed_discrete_to_qlcs_outbreak,mcs|qlcs|bow_echo|supercells|significant_wind|tornadoes|mode_transition,squall line|pre-frontal warm sector|lee of Appalachians,squall line|LEWP/bow segments|preceding semi-discrete storms,damaging wind|tornadoes,mode_transition|instability_recovery|storm_coverage_uncertain,A higher-end wind and tornado event affected the Carolinas into Virginia as a strong squall line crossed the southern Mid-Atlantic. Embedded circulations and preceding semi-discrete storms kept tornado potential meaningful despite the linear dominant mode.
2019-04-26,ENH,qlcs_bowing_wind_tornado,none,high,southeast_multicell_or_clusters,cold_front|bow_echo|qlcs|damaging_wind|tornadoes|instability_recovery,strong cold front|Mid-Atlantic warm sector|upper trough,line of storms|organized clusters|embedded rotation,damaging wind|tornadoes|hail,instability_recovery|mode_transition,"The Mid-Atlantic severe risk was driven by a strong upper trough and cold front crossing an unstable warm sector. Damaging wind was the primary hazard, with a focused but secondary tornado threat from northern Maryland into southeast Pennsylvania."
2019-04-30,MDT,mixed_discrete_to_qlcs_outbreak,likely,high,dryline_supercell_hail_tornado|qlcs_bowing_wind_tornado,dryline|warm_front|outflow_boundary|discrete_supercells|qlcs|strong_tornadoes|very_large_hail,warm front|dryline/front intersection|outflow-influenced boundary,discrete supercells|QLCS|storm clusters,tornadoes|large hail|damaging wind,ofb_placement|cap_conditional|mode_transition,"A corridor from the southern Plains toward the mid Mississippi Valley supported tornadoes, large hail, and damaging wind. Oklahoma and north Texas had the main tornadic supercell concern before storms evolved into linear segments farther east."
2019-05-01,ENH,elevated_nocturnal_hail_mcs,likely,medium,forward_propagating_mcs_wind,dryline|mcs|outflow_boundary|elevated_convection|large_hail|damaging_wind|nocturnal_evolution,dryline|outflow-modified frontal zone|low-level jet,MCS|elevated storms|isolated supercells,damaging wind|hail|brief tornadoes,prior_convection|nocturnal_evolution|mode_transition,"North Texas and southern Oklahoma remained the focus for severe storms after the prior day's activity. The primary threat was wind and hail from ongoing storms and nocturnal redevelopment, with a brief tornado possible in stronger cells."
2019-05-06,ENH,forward_propagating_mcs_wind,core,high,elevated_nocturnal_hail_mcs,mcs|outflow_boundary|effective_boundary|bow_echo|damaging_wind|large_hail|mcs_timing,effective boundary|outflow-driven MCS|low-level warm advection,arcing MCS|clusters|embedded supercells,large hail|damaging wind|isolated tornado,mcs_timing|ofb_placement|nocturnal_evolution,"Severe storms developed from the Texas Panhandle and southeast Colorado into Kansas and western Missouri. The event became increasingly MCS-driven, with large hail early and a mixed wind/hail threat overnight."
2019-05-07,MDT,dryline_supercell_hail_tornado,likely,high,forward_propagating_mcs_wind|mixed_discrete_to_qlcs_outbreak,dryline|mcs|outflow_boundary|discrete_supercells|strong_tornadoes|very_large_hail|damaging_wind,dryline|outflow boundaries|surface low,supercells|organized clusters|MCS,strong tornadoes|very large hail|damaging wind,cap_conditional|mode_transition|prior_convection,"The Texas Panhandle and South Plains into western Oklahoma had a higher-end supercell environment with strong tornadoes and very large hail possible. Convective evolution became messy overnight as clusters and MCS segments expanded, maintaining wind and hail risks."
2019-05-08,ENH,qlcs_bowing_wind_tornado,likely,high,warm_front_baroclinic_tornado,mcs|outflow_boundary|warm_front|qlcs|damaging_wind|tornadoes|mode_transition,squall line|warm front|outflow-modified warm sector,squall line|embedded circulations|conditional supercells,damaging wind|tornadoes|hail,mode_transition|boundary_interaction|instability_recovery,Central/east Texas into Louisiana and Arkansas had a damaging-wind and tornado threat tied to a line of storms with embedded rotation. A more conditional warm-front risk extended into Iowa and Illinois where initiation and destabilization were uncertain.
2019-05-17,ENH,dryline_supercell_hail_tornado,possible,high,derecho_or_serial_mcs_wind|multi_region_multi_mode,dryline|outflow_boundary|discrete_supercells|very_large_hail|strong_tornadoes|significant_wind|mode_transition,retreating dryline|surface low|central Plains warm sector,supercells|bowing clusters|MCS,very large hail|damaging wind|tornadoes,cap_conditional|mode_transition|storm_coverage_uncertain,"Nebraska and adjacent Plains had a supercell environment supportive of very large hail, damaging winds, and a few tornadoes. Later convection from west Texas into southern Oklahoma organized toward a significant wind and tornado threat."
2019-05-18,ENH,mcv_mcs_outflow_reintensification,core,high,qlcs_bowing_wind_tornado,mcs|outflow_boundary|dryline|qlcs|damaging_wind|tornadoes|prior_convection,linear MCS|lead shortwave trough|outflow/warm-sector boundaries,linear MCS|embedded supercells|clusters,damaging wind|tornadoes|large hail,prior_convection|mcs_timing|mode_transition,"A linear MCS from east Texas into the lower Mississippi Valley drove the main severe corridor. Embedded stronger cells and downstream destabilization kept wind, tornado, and hail potential alive while northern Oklahoma and southern Kansas had another severe area."
2019-05-20,HIGH,high_end_tornado_outbreak,likely,high,dryline_supercell_hail_tornado|mixed_discrete_to_qlcs_outbreak,dryline|warm_front|outflow_boundary|discrete_supercells|cyclic_supercells|violent_tornado_possible|giant_hail|prior_convection,dryline|warm front|outflow boundary,discrete supercells|semi-discrete supercells|bowing segments late,violent tornadoes|giant hail|damaging wind,ofb_placement|mode_transition|cap_conditional,"A rare southern Plains parameter space supported a forecast tornado outbreak from northwest Texas into western and central Oklahoma. The day began with expectations for long-track violent tornadoes and giant hail, but later outflow undercutting and storm interactions reduced parts of the open warm-sector tornado threat while keeping significant tornado potential near favored boundaries."
2019-05-21,ENH,qlcs_bowing_wind_tornado,likely,high,mixed_discrete_to_qlcs_outbreak,outflow_boundary|warm_front|qlcs|bow_echo|damaging_wind|qlcs_tornadoes|instability_recovery,pre-frontal squall line|warm front|outflow-modified boundary,squall line|embedded supercells|bowing segments,damaging wind|tornadoes|large hail,prior_convection|instability_recovery|mode_transition,"A squall line moved from Oklahoma and Arkansas toward Missouri and Illinois with rejuvenation expected as instability recovered. Embedded circulations and line breaks supported tornadoes, including a significant tornado threat near the St. Louis area, while damaging wind remained common."
2019-05-22,MDT,classic_discrete_tornadic_supercells,possible,high,mixed_discrete_to_qlcs_outbreak|qlcs_bowing_wind_tornado,warm_front|dryline|discrete_supercells|strong_tornadoes|large_hail|damaging_wind|cap_conditional,I-44 corridor boundary|warm sector|subtle shortwave trough,supercells|bow echo|clusters,tornadoes|large hail|damaging wind,cap_conditional|storm_coverage_uncertain|mode_transition,"The Moderate risk centered on Oklahoma into Missouri and Illinois as a subtle shortwave aided convective initiation in a very moist and sheared environment. Supercells posed a strong tornado and large hail risk early, with later upscale growth into bowing segments and damaging-wind corridors."
2019-05-23,MDT,multi_region_multi_mode,likely,high,dryline_supercell_hail_tornado|forward_propagating_mcs_wind,dryline|warm_front|mcs|discrete_supercells|large_hail|damaging_wind|tornadoes,central Plains warm front|southern High Plains dryline|low-level jet,supercells|organizing MCS|bowing line,large hail|damaging wind|tornadoes,mode_transition|nocturnal_evolution|mcs_timing,"Severe storms extended from the central Plains into the southern High Plains, with ongoing supercells producing hail and tornadoes. A strengthening low-level jet supported organization into convective systems overnight, increasing the damaging-wind risk into Iowa and Missouri."
2019-05-24,ENH,forward_propagating_mcs_wind,core,high,qlcs_bowing_wind_tornado,mcs|outflow_boundary|warm_front|bow_echo|damaging_wind|qlcs_tornadoes|nocturnal_evolution,convective outflow|low-level jet|return-flow moisture plume,MCS|mature storms|supercell structures,damaging wind|brief tornadoes|hail,mcs_timing|ofb_placement|nocturnal_evolution,"The day was another nocturnal convective-system episode from the south-central Plains into the lower Missouri Valley and Upper Midwest. Wind gusts and brief tornadoes were tied to mature storms and outflow-driven leading edges, with hail continuing in stronger supercell structures."
2019-05-25,ENH,forward_propagating_mcs_wind,core,high,qlcs_bowing_wind_tornado,mcs|outflow_boundary|dryline|bow_echo|damaging_wind|qlcs_tornadoes|mcs_timing,convective outflow|dryline|low-level jet,MCS|squall line|dryline storms,damaging wind|hail|brief tornadoes,mcs_timing|ofb_placement|mode_transition,The southern and central Plains into the middle Mississippi Valley saw severe storms along dryline and outflow boundaries. The most organized threat became a squall line with damaging winds and mesovortices from Oklahoma into Arkansas and Missouri.
2019-05-26,MDT,derecho_or_serial_mcs_wind,core,high,high_plains_upslope_supercells|forward_propagating_mcs_wind,mcs|bow_echo|derecho|upslope|outflow_boundary|widespread_wind_damage|significant_wind,central High Plains upslope flow|MCS cold pool|lee trough,supercells|large-scale bow|forward-propagating MCS,significant wind|large hail|tornadoes,mcs_timing|mode_transition|nocturnal_evolution,Severe storms initiated across the central High Plains with tornado and hail potential before growing into a damaging wind-producing MCS. The late-night bowing system across Kansas and Missouri drove the Moderate risk with significant wind damage potential.
2019-05-27,ENH,multi_region_multi_mode,likely,medium,dryline_supercell_hail_tornado|forward_propagating_mcs_wind,dryline|warm_front|mcs|discrete_supercells|strong_tornadoes|large_hail|damaging_wind,warm front|post-frontal instability plume|High Plains upslope,supercells|MCS|clusters,tornadoes|large hail|damaging wind,mode_transition|mcs_timing|boundary_interaction,Severe risk spanned Indiana and the Ohio Valley plus the central High Plains into the mid Missouri Valley. Tornadic supercells occurred in the Midwest while High Plains storms later spread east with hail and wind potential overnight.
2019-05-28,MDT,multi_region_multi_mode,likely,medium,dryline_supercell_hail_tornado|forward_propagating_mcs_wind,dryline|mcs|outflow_boundary|discrete_supercells|large_hail|damaging_wind|tornadoes,dryline|cold front|convective boundaries,supercells|MCS|bowing segments,large hail|damaging wind|tornadoes,prior_convection|mode_transition|storm_coverage_uncertain,"The central and southern Plains into the Midwest saw multiple rounds of severe storms. Oklahoma and north Texas had supercell and dryline potential, while the Ohio Valley and Pennsylvania/New Jersey corridor added separate wind, hail, and tornado threats."
2019-05-29,ENH,mcv_mcs_outflow_reintensification,core,high,multi_region_multi_mode,mcs|remnant_mcv|outflow_boundary|discrete_supercells|damaging_wind|large_hail|tornadoes,MCV crossing southern Appalachians|stalled front|convectively overturned areas,MCS|supercells|storm clusters,damaging wind|large hail|brief tornadoes,mcv_track|prior_convection|instability_recovery,"Severe storms persisted from the southern Plains through the Ozarks and from the Ohio Valley into the Mid-Atlantic. An MCV-related MCS increased the damaging-wind threat in Virginia while other regions supported hail, wind, and isolated tornadoes."
2019-05-31,ENH,multi_region_multi_mode,possible,medium,dryline_supercell_hail_tornado|southeast_multicell_or_clusters,cold_front|mcs|outflow_boundary|discrete_supercells|damaging_wind|large_hail|tornadoes,shortwave trough|Appalachian lee terrain|west Texas dryline,Carolina clusters|west Texas supercells|line segments,damaging wind|large hail|tornadoes,storm_coverage_uncertain|mode_transition|boundary_interaction,North Carolina and southern Virginia saw damaging wind and hail from storms ahead of a shortwave trough. Far west Texas and southeast New Mexico added discrete supercell potential with large hail and an early tornado risk.
2019-06-01,ENH,multi_region_multi_mode,likely,medium,forward_propagating_mcs_wind|elevated_nocturnal_hail_mcs,mcs|outflow_boundary|warm_front|bow_echo|large_hail|damaging_wind|nocturnal_evolution,cold front|outflow boundaries|lower Missouri Valley instability axis,clusters|MCS|supercells,large hail|damaging wind,mcs_timing|storm_coverage_uncertain|nocturnal_evolution,"Scattered severe thunderstorms continued from the southern High Plains across the lower Missouri Valley into parts of Ohio. Large hail and damaging winds were the primary threats, with late clusters increasing wind potential near St. Louis and northwest Texas."
2019-06-04,ENH,forward_propagating_mcs_wind,core,high,northwest_flow_mcs,mcs|bow_echo|cold_front|damaging_wind|large_hail|mcs_timing|northwest_flow,central Minnesota MCS|cold front|destabilizing downstream air mass,MCS|line of storms|clusters,damaging wind|large hail,mcs_timing|instability_recovery|mode_transition,"A developing MCS across central Minnesota was expected to move southeast into southern Minnesota and surrounding areas. Wind was the main severe hazard as the cold pool encountered steep low-level lapse rates, with hail also possible in stronger storms."
2019-06-05,ENH,forward_propagating_mcs_wind,likely,high,southeast_multicell_or_clusters,cold_front|outflow_boundary|bow_echo|mcs|damaging_wind|large_hail|qlcs_tornadoes,sagging cold front|convective outflow boundary|shortwave trough,quickly upscale-growing storms|linear segments|clusters,damaging wind|large hail|brief tornado,mode_transition|boundary_interaction|instability_recovery,"The Ohio and middle Mississippi Valleys had the greatest severe risk, with additional isolated storms in the Mid-Atlantic, Carolinas, and west Texas. Initial hail-producing storms were expected to grow quickly into damaging-wind-producing linear segments."
2019-06-06,ENH,southeast_multicell_or_clusters,likely,medium,mcv_mcs_outflow_reintensification|forward_propagating_mcs_wind,mcs|bow_echo|supercells|training_convection|damaging_wind|tornadoes|flash_flood_overlap,southeast Louisiana storm cluster|outflow boundaries|Gulf Coast moisture axis,embedded supercells|clusters|high-based storms,damaging wind|large hail|brief tornadoes,prior_convection|storm_coverage_uncertain|mode_transition,"South-central and southeast Texas had the main wind and hail risk, while embedded supercells near the Gulf Coast produced a conditional tornado threat. Other isolated severe storms occurred in the northern Rockies and High Plains, making the day multi-region but cluster-driven."
2019-06-07,ENH,northwest_flow_mcs,possible,medium,high_plains_upslope_supercells,cold_front|mcs|bow_echo|outflow_boundary|damaging_wind|large_hail|upslope,northern Plains cold front|High Plains upslope flow|storm clusters,clusters|MCS|linear segments,damaging wind|large hail,storm_coverage_uncertain|mcs_timing,"The northern Plains had the strongest organized severe signal, with storms expanding along a front from Wyoming into the Dakotas. Damaging gusts and hail dominated, while Gulf Coast storms remained more marginal and localized."
2019-06-09,ENH,forward_propagating_mcs_wind,core,high,elevated_nocturnal_hail_mcs,mcs|cold_front|outflow_boundary|bow_echo|damaging_wind|large_hail|mcs_timing,southward-moving MCS cold pool|instability gradient|front/outflow zone,MCS|clusters|bowing segments,damaging wind|large hail,mcs_timing|instability_recovery|nocturnal_evolution,"A southward-moving MCS crossed Oklahoma into north and central Texas. Damaging wind was the main hazard as the complex propagated into a strongly unstable air mass, with hail remaining possible in stronger embedded cores."
2019-06-14,ENH,forward_propagating_mcs_wind,possible,high,high_plains_upslope_supercells,mcs|dryline|outflow_boundary|large_hail|damaging_wind|mcs_timing|cap_conditional,eastern Colorado/western Kansas storms|low-level jet|dryline/lee trough,cluster|MCS|isolated high-based storms,damaging wind|large hail,mcs_timing|cap_conditional|storm_coverage_uncertain,"Storms over eastern Colorado and western Kansas consolidated into a cluster that moved into Kansas and northern Oklahoma. The hazards were severe wind gusts and hail, with the strongest organization expected as the cluster matured through the evening."
2019-06-15,MDT,derecho_or_serial_mcs_wind,core,high,forward_propagating_mcs_wind|warm_front_baroclinic_tornado,mcs|bow_echo|effective_boundary|outflow_boundary|widespread_wind_damage|strong_tornadoes|significant_wind,northwest Texas MCS cold pool|differential heating zone|effective boundary,forward-propagating MCS|embedded supercell|tornadic supercells in Indiana,significant wind|large hail|tornadoes,mcs_timing|boundary_interaction|mode_transition,"Northwest Texas into Oklahoma experienced a high-end MCS wind event with measured severe gusts over 80 mph. A separate Indiana/Ohio corridor had tornadic supercells tied to a differential heating boundary, making this a multi-mode but wind-dominant day."
2019-06-16,ENH,mcv_mcs_outflow_reintensification,core,high,forward_propagating_mcs_wind,outflow_boundary|effective_boundary|mcs|training_convection|large_hail|damaging_wind|tornadoes,multifaceted outflow|surface low|central Texas instability gradient,clusters|MCS|multicells,damaging wind|large hail|tornadoes,ofb_placement|instability_recovery|mode_transition,"Central Texas storms formed along and south of outflow boundaries in an extremely unstable air mass. Shear was modest, so the main threats were damaging wind and hail, though a few tornadoes were possible early in the convective cycle."
2019-06-18,ENH,mcv_mcs_outflow_reintensification,core,high,multi_region_multi_mode|forward_propagating_mcs_wind,mcs|remnant_mcv|outflow_boundary|warm_front|large_hail|damaging_wind|tornadoes,Kansas MCV|MCS remnants|confluence zone,MCS|line segments|supercells,large hail|damaging wind|tornadoes,mcv_track|prior_convection|storm_coverage_uncertain,"Multiple severe rounds affected the central and southern Plains, with the key Kansas corridor tied to an MCV and remnants of a long-lived MCS. Later storms from west Texas into Oklahoma produced severe hail and wind, with a few tornadoes possible where supercells persisted."
2019-06-19,ENH,forward_propagating_mcs_wind,core,high,mcv_mcs_outflow_reintensification|dryline_supercell_hail_tornado,mcs|outflow_boundary|bow_echo|discrete_supercells|very_large_hail|significant_wind|tornadoes,prior-MCS outflow boundary|mesolow/cold front|shortwave trough,supercells|forward-propagating line|bow echo,very large hail|damaging wind|tornadoes,prior_convection|ofb_placement|mode_transition,"North-central and northeast Texas into the Arklatex had a very unstable air mass along prior-MCS outflow. Initial severe storms posed very large hail and tornado risk, then bowing line segments produced damaging wind swaths into Arkansas, Mississippi, and Tennessee."
2019-06-20,ENH,multi_region_multi_mode,likely,medium,forward_propagating_mcs_wind|high_plains_upslope_supercells,mcs|warm_front|outflow_boundary|upslope|damaging_wind|large_hail|brief_tornadoes,Southeast linear MCS|upslope flow|High Plains low,linear MCS|High Plains supercells|clusters,damaging wind|large hail|brief tornadoes,mcs_timing|multi_region_evolution|mode_transition,"An MCS across the Southeast produced a damaging-wind threat, while the central/northern Plains and mid Missouri Valley had separate severe storms with hail, wind, and brief tornado potential. The day is best treated as multi-region, with the MCS hazard most organized in the Southeast."
2019-06-21,ENH,forward_propagating_mcs_wind,core,high,high_plains_upslope_supercells,mcs|bow_echo|dryline|outflow_boundary|damaging_wind|large_hail|qlcs_tornadoes,Tennessee Valley MCS|cold front|High Plains upslope flow,linear MCS|clusters|supercells,damaging wind|hail|brief tornadoes,mcs_timing|instability_recovery|mode_transition,"Two mesoscale convective systems raced southeast across the lower Missouri and Tennessee Valleys. Wind damage was the main hazard along the leading edges, with hail and a QLCS tornado possible in the strongest segments."
2019-06-22,ENH,mcv_mcs_outflow_reintensification,core,high,multi_region_multi_mode|forward_propagating_mcs_wind,mcs|outflow_boundary|dryline|bow_echo|large_hail|damaging_wind|prior_convection,ongoing MCS|MCV/shortwave|High Plains convergence zone,MCS|clusters|supercells,damaging wind|large hail,mcs_timing|prior_convection|storm_coverage_uncertain,Clusters and MCSs affected the central/southern Plains and parts of the Southeast. Ongoing convection from northwest Oklahoma into Kansas and MCV-related redevelopment were central to the damaging wind and hail risk.
2019-06-23,ENH,forward_propagating_mcs_wind,core,high,multi_region_multi_mode,mcs|outflow_boundary|training_convection|bow_echo|damaging_wind|large_hail|flash_flood_overlap,linear MCS south of front|cold front|instability axis,linear MCS|clusters|isolated storms,damaging wind|hail,mcs_timing|instability_recovery|storm_coverage_uncertain,A linear MCS over north Texas into the Arklatex drove the main damaging-wind and hail risk. Additional storms in the Ohio and Tennessee Valleys and central High Plains were more isolated and secondary.
2019-06-24,ENH,mcv_mcs_outflow_reintensification,core,high,southeast_multicell_or_clusters|dryline_supercell_hail_tornado,remnant_mcv|outflow_boundary|cold_front|damaging_wind|large_hail|mcv_track,remnant MCV over southern Kentucky|central/southern Appalachian instability|west Texas dryline,clusters|multicells|isolated supercells,damaging wind|hail,mcv_track|instability_recovery|storm_coverage_uncertain,"The primary severe corridor evolved over the Appalachians and Ohio Valley ahead of a remnant MCV. Damaging winds were the main hazard there, while isolated supercells with hail and wind also developed over west-central and southwest Texas."
2019-06-25,ENH,conditional_capped_supercells,possible,medium,elevated_nocturnal_hail_mcs,warm_front|mcs|outflow_boundary|discrete_supercells|very_large_hail|damaging_wind|storm_coverage_uncertain,east-west surface boundary|Missouri/Iowa border|southerly moisture transport,isolated supercells|clusters|elevated storms,very large hail|severe gusts,storm_coverage_uncertain|cap_conditional|nocturnal_evolution,"The highest risk extended from southeast Nebraska to northwest Missouri and southern Iowa. Storm coverage was a key uncertainty, but any sustained storms along the boundary could produce very large hail and sporadic severe gusts."
2019-06-27,ENH,northwest_flow_mcs,likely,high,high_plains_upslope_supercells,mcs|bow_echo|outflow_boundary|supercells|damaging_wind|large_hail|tornadoes,northern Montana storm complex|easterly low-level flow|instability gradient,bowing complex|supercells|MCS,damaging wind|large hail|tornadoes,mode_transition|mcs_timing|storm_coverage_uncertain,"Central and northeast Montana into western North Dakota saw supercells evolve into a bowing complex. Damaging winds became the primary threat as linear mode dominated, but large hail and a tornado or two were still possible."
2019-06-28,ENH,high_plains_upslope_supercells,possible,high,forward_propagating_mcs_wind,outflow_boundary|supercells|mcs|very_large_hail|tornadoes|damaging_wind|mode_transition,central Montana boundary|south-southeasterly low-level flow|remnant disturbance,supercells|linear MCS|storm complex,large hail|tornadoes|severe wind,mode_transition|storm_coverage_uncertain|mcs_timing,"Central to northeast Montana had a focused supercell risk with large hail, a couple tornadoes, and severe wind. Upscale growth into a linear MCS was possible later, while the Missouri Valley and Great Lakes had lower-confidence post-MCS storms."
2019-06-29,ENH,forward_propagating_mcs_wind,likely,high,high_plains_upslope_supercells,mcs|warm_front|cold_front|bow_echo|large_hail|damaging_wind|tornadoes,Dakotas instability axis|strengthening low-level jet|front/warm sector,supercells|MCS|line of storms,damaging wind|large hail|tornadoes,mode_transition|nocturnal_evolution|mcs_timing,"North Dakota had evening severe storms with hail, wind, and tornado potential in a moist and unstable air mass. As the low-level jet strengthened, the severe risk transitioned toward damaging winds spreading into the Upper Midwest overnight."
2019-07-04,ENH,high_plains_upslope_supercells,possible,medium,forward_propagating_mcs_wind,upslope|outflow_boundary|discrete_supercells|large_hail|damaging_wind|tornadoes|nocturnal_evolution,Front Range/High Plains upslope|Wyoming-Nebraska instability corridor|storm outflow,supercells|clusters|overnight MCS,large hail|damaging wind|tornadoes,storm_coverage_uncertain|mode_transition|nocturnal_evolution,"Eastern Wyoming into central Nebraska had a High Plains severe setup that began with supercell potential and continued into clusters overnight. Hail and wind dominated, with tornado potential monitored during initiation."
2019-07-08,ENH,forward_propagating_mcs_wind,likely,high,northwest_flow_mcs,mcs|bow_echo|cold_front|damaging_wind|large_hail|mcs_timing|northwest_flow,northern Plains front|organized convective line|downstream instability,organized line|bowing segment|clusters,damaging wind|hail|brief tornado,mcs_timing|instability_recovery|mode_transition,Northern and central Great Plains storms organized into a line that produced severe wind gusts and hail. The 01Z outlook highlighted a 70+ mph wind-producing line across eastern North Dakota with continued severe potential into Minnesota.
2019-07-16,ENH,high_plains_upslope_supercells,possible,high,forward_propagating_mcs_wind,warm_front|outflow_boundary|discrete_supercells|very_large_hail|damaging_wind|tornadoes|mode_transition,northern High Plains upslope/lee trough|surface boundary|strengthening low-level flow,discrete supercells|bowing cluster late|MCS,large hail|severe wind|tornadoes,mode_transition|mcs_timing|storm_coverage_uncertain,"Northern High Plains convection remained largely discrete during the evening, producing supercell hail and wind threats. Later organization into a bowing cluster could increase damaging wind potential across western and central South Dakota."
2019-07-19,MDT,derecho_or_serial_mcs_wind,core,high,forward_propagating_mcs_wind,mcs|bow_echo|derecho|outflow_boundary|widespread_wind_damage|significant_wind|mcs_timing,dying MCS/outflow|warm-sector instability|Upper Midwest baroclinic zone,derecho-like MCS|bow echo|clusters,significant wind|large hail,mcs_timing|instability_recovery|mode_transition,"This was a wind-driven Upper Midwest event, with the late outlook focused on significant gusts across central and northeast Wisconsin. Earlier MDs monitored a dying MCS and later storm organization, with damaging wind ultimately the dominant hazard."
2019-07-20,ENH,derecho_or_serial_mcs_wind,core,high,forward_propagating_mcs_wind,mcs|bow_echo|outflow_boundary|significant_wind|qlcs_tornadoes|widespread_wind_damage|mcs_timing,intense bow echo|cold pool|Midwest instability plume,intense bow echo|MCS|line of severe thunderstorms,damaging wind|brief tornadoes|hail,mcs_timing|instability_recovery|mode_transition,"A fast-moving bow echo crossed Wisconsin and Lake Michigan into Lower Michigan, producing a heightened damaging-wind risk. Additional central High Plains storms were secondary; the primary hazard was wind with brief tornado potential along the bow."
2019-08-05,ENH,mcv_mcs_outflow_reintensification,core,high,forward_propagating_mcs_wind,mcs|remnant_mcv|cold_front|damaging_wind|large_hail|prior_convection|instability_recovery,MCS/MCV over Wisconsin|southeast-moving cold front|destabilizing boundary layer,MCS|clusters|frontal storms,damaging wind|hail,mcv_track|prior_convection|instability_recovery,"An MCS and associated MCV crossed northern Wisconsin and Upper Michigan while new storms formed along its southern flank and a cold front. Damaging wind was the main hazard across the Upper Midwest and Great Lakes, with hail secondary."
2019-08-06,ENH,northwest_flow_mcs,likely,medium,high_plains_upslope_supercells,cold_front|outflow_boundary|mcs|supercells|very_large_hail|damaging_wind|mode_transition,southeast-advancing cold front|northern Plains moisture corridor|Nebraska MCS,initial supercells|MCS|clusters,very large hail|damaging wind,mode_transition|mcs_timing|storm_coverage_uncertain,"The northern and central Plains had supercell potential along a southeast-moving cold front, with large hail initially and damaging winds increasing as storms organized. Overnight, an MCS moved southeast across Nebraska with severe gust potential."
2019-08-09,ENH,classic_discrete_tornadic_supercells,none,high,high_plains_upslope_supercells,effective_boundary|warm_front|supercells|strong_tornadoes|large_hail|damaging_wind|boundary_interaction,baroclinic zone across South Dakota|weak surface low|low-level convergence,supercells|upscale growth late,tornadoes|severe wind|large hail,boundary_interaction|mode_transition|storm_coverage_uncertain,"South Dakota had a focused severe setup near a strong baroclinic zone and weak low. Tornadoes, some potentially strong, were possible with supercells before later upscale growth increased the severe-wind threat."
2019-08-11,ENH,multi_region_multi_mode,likely,medium,high_plains_upslope_supercells|forward_propagating_mcs_wind,mcs|outflow_boundary|warm_front|supercells|large_hail|damaging_wind|tornadoes,northern/central Plains boundaries|Montana severe wind swath|low-level moisture corridor,supercells|MCS|clusters,damaging wind|large hail|tornadoes,mode_transition|mcs_timing|multi_region_evolution,"Northern and central Plains severe storms produced a mix of supercell hazards and later convective-system wind. Montana, Nebraska/Kansas, and adjacent areas all contributed to the Enhanced risk, with damaging wind and large hail most prominent and tornadoes possible early."
2019-08-12,ENH,qlcs_bowing_wind_tornado,core,high,forward_propagating_mcs_wind,effective_boundary|outflow_boundary|bow_echo|qlcs|damaging_wind|tornadoes|mode_transition,Illinois/Indiana convective complex|effective boundary|warm-sector instability,convective complex|QLCS|embedded rotation,damaging wind|tornadoes|hail,mode_transition|mcs_timing|instability_recovery,Illinois into Indiana and southwest Ohio had an evening convective complex with damaging wind as the primary threat. Tornado risk persisted in central Illinois where storms remained more organized and favorably sheared.
2019-08-13,ENH,forward_propagating_mcs_wind,likely,high,northwest_flow_mcs,cold_front|outflow_boundary|bow_echo|mcs|damaging_wind|large_hail|widespread_wind_damage,western Kansas convective line|cold front|outflow boundary,bow echo|organized line|clusters,damaging wind|large hail,mcs_timing|mode_transition|boundary_interaction,"Western Kansas into northwestern Oklahoma had organized severe storms moving southeast, while the Tennessee Valley and northern Gulf states had additional storms. The most intense hazard was a bow apex corridor with widespread 60-75 mph gusts."
2019-08-14,ENH,high_plains_upslope_supercells,possible,high,southeast_multicell_or_clusters,outflow_boundary|discrete_supercells|very_large_hail|damaging_wind|terrain_circulation|storm_coverage_uncertain,central High Plains lee/terrain circulations|convective outflow boundary near Gulf Coast|subtle speed maxima,High Plains supercells|isolated strong storms,very large hail|damaging wind,storm_coverage_uncertain|cap_conditional,The central High Plains had the primary severe risk with widely scattered supercells capable of very large hail and damaging winds. A weaker outflow-modulated corridor from the Gulf Coast to the southern Mid-Atlantic produced more isolated wind potential.
2019-08-15,ENH,ofb_differential_heating_supercells,core,high,forward_propagating_mcs_wind,outflow_boundary|mcs|supercells|large_hail|damaging_wind|tornadoes|boundary_interaction,east-west outflow boundary|northeast Kansas to western Missouri corridor|low-level jet,boundary-rooted supercells|MCS|clusters,large hail|damaging wind|tornadoes,ofb_placement|mode_transition|nocturnal_evolution,"Eastern Kansas into western Missouri had storms rooted near an outflow boundary with strong shear and instability. Large hail and damaging wind were the main hazards, with a couple tornadoes possible where storms interacted favorably with the boundary."
2019-08-16,ENH,conditional_capped_supercells,likely,medium,elevated_nocturnal_hail_mcs,outflow_boundary|discrete_supercells|very_large_hail|damaging_wind|cap_conditional|nocturnal_evolution,decaying morning outflow|front from east-central Colorado to Missouri|differential heating zone,supercells|clusters|elevated storms,very large hail|damaging wind,prior_convection|cap_conditional|storm_coverage_uncertain,The central High Plains to lower Missouri Valley had a conditional but potentially significant hail and wind setup. Storms were expected to develop along the surface front and spread across Kansas through the night.
2019-08-17,ENH,multi_region_multi_mode,likely,medium,forward_propagating_mcs_wind|elevated_nocturnal_hail_mcs,cold_front|mcs|outflow_boundary|training_convection|large_hail|damaging_wind|mcs_timing,cold front from Minnesota to Nebraska|moist low-level air|ongoing storm clusters,MCS|clusters|linear segments,damaging wind|large hail,mcs_timing|nocturnal_evolution|multi_region_evolution,Severe storms extended from the northern and central Plains into the Midwest along and south of a cold front. Damaging winds and large hail were the primary hazards as storms organized into clusters and moved southeast through the night.
2019-08-19,ENH,elevated_nocturnal_hail_mcs,likely,high,forward_propagating_mcs_wind,mcs|warm_front|elevated_convection|bow_echo|large_hail|damaging_wind|nocturnal_evolution,eastward-moving front|low-level jet|Iowa/Minnesota instability axis,elevated storms|MCS|compact bow echo,large hail|damaging wind|brief tornado,nocturnal_evolution|mcs_timing|storm_coverage_uncertain,Large hail and damaging gusts were expected late at night across Iowa and northern Minnesota. Storms developing into a complex eventually shifted the risk from hail toward damaging wind as organization increased.
2019-08-20,ENH,mcv_mcs_outflow_reintensification,core,high,forward_propagating_mcs_wind|high_plains_upslope_supercells,mcs|remnant_mcv|outflow_boundary|bow_echo|damaging_wind|large_hail|prior_convection,well-developed Illinois MCS/MCV|gust front/cold pool|central Plains evening boundary,MCS|bow echo|High Plains supercells,damaging wind|large hail,mcv_track|mcs_timing|instability_recovery,"A well-developed MCS and MCV crossed Illinois into Indiana, producing a damaging-wind threat as the cold pool interacted with an unstable air mass. Separate evening storms in the central Plains added large hail and wind potential."
2019-08-24,ENH,elevated_nocturnal_hail_mcs,likely,high,conditional_capped_supercells|qlcs_bowing_wind_tornado,mcs|outflow_boundary|cold_front|large_hail|damaging_wind|tornadoes|nocturnal_evolution,mid-level low over Kansas|moist boundary layer|evening frontal/outflow zone,supercells|organized line|MCS,damaging wind|large hail|tornadoes,nocturnal_evolution|mode_transition|storm_coverage_uncertain,"Central and western Kansas into northern Oklahoma had a late-day and nighttime severe threat. Initial storms could produce hail and a tornado, then an organized line spread southeast with damaging winds."
2019-08-26,ENH,forward_propagating_mcs_wind,likely,high,elevated_nocturnal_hail_mcs,mcs|outflow_boundary|cold_front|damaging_wind|large_hail|mcs_timing,storm line from Oklahoma to Missouri|cold front/outflow zone|instability axis,broken line|MCS|clusters,damaging wind|hail,mcs_timing|storm_coverage_uncertain|instability_recovery,"Central Oklahoma into southeast Kansas, southern Missouri, and northwest Arkansas had storms capable of damaging wind and hail into the late evening. The event was mainly a line/cluster wind episode with hail in stronger cores."
2019-08-29,ENH,forward_propagating_mcs_wind,likely,high,elevated_nocturnal_hail_mcs,mcs|outflow_boundary|cold_front|bow_echo|large_hail|damaging_wind|nocturnal_evolution,northwest Kansas to Missouri frontal corridor|nocturnal low-level jet|storm outflow,clusters|MCS|bowing line,damaging wind|hail,nocturnal_evolution|mcs_timing|mode_transition,Northwest Kansas into west-central Missouri had evening and overnight hail and wind potential. Storms grew upscale over eastern Kansas with damaging wind increasing into northeast Oklahoma and southwest Missouri.
2019-09-02,ENH,forward_propagating_mcs_wind,core,high,qlcs_bowing_wind_tornado|tropical_cyclone_tornado_rainbands,mcs|bow_echo|warm_front|cold_front|damaging_wind|qlcs_tornadoes|tropical_cyclone,North Dakota bow echo cold pool|Upper Midwest warm advection|Hurricane Dorian rainbands,bow echo|quasi-linear MCS|tropical rainband cells,damaging wind|brief tornadoes|hail,mcs_timing|nocturnal_evolution|boundary_interaction,"The Upper Midwest severe risk was driven by a bow echo that moved from North Dakota into Minnesota and Wisconsin, producing damaging wind and embedded tornado potential. A separate low tornado risk accompanied Hurricane Dorian along the Florida east coast."
2019-09-05,ENH,tropical_cyclone_tornado_rainbands,none,high,classic_discrete_tornadic_supercells,tropical_cyclone|discrete_supercells|tornadoes|strong_tornadoes|low_level_shear|rainbands,Hurricane Dorian outer rainbands|coastal front/low-level shear axis,mini-supercells|tropical rainband cells,tornadoes,storm_coverage_uncertain|boundary_interaction|nocturnal_evolution,"Eastern North Carolina and southeast Virginia had a tornado threat associated with Hurricane Dorian. Rotating rainband cells produced tornadoes through the day, with the threat shifting north-northeast overnight."
2019-09-10,ENH,mixed_discrete_to_qlcs_outbreak,likely,high,forward_propagating_mcs_wind,warm_front|cold_front|mcs|supercells|large_hail|tornadoes|damaging_wind,north-central Nebraska/south-central South Dakota initiation zone|warm front|MCS cold pool,supercells|forward-propagating MCS|line of storms,tornadoes|damaging wind|hail,mode_transition|mcs_timing|boundary_interaction,"Northern Nebraska into southeast South Dakota and northwest Iowa had a supercell-to-MCS severe setup. Early storms could produce tornadoes and hail, then upscale growth supported damaging wind into southern Minnesota and northern Iowa overnight."
2019-09-11,ENH,high_plains_upslope_supercells,possible,medium,forward_propagating_mcs_wind,dryline|cold_front|warm_front|outflow_boundary|large_hail|damaging_wind|tornadoes,northeast Colorado into Nebraska front|cold front|dryline/lee trough,supercells|line of storms|clusters,large hail|damaging wind|tornadoes,mode_transition|storm_coverage_uncertain,"The central Plains had the main severe risk, with storms increasing from northeast Colorado into Nebraska. All hazards were possible initially, but later lines favored damaging wind and hail into the night."
2019-09-23,ENH,cold_core_low_cape,likely,high,conditional_capped_supercells,outflow_boundary|supercells|very_large_hail|damaging_wind|tornadoes|training_convection|cold_core,baroclinic zone reinforced by morning convection|intense Southwest trough|Arizona moisture plume,supercells|multiple rounds|clusters,large hail|damaging wind|isolated tornado,prior_convection|boundary_interaction|storm_coverage_uncertain,"Southwest and central Arizona had a rare cool-season severe setup under a strong Southwest trough. Multiple rounds of storms, including supercells, posed large hail as the main hazard with strong wind and an isolated tornado possible."
2019-09-24,ENH,multi_region_multi_mode,possible,medium,dryline_supercell_hail_tornado|forward_propagating_mcs_wind,dryline|cold_front|mcs|supercells|large_hail|damaging_wind|tornadoes,southeast Nebraska to southwest Kansas corridor|cold front|dryline/lee trough,supercells|clusters|MCS,large hail|damaging wind|tornadoes,storm_coverage_uncertain|mode_transition|nocturnal_evolution,"Severe storms persisted from the central Plains to the Upper Great Lakes. Supercells and clusters produced large hail, damaging gusts, and a few tornadoes, with several separate corridors making the day multi-mode and multi-region."
2019-09-27,ENH,conditional_capped_supercells,possible,medium,elevated_nocturnal_hail_mcs,cold_front|warm_front|outflow_boundary|discrete_supercells|large_hail|damaging_wind|tornadoes,central Kansas to Indiana frontal corridor|warm front|pre-frontal boundary,discrete supercells|clusters|elevated storms,large hail|damaging wind|tornadoes,cap_conditional|storm_coverage_uncertain|mode_transition,A corridor from central Kansas into northwest Indiana supported scattered severe storms during the evening. Discrete supercell development was conditional but could produce hail and a tornado before storms clustered along the front.
2019-10-20,ENH,mixed_discrete_to_qlcs_outbreak,none,high,qlcs_bowing_wind_tornado,cold_front|warm_front|discrete_supercells|qlcs|bow_echo|tornadoes|damaging_wind,cold front|pre-frontal confluence band|warm sector,conditional warm-sector supercells|squall line|LEWP/QLCS,tornadoes|damaging wind|large hail,cap_conditional|mode_transition|nocturnal_evolution,"Eastern Oklahoma, northeast Texas, Arkansas, and southern Missouri had an evening and overnight all-hazards setup. A conditional warm-sector supercell risk existed before a faster-moving squall line/LEWP became the main damaging-wind and brief tornado threat."
2019-10-31,ENH,qlcs_bowing_wind_tornado,none,high,mixed_discrete_to_qlcs_outbreak,cold_front|bow_echo|qlcs|significant_wind|tornadoes|widespread_wind_damage|mode_transition,strong cold front|Blue Ridge lee trough|pre-frontal warm sector,band/line of storms|QLCS|brief supercells,widespread damaging wind|tornadoes,mode_transition|instability_recovery,"A strong line of storms advanced steadily east across the Appalachians and Mid-Atlantic on Halloween. The main hazards were scattered to widespread damaging winds and a few tornadoes, including risk near the Washington D.C. corridor as storms intensified east of the Blue Ridge."
2019-11-26,ENH,classic_discrete_tornadic_supercells,none,high,mixed_discrete_to_qlcs_outbreak,cold_front|dryline|discrete_supercells|qlcs|tornadoes|damaging_wind|cap_conditional,lower/mid Mississippi Valley warm sector|pre-frontal confluence band|cold front,isolated supercells|broken line|clusters,tornadoes|damaging wind,cap_conditional|storm_coverage_uncertain|mode_transition,"The lower to mid Mississippi Valley had a cool-season severe setup with isolated supercells and later line segments. Tornadoes and damaging wind were the primary concerns, with uncertainty tied to elevated convection and warm-sector realization."
2019-12-16,MDT,classic_discrete_tornadic_supercells,possible,high,mixed_discrete_to_qlcs_outbreak|qlcs_bowing_wind_tornado,cold_front|outflow_boundary|discrete_supercells|strong_tornadoes|qlcs|damaging_wind|mode_transition,Gulf States warm sector|cold front|pre-frontal confluence/outflow,supercells|line of thunderstorms|embedded circulations,strong tornadoes|damaging wind|hail,mode_transition|boundary_interaction|nocturnal_evolution,The Gulf States and Tennessee Valley had a significant cool-season tornado and damaging-wind event. Early supercells in Louisiana produced strong to potentially intense tornado signatures before the risk shifted toward a cold-frontal line and more marginal overnight severe threat eastward.
2020-01-10,MDT,derecho_or_serial_mcs_wind,possible,high,mixed_discrete_to_qlcs_outbreak|dryline_supercell_hail_tornado,cold_front|dryline|warm_front|discrete_supercells|qlcs|mcs|bow_echo|significant_wind|strong_tornadoes|very_large_hail|mode_transition|nocturnal_evolution,advancing cold front|dryline/pre-frontal confluence|warm-sector low-level jet|baroclinic zone,early elevated and surface-based supercells|broken convective line|bowing QLCS|pre-squall supercells,widespread damaging wind|QLCS and supercell tornadoes|large to very large hail,mode_transition|nocturnal_evolution|cap_conditional|storm_coverage_uncertain,"The day began with elevated hail storms and conditional warm-sector supercells, then rapidly evolved into a long nocturnal squall line from Texas/Oklahoma into the lower Mississippi Valley. Damaging wind became the primary hazard, with embedded QLCS tornadoes and some pre-line supercell tornado potential in the strongest shear."
2020-01-11,ENH,qlcs_bowing_wind_tornado,core,high,derecho_or_serial_mcs_wind|mixed_discrete_to_qlcs_outbreak,qlcs|bow_echo|mcs|cold_front|strong_tornadoes|qlcs_tornadoes|significant_wind|widespread_wind_damage|mode_transition|instability_recovery,ongoing squall-line gust front|strong front|warm-sector moisture surge|low-level jet,long-lived squall line|QLCS mesovortices|embedded supercells|LEWP/bow segments,damaging wind|QLCS tornadoes|isolated strong tornadoes,instability_recovery|mode_transition|boundary_interaction|mcs_timing,"The previous night's southern Plains MCS carried east into the Southeast as an intense QLCS. SPC focused the Enhanced Risk on damaging winds and embedded tornadoes, with a conditional strong-tornado corridor where instability recovered ahead of the line in Alabama."
2020-02-05,ENH,mixed_discrete_to_qlcs_outbreak,none,high,warm_front_baroclinic_tornado|qlcs_bowing_wind_tornado,cold_front|warm_front|prefrontal_trough|discrete_supercells|mixed_mode|qlcs|strong_tornadoes|large_hail|significant_wind|mode_transition,surface low and warm front|pre-frontal confluence|cold front|low-level jet,supercells|bowing segments|line segments|clusters,tornadoes|damaging wind|large hail,mode_transition|instability_recovery|storm_coverage_uncertain,"Severe storms developed from the lower Mississippi Valley into the Southeast in a strongly sheared warm sector. The event mixed discrete supercells, bowing segments, and lines, producing a tornado and damaging-wind threat with large hail in the stronger cells."
2020-02-06,ENH,qlcs_bowing_wind_tornado,possible,high,mixed_discrete_to_qlcs_outbreak|southeast_multicell_or_clusters,cold_front|qlcs|bow_echo|mixed_mode|qlcs_tornadoes|significant_wind|mode_transition|instability_recovery,cold front|prefrontal warm sector|wedge/front zone|convective line gust front,dominant squall line|QLCS|embedded circulations|remaining discrete storms,damaging wind|tornadoes|isolated hail,mode_transition|instability_recovery|boundary_interaction,"The severe threat shifted across the Gulf Coast states and Carolinas with a prefrontal/cold-frontal convective line. SPC expected the line to dominate, with tornado potential greatest in any remaining discrete cells or QLCS mesovortices."
2020-03-12,ENH,mixed_discrete_to_qlcs_outbreak,possible,medium,warm_front_baroclinic_tornado|qlcs_bowing_wind_tornado,warm_front|cold_front|discrete_supercells|cluster_supercells|qlcs|very_large_hail|qlcs_tornadoes|significant_wind|mode_transition,warm front|cold front|baroclinic zone|low-level jet,supercells|clusters|bowing line segments|line-embedded circulations,large hail|damaging wind|tornadoes,mode_transition|instability_recovery|storm_coverage_uncertain,"Storms formed from the Ozarks into the Tennessee and Ohio Valleys near a warm front and approaching cold front. The event featured supercells early, then clusters and bowing segments with damaging wind and embedded tornado potential."
2020-03-13,ENH,high_plains_upslope_supercells,none,medium,warm_front_baroclinic_tornado|conditional_capped_supercells,stationary_front|upslope|terrain_circulation|discrete_supercells|very_large_hail|tornadoes|cap_conditional|storm_coverage_uncertain,synoptic front|cool-side baroclinic zone|weak upslope flow|higher terrain,discrete supercells|isolated supercells|elevated to near-surface-based storms,very large hail|tornadoes|damaging wind,cap_conditional|storm_coverage_uncertain|moisture_quality,"The Permian Basin and southeast New Mexico risk centered on supercells forming near and just north of a frontal/baroclinic zone. Very large hail was the dominant hazard, with a conditional tornado threat where storms could become rooted near the boundary."
2020-03-18,ENH,dryline_supercell_hail_tornado,likely,high,ofb_differential_heating_supercells|mixed_discrete_to_qlcs_outbreak,dryline|outflow_boundary|effective_boundary|discrete_supercells|very_large_hail|strong_tornadoes|mode_transition|boundary_interaction|cap_conditional,dryline|old outflow boundary|effective warm front|surface low,discrete supercells|cyclic supercells|clusters|later bowing segments,very large hail|tornadoes|damaging wind,ofb_placement|boundary_interaction|cap_conditional|mode_transition,"Southern Plains storms initiated along the dryline in a strongly unstable, sheared air mass. The highest tornado and hail potential depended on dryline storms interacting with an old outflow/effective boundary before later clustering."
2020-03-19,ENH,multi_region_multi_mode,possible,medium,warm_front_baroclinic_tornado|mixed_discrete_to_qlcs_outbreak,warm_front|cold_front|dryline|mixed_mode|discrete_supercells|qlcs|very_large_hail|tornadoes|significant_wind|prior_convection,warm front|cold front|dryline|baroclinic zone,supercells|clusters|line segments|bowing storms,large hail|damaging wind|tornadoes,prior_convection|instability_recovery|mode_transition|storm_coverage_uncertain,"This was a broad central U.S. severe day with multiple corridors from the Plains into the mid Mississippi and Ohio Valleys. Supercells near warm-frontal and dryline/frontal zones coexisted with clusters and line segments, making the main risk multi-mode and spatially messy."
2020-03-24,ENH,ofb_differential_heating_supercells,core,high,warm_front_baroclinic_tornado|classic_discrete_tornadic_supercells,warm_front|outflow_boundary|effective_boundary|differential_heating_boundary|discrete_supercells|strong_tornadoes|large_hail|boundary_interaction|instability_recovery,rain-reinforced boundary|residual rain-cooled boundary|surface cyclone|warm front,discrete supercells|low-topped supercells|elevated early storms,tornadoes|large hail|damaging wind,instability_recovery|boundary_interaction|ofb_placement|storm_coverage_uncertain,"Tennessee Valley severe potential focused along and south of a rain-reinforced boundary as a surface cyclone approached. The main severe window involved supercells near the boundary, including a strong-tornado risk near the Alabama/Tennessee border."
2020-03-28,MDT,classic_discrete_tornadic_supercells,possible,high,mixed_discrete_to_qlcs_outbreak|warm_front_baroclinic_tornado,warm_front|cold_front|discrete_supercells|cyclic_supercells|strong_tornadoes|very_large_hail|significant_wind|mode_transition|instability_recovery,warm front|surface low|cold front|prefrontal confluence,discrete supercells|clusters|later QLCS/bowing segments,strong tornadoes|large hail|damaging wind,instability_recovery|mode_transition|storm_coverage_uncertain|moisture_quality,SPC forecast a Midwest severe-weather outbreak with significant tornado potential near the warm sector and warm front. The main uncertainty was whether clouds and precipitation would limit instability before supercells matured and later evolved into clusters or a line.
2020-03-31,ENH,qlcs_bowing_wind_tornado,none,high,southeast_multicell_or_clusters|mixed_discrete_to_qlcs_outbreak,cold_front|prefrontal_trough|qlcs|bow_echo|mixed_mode|qlcs_tornadoes|significant_wind|mode_transition,cold front|prefrontal band|warm-advection zone,line with bowing segments|embedded supercells|clusters,damaging wind|tornadoes|isolated hail,mode_transition|instability_recovery|storm_coverage_uncertain,"The Southeast severe threat centered on a line and embedded cells from Alabama and Georgia into Florida. Damaging winds were the primary hazard, with tornado potential tied to stronger embedded or semi-discrete storms in the warm-advection regime."
2020-04-07,ENH,mixed_discrete_to_qlcs_outbreak,possible,medium,forward_propagating_mcs_wind|northwest_flow_mcs,cold_front|mcs|bow_echo|cluster_supercells|very_large_hail|significant_wind|tornadoes|mode_transition|mcs_timing,cold front|surface low/frontal zone|instability gradient,supercells|organized clusters|evolving MCS|bowing segments,large to very large hail|damaging wind|tornadoes,mode_transition|mcs_timing|storm_coverage_uncertain,"Severe storms developed across the southern Great Lakes and Ohio Valley with a mix of supercells, clusters, and an evolving convective system. Large hail was prominent early, with damaging wind increasing as storms organized upscale."
2020-04-08,ENH,multi_region_multi_mode,likely,medium,forward_propagating_mcs_wind|qlcs_bowing_wind_tornado,cold_front|dryline|outflow_boundary|mcs|qlcs|bow_echo|very_large_hail|significant_wind|widespread_wind_damage|mode_transition,cold front|dryline|prefrontal trough|outflow/differential-heating boundaries,supercells|clusters|QLCS|MCS/bowing segments,damaging wind|large hail|tornadoes,prior_convection|mode_transition|boundary_interaction|mcs_timing,"A broad severe day spanned the Mississippi, Ohio, and Tennessee Valleys with multiple storm corridors and modes. The highest-confidence hazards were damaging winds and large hail, including significant wind potential as clusters and QLCS segments matured."
2020-04-09,ENH,conditional_capped_supercells,possible,medium,southeast_multicell_or_clusters|cold_front_supercell_hail_wind,stationary_front|cold_front|cluster_supercells|very_large_hail|significant_wind|cap_conditional|prior_convection|storm_coverage_uncertain,slowing/stalling cold front|instability axis|remnant MCV influence east of the main risk,isolated supercells|clusters|line segments,very large hail|damaging wind|isolated tornado,cap_conditional|prior_convection|storm_coverage_uncertain|instability_recovery,"The main Enhanced corridor over south Texas depended on storms forming near a slowing front in a strongly unstable air mass. Very large hail and severe wind were the main hazards, with convective coverage and capping remaining key uncertainties."
2020-04-11,ENH,dryline_supercell_hail_tornado,possible,high,mixed_discrete_to_qlcs_outbreak|elevated_nocturnal_hail_mcs,dryline|cold_front|discrete_supercells|cluster_supercells|very_large_hail|strong_tornadoes|significant_wind|mode_transition|nocturnal_evolution,dryline/lee trough|Edwards Plateau terrain|cold front|low-level jet,intense supercells|clusters|upscale-growing MCS,very large hail|tornadoes|damaging wind,cap_conditional|mode_transition|nocturnal_evolution|storm_coverage_uncertain,"Severe storms were expected to initiate over the southern Plains and Edwards Plateau as intense supercells with all hazards. SPC then anticipated upscale growth into a broader cluster/MCS overnight, shifting the hazard mix toward wind as the event matured."
2020-04-12,MDT,high_end_tornado_outbreak,core,high,mixed_discrete_to_qlcs_outbreak|mcv_mcs_outflow_reintensification,prefrontal_trough|warm_front|mcs|discrete_supercells|cyclic_supercells|qlcs|strong_tornadoes|violent_tornado_possible|widespread_wind_damage|very_large_hail|mode_transition,ongoing MCS/cold pool|prefrontal confluence band|baroclinic zone|surface cyclone and low-level jet,ongoing MCS|semi-discrete tornadic supercells|broken prefrontal band|QLCS/bowing clusters,strong to violent tornadoes|widespread damaging wind|large hail,prior_convection|instability_recovery|mode_transition|mcs_timing|boundary_interaction,"The Easter outbreak involved multiple severe episodes from the lower Mississippi Valley into the Southeast. An ongoing MCS and later prefrontal supercells produced strong to violent tornadoes, widespread damaging winds, and large hail in a strongly sheared, rapidly recovering warm sector."
2020-04-13,ENH,qlcs_bowing_wind_tornado,core,high,derecho_or_serial_mcs_wind|mixed_discrete_to_qlcs_outbreak,qlcs|bow_echo|mcs|cold_front|qlcs_tornadoes|significant_wind|widespread_wind_damage|mode_transition,prefrontal squall line|cold front|low-level jet|coastal warm sector,mature squall line|bowing segments|embedded circulations,damaging wind|QLCS tornadoes,mcs_timing|instability_recovery|mode_transition,"The severe threat continued across the East Coast as a mature prefrontal squall line moved through a strongly sheared warm sector. Damaging winds were the dominant hazard, with tornadoes possible in embedded QLCS circulations."
2020-04-19,MDT,high_end_tornado_outbreak,core,high,ofb_differential_heating_supercells|mixed_discrete_to_qlcs_outbreak,warm_front|outflow_boundary|effective_boundary|mcs|discrete_supercells|qlcs|strong_tornadoes|violent_tornado_possible|very_large_hail|widespread_wind_damage|boundary_interaction,convectively reinforced warm front|outflow boundary|baroclinic zone|low-level jet,supercells|clusters|MCS|squall line|embedded mesovortices,strong to violent tornadoes|damaging wind|large hail,ofb_placement|boundary_interaction|mode_transition|prior_convection,"Multiple rounds of severe storms crossed the Deep South with tornadoes, wind, and hail. The highest tornado potential focused along and south of convectively reinforced warm-front/outflow boundaries, while clusters and lines also produced damaging wind."
2020-04-20,ENH,qlcs_bowing_wind_tornado,likely,high,mcv_mcs_outflow_reintensification|southeast_multicell_or_clusters,cold_front|qlcs|mcs|bow_echo|qlcs_tornadoes|significant_wind|instability_recovery|mode_transition,ongoing convective line|cold front|coastal warm sector,intense line|QLCS|embedded mesovortices,damaging wind|tornadoes,mcs_timing|instability_recovery|mode_transition,"The prior day's Deep South system continued into the eastern Carolinas, southeast Georgia, and Florida. The main risk came from an intense line with embedded tornado and damaging-wind potential as it encountered remaining warm-sector instability."
2020-04-22,ENH,dryline_supercell_hail_tornado,possible,high,mixed_discrete_to_qlcs_outbreak|warm_front_baroclinic_tornado,dryline|warm_front|cold_front|discrete_supercells|cluster_supercells|strong_tornadoes|very_large_hail|significant_wind|mode_transition|nocturnal_evolution,dryline|warm front|cold front|surface low,discrete supercells|clusters|overnight organizing line/MCS,large to very large hail|tornadoes|damaging wind,mode_transition|nocturnal_evolution|cap_conditional|boundary_interaction,Central/eastern Oklahoma into north/east Texas and Louisiana had a supercell all-hazards setup along the dryline and warm front. Tornado and large-hail risk was greatest with discrete storms before convection congealed into clusters and a more linear overnight threat.
2020-04-23,ENH,mcv_mcs_outflow_reintensification,core,high,qlcs_bowing_wind_tornado|southeast_multicell_or_clusters,mcs|outflow_boundary|qlcs|bow_echo|cluster_supercells|qlcs_tornadoes|significant_wind|prior_convection|instability_recovery|mcs_timing,leading MCS/outflow|effective warm-sector boundary|cold front,fast-moving cluster/MCS|QLCS|embedded supercells,damaging wind|tornadoes|large hail,prior_convection|instability_recovery|mcs_timing|mode_transition,"The Southeast risk was messy and strongly modulated by a leading convective complex. Severe potential depended on how the MCS and its outflow evolved, with damaging wind and tornado threats in fast-moving clusters and QLCS segments."
2020-04-24,ENH,mixed_discrete_to_qlcs_outbreak,possible,medium,dryline_supercell_hail_tornado|qlcs_bowing_wind_tornado,cold_front|dryline|discrete_supercells|qlcs|very_large_hail|tornadoes|significant_wind|mode_transition|nocturnal_evolution,cold front|prefrontal confluence/dryline|surface low|low-level jet,discrete supercells|line along front|clusters,very large hail|damaging wind|tornadoes,mode_transition|storm_coverage_uncertain|nocturnal_evolution,"Severe storms developed from southeast Oklahoma into the ArkLaTex as discrete supercells before organizing into a line along the front. Very large hail and damaging wind were prominent, with tornadoes possible in the more sustained supercells."
2020-04-28,MDT,derecho_or_serial_mcs_wind,likely,high,qlcs_bowing_wind_tornado|mixed_discrete_to_qlcs_outbreak,cold_front|mcs|qlcs|bow_echo|widespread_wind_damage|significant_wind|very_large_hail|qlcs_tornadoes|mode_transition|prior_convection,cold front|morning convective outflow|instability axis|low-level jet,maturing squall line|bowing MCS|embedded supercells/mesovortices,widespread damaging wind|large hail|tornadoes,prior_convection|mcs_timing|mode_transition|instability_recovery,"The Ozarks and southern Plains event transitioned toward a mature squall line with a broad significant-wind corridor. Tornado and hail threats existed, but the dominant forecast signal and observed evolution were damaging winds from bowing MCS/QLCS segments."
2020-05-03,ENH,forward_propagating_mcs_wind,core,high,qlcs_bowing_wind_tornado|derecho_or_serial_mcs_wind,mcs|bow_echo|cold_pool|qlcs|significant_wind|widespread_wind_damage|hail|qlcs_tornadoes|mcs_timing,MCS cold pool|instability gradient|outflow/gust front,fast-moving bow echo|organized cluster|QLCS,damaging wind|large hail|brief tornado,mcs_timing|cold_pool|instability_recovery,"A fast-moving bow echo/cluster crossed the Ozarks toward the Tennessee and Ohio Valleys. Damaging wind was the clear primary hazard, with hail and a brief tornado risk in stronger embedded structures."
2020-05-04,ENH,mixed_discrete_to_qlcs_outbreak,likely,medium,warm_front_baroclinic_tornado|forward_propagating_mcs_wind,cold_front|dryline|warm_front|outflow_boundary|discrete_supercells|mcs|very_large_hail|strong_tornadoes|significant_wind|mode_transition,cold front|dryline/triple point|warm front|residual convective boundaries,supercells|clusters|lines/MCS,large to very large hail|damaging wind|tornadoes,prior_convection|boundary_interaction|mode_transition|cap_conditional,Severe potential extended from eastern Oklahoma and the Ozarks into the Tennessee and Kentucky region with multiple clusters and frontal storms. Supercells offered hail and a conditional strong-tornado threat before modes became more clustered or linear.
2020-05-07,ENH,dryline_supercell_hail_tornado,none,high,conditional_capped_supercells|elevated_nocturnal_hail_mcs,dryline|cold_front|discrete_supercells|giant_hail|very_large_hail|significant_wind|mcs|cap_conditional|mode_transition|nocturnal_evolution,dryline|cold front|surface low/trough,intense supercells|elevated storms|nocturnal squall line,giant hail|damaging wind|tornadoes,cap_conditional|mode_transition|nocturnal_evolution,"Texas Panhandle and southwest Oklahoma storms began as intense dryline supercells with very large to giant hail. Later, convection organized into a nocturnal squall line with a greater damaging-wind threat across Oklahoma."
2020-05-13,ENH,dryline_supercell_hail_tornado,possible,medium,forward_propagating_mcs_wind|mixed_discrete_to_qlcs_outbreak,dryline|cold_front|discrete_supercells|mcs|very_large_hail|significant_wind|mode_transition|nocturnal_evolution|cold_pool,dryline|cold front|outflow/cold pool from storms|low-level jet,dryline storms|supercells|linear MCS|clusters,damaging wind|large to very large hail,mode_transition|cold_pool|nocturnal_evolution|storm_coverage_uncertain,"West Texas and western Oklahoma storms initiated near the dryline with hail and severe downdraft potential. The threat evolved toward a more linear MCS, making damaging wind increasingly dominant overnight."
2020-05-15,ENH,multi_region_multi_mode,likely,medium,forward_propagating_mcs_wind|warm_front_baroclinic_tornado,cold_front|warm_front|mcs|outflow_boundary|remnant_mcv|discrete_supercells|qlcs|very_large_hail|significant_wind|tornadoes|prior_convection,cold front|warm front|convective outflow|MCV/shortwave,supercells|MCSs|linear clusters|multicell clusters,damaging wind|large hail|tornadoes,prior_convection|mcv_track|mcs_timing|mode_transition,"The day featured multiple severe corridors, including a Northeast frontal threat and southern Plains/Ozarks MCS potential. Hazards varied by region, with damaging wind and hail most widespread and tornado potential near warm-front or stronger supercell zones."
2020-05-20,ENH,high_plains_upslope_supercells,possible,medium,multi_region_multi_mode|mixed_discrete_to_qlcs_outbreak,upslope|dryline|cold_front|terrain_circulation|discrete_supercells|cluster_supercells|very_large_hail|significant_wind|tornadoes|mode_transition,upslope flow|dryline/triple point|baroclinic zone|terrain circulations,High Plains supercells|clusters|upscale growth,large hail|damaging wind|tornadoes,storm_coverage_uncertain|mode_transition|moisture_quality,"Severe potential was spread across the High Plains from eastern Wyoming and South Dakota to west Texas. Upslope and dryline/frontal forcing favored supercells with hail, wind, and tornado potential before some upscale clustering."
2020-05-22,ENH,mcv_mcs_outflow_reintensification,core,high,ofb_differential_heating_supercells|forward_propagating_mcs_wind,outflow_boundary|cold_pool|remnant_mcv|mcs|discrete_supercells|cluster_supercells|very_large_hail|significant_wind|prior_convection|ofb_placement,expansive cold pool/outflow boundary|remnant outflow boundary|instability gradient|low-level jet,supercells near outflow|clusters|long-lived MCS,large to very large hail|damaging wind|tornadoes,ofb_placement|prior_convection|instability_recovery|boundary_interaction,"North Texas, southern Oklahoma, and the Ozarks were strongly modulated by a morning MCS cold pool and remnant outflow boundary. Severe storms near and north of the boundary produced supercell hail/tornado potential and later damaging-wind clusters."
2020-05-23,ENH,multi_region_multi_mode,possible,medium,warm_front_baroclinic_tornado|dryline_supercell_hail_tornado,cold_front|warm_front|dryline|discrete_supercells|cluster_supercells|mixed_mode|very_large_hail|tornadoes|significant_wind|storm_coverage_uncertain,surface low/cold front|warm front|dryline|instability axis,supercells|clusters|line segments,large hail|damaging wind|tornadoes,storm_coverage_uncertain|mode_transition|boundary_interaction,"Severe risk occurred in several regions, including eastern Iowa/northern Illinois/southern Wisconsin and parts of the Plains. Supercells and clusters along frontal and dryline boundaries produced hail, wind, and a few tornadoes."
2020-05-27,ENH,northwest_flow_mcs,possible,medium,southeast_multicell_or_clusters|mixed_discrete_to_qlcs_outbreak,mcs|outflow_boundary|cluster_supercells|mixed_mode|very_large_hail|significant_wind|mode_transition|storm_coverage_uncertain,northwest-flow impulses|outflow/cold-pool boundaries|instability axis,clusters|supercells|forward-propagating storm clusters,large to very large hail|damaging wind|isolated tornado,mcs_timing|storm_coverage_uncertain|mode_transition,"Central Texas had a cluster/supercell severe setup under northwest flow near an upper low. Very large hail and damaging winds were favored, with the event depending on how storms clustered and propagated."
2020-05-30,ENH,forward_propagating_mcs_wind,none,high,high_plains_upslope_supercells|high_based_mountain_mcs,terrain_circulation|mcs|bow_echo|cluster_supercells|significant_wind|very_large_hail|tornadoes|mode_transition,Cascades/terrain circulations|lee trough|instability corridor,high-based supercells|organized MCS east of the Cascades|bowing clusters,damaging wind|large hail|isolated tornado,mode_transition|storm_coverage_uncertain|moisture_quality,The interior Pacific Northwest had an unusual organized severe setup east of the Cascades. High-based storms were expected to organize into an MCS with damaging wind and hail as the primary hazards.
2020-06-02,ENH,forward_propagating_mcs_wind,none,high,qlcs_bowing_wind_tornado|mixed_discrete_to_qlcs_outbreak,cold_front|mcs|bow_echo|qlcs|significant_wind|widespread_wind_damage|very_large_hail|mode_transition,cold front|instability gradient|strong midlevel flow,organized line/MCS|bowing segments|clusters,damaging wind|large hail,mode_transition|mcs_timing|storm_coverage_uncertain,"Upper Midwest storms organized along a front and moved toward Wisconsin and Michigan as an MCS/line. Damaging to significant wind was the main hazard, accompanied by large hail in stronger storms."
2020-06-03,ENH,mcv_mcs_outflow_reintensification,core,high,forward_propagating_mcs_wind|qlcs_bowing_wind_tornado,remnant_mcv|outflow_boundary|mcs|bow_echo|qlcs|significant_wind|widespread_wind_damage|prior_convection|mcv_track|instability_recovery,MCV-enhanced impulse|outflow from prior MCS|differential heating corridor,reintensifying MCS|bowing line segments|clusters,damaging wind|large hail|brief tornado,mcv_track|prior_convection|instability_recovery|mcs_timing,A remnant MCV/outflow from the prior night's Lake Michigan MCS drove a Mid-Atlantic damaging-wind corridor. This was a classic reintensification case where the convective remnant and heating controlled storm placement and wind potential.
2020-06-04,ENH,multi_region_multi_mode,possible,medium,high_plains_upslope_supercells|mcv_mcs_outflow_reintensification,cold_front|outflow_boundary|remnant_mcv|discrete_supercells|cluster_supercells|mcs|very_large_hail|significant_wind|tornadoes|prior_convection,baroclinic zone|upslope/front corridor|MCV/outflow in southern/eastern regions,supercells|clusters|line segments|MCV-related convection,large to very large hail|damaging wind|tornadoes,prior_convection|mcv_track|storm_coverage_uncertain|mode_transition,"The day included several severe regimes, with an Enhanced hail/supercell focus in South Dakota and additional outflow/MCV-influenced storms farther south/east. Hail and wind were the dominant hazards, with tornado potential in the better-organized supercells."
2020-06-06,MDT,derecho_or_serial_mcs_wind,core,high,forward_propagating_mcs_wind|high_plains_upslope_supercells,mcs|derecho|bow_echo|cold_pool|significant_wind|widespread_wind_damage|very_large_hail|tornadoes|mcs_timing,terrain/High Plains initiation zone|instability corridor|MCS cold pool|low-level jet,supercells transitioning to derecho|bowing MCS|QLCS,widespread destructive wind|large hail|tornadoes,mcs_timing|mode_transition|cold_pool|storm_coverage_uncertain,"A central Rockies to northern Plains severe setup produced a long-lived damaging-wind MCS/derecho. Initial severe storms evolved into a fast-moving bowing convective system with widespread significant winds, plus hail and some tornado potential."
2020-06-07,ENH,mixed_discrete_to_qlcs_outbreak,possible,medium,high_plains_upslope_supercells|tropical_cyclone_tornado_rainbands,cold_front|outflow_boundary|discrete_supercells|qlcs|cluster_supercells|very_large_hail|significant_wind|tornadoes|mode_transition|tropical,front/outflow boundary|High Plains lee trough|Cristobal rainband environment,supercells|clusters|QLCS|tropical rainband cells,large hail|damaging wind|tornadoes,mode_transition|boundary_interaction|storm_coverage_uncertain|moisture_quality,"The northern Plains had supercells capable of all severe hazards before clusters and QLCS structures developed. A separate tropical-cyclone tornado risk from Cristobal affected the Gulf Coast, making the day multi-regime."
2020-06-08,ENH,multi_region_multi_mode,none,medium,warm_front_baroclinic_tornado|tropical_cyclone_tornado_rainbands,cold_front|warm_front|tropical|discrete_supercells|cluster_supercells|strong_tornadoes|very_large_hail|significant_wind|storm_coverage_uncertain,Plains front/warm front|surface low|Cristobal rainbands,Plains supercells|clusters|tropical mini-supercells,tornadoes|large hail|damaging wind,storm_coverage_uncertain|moisture_quality|mode_transition,"Central and northern Plains supercells near frontal boundaries shared the day with a Cristobal-related tornado threat in the lower Mississippi/Tennessee Valley region. Tornadoes, hail, and wind were all possible, but the regimes were distinct."
2020-06-09,ENH,multi_region_multi_mode,none,medium,warm_front_baroclinic_tornado|tropical_cyclone_tornado_rainbands,cold_front|warm_front|tropical|discrete_supercells|cluster_supercells|strong_tornadoes|very_large_hail|significant_wind|mode_transition,central Plains front|warm-sector boundary|remnants of Cristobal,supercells|clusters|tropical-remnant rotating storms,large hail|tornadoes|damaging wind,storm_coverage_uncertain|mode_transition|moisture_quality,"Central Plains and Missouri Valley supercells near frontal boundaries coincided with a separate Midwest tornado threat tied to Cristobal's remnants. The severe character was multi-region, with hail and tornadoes emphasized over a single coherent MCS boundary regime."
2020-06-10,MDT,qlcs_bowing_wind_tornado,core,high,derecho_or_serial_mcs_wind|tropical_cyclone_tornado_rainbands,qlcs|mcs|bow_echo|cold_front|tropical|significant_wind|widespread_wind_damage|qlcs_tornadoes|mode_transition,squall-line gust front|strong cold front|Cristobal-remnant low/upper system,squall line|bowing QLCS|embedded circulations,widespread damaging wind|tornadoes|large hail,mcs_timing|mode_transition|instability_recovery,"A regional severe-wind outbreak unfolded from the Midwest into the Ohio Valley as a squall line raced east. Damaging winds were the dominant hazard, with tornado and hail potential embedded within the QLCS and strong background shear."
2020-06-21,MDT,forward_propagating_mcs_wind,core,high,mcv_mcs_outflow_reintensification|derecho_or_serial_mcs_wind,mcs|outflow_boundary|cold_pool|bow_echo|remnant_mcv|significant_wind|widespread_wind_damage|very_large_hail|mcs_timing|instability_recovery,ongoing MCS cold pool|outflow boundary|instability gradient|low-level jet,slow-moving MCS|bow echo|clusters|embedded supercells,damaging wind|large hail|tornadoes,mcs_timing|cold_pool|instability_recovery|ofb_placement,"A Plains MCS and associated outflow/cold pool dominated the severe setup. The system produced a significant damaging-wind risk as it bowed southeastward, with hail and a conditional tornado threat in stronger embedded storms."
2020-06-26,ENH,mcv_mcs_outflow_reintensification,core,high,qlcs_bowing_wind_tornado|forward_propagating_mcs_wind,remnant_mcv|outflow_boundary|mcs|qlcs|bow_echo|significant_wind|qlcs_tornadoes|large_hail|prior_convection|mcv_track,MCV-enhanced shortwave|outflow boundary|cold front/instability gradient,organized line segment|bowing QLCS|clusters,damaging wind|large hail|brief tornado,mcv_track|prior_convection|instability_recovery|mcs_timing,"An MCV/shortwave from overnight convection helped focus a severe corridor from Iowa/Illinois toward the southern Great Lakes. The main mode became organized lines and bows with damaging wind, hail, and brief tornado potential."
2020-07-07,ENH,forward_propagating_mcs_wind,none,high,qlcs_bowing_wind_tornado|derecho_or_serial_mcs_wind,cold_front|mcs|bow_echo|qlcs|significant_wind|widespread_wind_damage|large_hail|tornadoes|mcs_timing,cold front|instability corridor|MCS cold pool,mature squall line|bowing MCS|embedded circulations,damaging wind|large hail|isolated tornado,mcs_timing|mode_transition|storm_coverage_uncertain,"Northern Plains storms organized into a mature squall line/MCS from Montana toward the Dakotas and Minnesota. Damaging wind became the dominant hazard, with hail and isolated tornado potential in stronger segments."
2020-07-08,ENH,mcv_mcs_outflow_reintensification,core,high,forward_propagating_mcs_wind|ofb_differential_heating_supercells,outflow_boundary|mcs|remnant_mcv|cold_pool|bow_echo|significant_wind|large_hail|tornadoes|prior_convection|ofb_placement,old outflow from long-lived MCS|cold front|upslope/frontal zone,supercells near boundaries|clusters|MCS/bow,damaging wind|large hail|tornadoes,ofb_placement|prior_convection|instability_recovery|mode_transition,"Central Plains and Upper Midwest severe potential was strongly shaped by remnants of a prior MCS. Storms redeveloped near old outflow and frontal zones, with wind, hail, and a tornado risk where boundaries locally enhanced shear."
2020-07-10,ENH,multi_region_multi_mode,likely,medium,ofb_differential_heating_supercells|conditional_capped_supercells,cold_front|dryline|outflow_boundary|discrete_supercells|cluster_supercells|mcs|very_large_hail|significant_wind|tornadoes|boundary_interaction,cold front/dryline/outflow intersection|warm sector instability|residual outflow,supercells|clusters|small MCSs,damaging wind|large hail|tornadoes,boundary_interaction|ofb_placement|cap_conditional|storm_coverage_uncertain,"Northern and central Plains severe potential involved multiple boundaries and storm corridors. Supercells and clusters were possible near the front/dryline/outflow intersection, producing hail, damaging wind, and tornado potential."
2020-07-11,ENH,northwest_flow_mcs,possible,medium,mixed_discrete_to_qlcs_outbreak|forward_propagating_mcs_wind,cold_front|mcs|bow_echo|cluster_supercells|significant_wind|large_hail|very_large_hail|mode_transition|mcs_timing,front in northwest flow|instability gradient|low-level jet,clusters|supercells|squall line/MCS,damaging wind|large hail,mcs_timing|mode_transition|storm_coverage_uncertain,"The severe corridor from southeast Kansas/northern Oklahoma into Missouri and Arkansas was a northwest-flow cluster/MCS setup. Large hail was possible early, but severe gusts became increasingly important as storms clustered and organized."
2020-07-13,ENH,multi_region_multi_mode,possible,medium,forward_propagating_mcs_wind|mcv_mcs_outflow_reintensification,cold_front|outflow_boundary|remnant_mcv|mcs|bow_echo|cluster_supercells|significant_wind|large_hail|prior_convection|mcv_track,Upper Midwest front|Arklatex MCV/outflow|instability gradient,convective line|clusters|MCS/bow|supercells,damaging wind|large hail,mcv_track|mcs_timing|mode_transition|storm_coverage_uncertain,"The day included an Upper Midwest damaging-wind threat and a separate MCV/outflow-driven southern threat. Because severe corridors differed by forcing and mode, the overall classification is multi-region and multi-mode."
2020-07-15,ENH,mcv_mcs_outflow_reintensification,core,high,ofb_differential_heating_supercells|forward_propagating_mcs_wind,remnant_mcv|outflow_boundary|cold_pool|mcs|qlcs|bow_echo|significant_wind|large_hail|tornadoes|prior_convection|mcv_track,MCV from overnight MCSs|outflow-reinforced boundary|cold pool/front|southern High Plains outflow front,clusters|line segments|supercells near boundaries|MCS,damaging wind|large hail|tornadoes,mcv_track|ofb_placement|prior_convection|instability_recovery,"A Mid-Mississippi Valley MCV/outflow setup drove the primary severe risk. Convection redeveloped near cold-pool/frontal boundaries with damaging wind, hail, and tornado potential, while additional outflow-reinforced storms affected the southern High Plains."
2020-07-17,MDT,derecho_or_serial_mcs_wind,core,high,forward_propagating_mcs_wind|qlcs_bowing_wind_tornado,mcs|bow_echo|qlcs|cold_pool|significant_wind|widespread_wind_damage|large_hail|tornadoes|mcs_timing,MCS cold pool|instability gradient|front/low-level jet corridor,organized MCS|bowing segments|embedded mesovortices|supercells early,widespread damaging wind|large hail|tornadoes,mcs_timing|mode_transition|cold_pool,"The northern Plains and Upper Midwest had a significant MCS wind setup. SPC emphasized bowing segments and embedded mesovortices, with widespread damaging wind as the lead hazard and hail/tornado risk embedded within the system."
2020-07-18,ENH,ofb_differential_heating_supercells,likely,high,mixed_discrete_to_qlcs_outbreak|forward_propagating_mcs_wind,outflow_boundary|warm_front|cold_front|discrete_supercells|cluster_supercells|mcs|very_large_hail|tornadoes|significant_wind|ofb_placement,weakening outflow boundary|front/warm sector|instability gradient,supercells near boundary|clusters|MCS/bowing line,large hail|damaging wind|tornadoes,ofb_placement|boundary_interaction|mode_transition|instability_recovery,The Upper Midwest/Great Lakes setup featured a frontal zone modified by a residual outflow boundary. Supercells near the boundary posed hail and tornado threats before clustering and wind potential increased.
2020-08-04,ENH,tropical_cyclone_tornado_rainbands,none,high,high_plains_upslope_supercells|multi_region_multi_mode,tropical|warm_front|discrete_supercells|tornadoes|strong_tornadoes|moisture_quality|storm_coverage_uncertain,Isaias rainbands|tropical cyclone warm sector|central High Plains lee/frontal zone,tropical mini-supercells|rainband supercells|isolated High Plains supercell,tornadoes|isolated large hail|damaging wind,storm_coverage_uncertain|moisture_quality|boundary_interaction,"Isaias drove the main Enhanced tornado risk from the Delmarva into New England. A separate central High Plains hail threat existed, but the day's defining regime was tropical-cyclone rainband supercells."
2020-08-08,ENH,forward_propagating_mcs_wind,likely,high,qlcs_bowing_wind_tornado|high_plains_upslope_supercells,warm_front|mcs|bow_echo|cold_pool|significant_wind|large_hail|mcs_timing|mode_transition,warm front|MCS cold pool|instability gradient,supercells evolving into MCS|bowing segment|clusters,damaging wind|large hail,mcs_timing|mode_transition|cold_pool,"Western Nebraska into South Dakota and Minnesota had a supercell-to-MCS severe-wind setup. The event evolved toward bowing structures, with damaging wind the leading hazard and large hail in stronger initial storms."
2020-08-10,MDT,derecho_or_serial_mcs_wind,core,high,forward_propagating_mcs_wind|mcv_mcs_outflow_reintensification,derecho|mcs|bow_echo|cold_pool|remnant_mcv|significant_wind|widespread_wind_damage|mcs_timing|cold_pool,ongoing derecho MCS|MCS cold pool|rear-inflow jet|instability gradient,derecho|bow echo|mature MCS,widespread destructive wind|large hail,mcs_timing|cold_pool|model_guidance_mismatch,"The Iowa derecho was the dominant convective event of the day. A mature, fast-moving MCS produced widespread significant to destructive wind, with the forecast and MDs focused on the derecho corridor."
2020-08-13,ENH,elevated_nocturnal_hail_mcs,possible,medium,multi_region_multi_mode|forward_propagating_mcs_wind,warm_front|cold_front|elevated_convection|mcs|cluster_supercells|very_large_hail|significant_wind|nocturnal_evolution|mcs_timing,low-level jet|warm-advection zone|front/lee trough,elevated clusters|supercells|organized storm clusters,large hail|damaging wind,nocturnal_evolution|mcs_timing|storm_coverage_uncertain|cap_conditional,"Northern Great Plains severe potential focused on nocturnal elevated clusters and supercells in a warm-advection regime. Large hail was favored initially, with damaging wind possible as storms organized into clusters."
2020-08-14,ENH,ofb_differential_heating_supercells,likely,high,mixed_discrete_to_qlcs_outbreak|warm_front_baroclinic_tornado,outflow_boundary|warm_front|cold_front|discrete_supercells|cluster_supercells|very_large_hail|tornadoes|significant_wind|prior_convection|ofb_placement,morning storm outflow|outflow-reinforced boundary|cold front|warm sector,supercells|clusters|line segments,large hail|damaging wind|tornadoes,prior_convection|ofb_placement|instability_recovery|boundary_interaction,"Minnesota to Kansas severe potential was strongly affected by morning convection and its outflow. Supercells and clusters along the modified boundary and front produced hail, damaging wind, and a tornado corridor where low-level shear was enhanced."
2020-08-25,ENH,cold_front_multicell_wind,possible,high,qlcs_bowing_wind_tornado|forward_propagating_mcs_wind,cold_front|prefrontal_trough|mcs|bow_echo|pulse_multicell|significant_wind|prior_convection|instability_recovery|storm_coverage_uncertain,cold front|prefrontal trough|storm outflow|diurnal instability corridor,multicell clusters|short line segments|weak MCS/bowing segments,damaging wind|isolated hail,storm_coverage_uncertain|instability_recovery|prior_convection|mode_transition,"The Mid-Atlantic and Northeast had a damaging-wind day along and ahead of a cold front. Multicell clusters and line segments were the main modes, with some MCS organization but limited tornado focus."
2020-08-26,ENH,tropical_cyclone_tornado_rainbands,none,high,multi_region_multi_mode|conditional_capped_supercells,tropical|discrete_supercells|tornadoes|strong_tornadoes|low_cape_high_shear|nocturnal_evolution|moisture_quality,Hurricane Laura rainbands|Laura track/eastern semicircle|tropical moisture gradient,low-topped supercells|embedded rainband cells|outer-band convection,tornadoes|damaging wind,nocturnal_evolution|moisture_quality|storm_coverage_uncertain,Hurricane Laura produced an increasing nighttime tornado threat across Louisiana and far east Texas. The main severe mode was low-topped supercells embedded in outer rainbands within rapidly strengthening low-level shear.
2020-08-27,ENH,multi_region_multi_mode,likely,medium,forward_propagating_mcs_wind|warm_front_baroclinic_tornado|tropical_cyclone_tornado_rainbands,warm_front|cold_front|outflow_boundary|mcs|bow_echo|discrete_supercells|very_large_hail|significant_wind|tornadoes|tropical|mode_transition,Northeast warm front|northern Plains stalled front|outflow-reinforced front|Laura rainbands,Northeast supercells/bows|High Plains supercells|bowing MCS|tropical rainband cells,damaging wind|large to very large hail|tornadoes,mode_transition|mcs_timing|boundary_interaction|storm_coverage_uncertain,"This day had three distinct severe regimes: Northeast warm-front storms, northern Plains supercells evolving into a severe MCS, and Laura-related tornadoes. The late-day northern Plains MCS became a significant wind producer, while the Northeast corridor had hail/wind/tornado threats near the warm front."
2020-08-28,ENH,multi_region_multi_mode,likely,medium,mcv_mcs_outflow_reintensification|tropical_cyclone_tornado_rainbands|qlcs_bowing_wind_tornado,cold_front|warm_front|outflow_boundary|mcs|qlcs|tropical|discrete_supercells|significant_wind|large_hail|tornadoes|prior_convection,associated outflow boundary|cold front|Laura remnant circulation|warm front,supercells|line segments|squall lines|tropical mini-supercells,damaging wind|large hail|tornadoes,prior_convection|ofb_placement|instability_recovery|mode_transition|mcv_track,"Upper Mississippi Valley and southern Great Lakes severe storms developed near a cold front and associated outflow boundary, while Laura's remnants produced a Mid-South/Tennessee Valley tornado threat. Additional Mid-Atlantic and central Plains storms made the day broad and multi-mode."
2020-09-03,ENH,mixed_discrete_to_qlcs_outbreak,none,high,warm_front_baroclinic_tornado|qlcs_bowing_wind_tornado,prefrontal_trough|cold_front|differential_heating_boundary|sea_breeze|discrete_supercells|bow_echo|tornadoes|significant_wind|mode_transition|instability_recovery,prefrontal trough|cloud-edge differential heating|cold front|sea-breeze/cool marine boundary,initial supercells|clusters|bowing segments|low-topped line in Michigan,damaging wind|tornadoes,instability_recovery|mode_transition|storm_coverage_uncertain,"The Mid-Atlantic severe corridor developed east of thicker clouds in a strongly sheared but weak-lapse-rate environment. Initially discrete supercells carried the greatest tornado risk, with later clusters and bowing segments producing damaging wind swaths toward the coast."
2020-09-05,ENH,elevated_nocturnal_hail_mcs,core,high,forward_propagating_mcs_wind|mcv_mcs_outflow_reintensification,warm_front|outflow_boundary|effective_boundary|elevated_convection|mcs|cluster_supercells|very_large_hail|significant_wind|nocturnal_evolution|cold_pool,warm front|low-level jet nose|storm outflow/effective cold front|elevated mixed layer,elevated supercells|clusters|bowing segment|cold-pool-dominant MCS,very large hail|damaging wind,nocturnal_evolution|cold_pool|mcs_timing|ofb_placement,"Southern Minnesota and Iowa had a nocturnal elevated severe setup on the nose of a strengthening low-level jet. Very large hail was favored with initial elevated supercells, then damaging wind increased as outflow and cold-pool-dominant clusters surged southeast."
2020-12-24,ENH,mixed_discrete_to_qlcs_outbreak,none,high,qlcs_bowing_wind_tornado|warm_front_baroclinic_tornado,cold_front|warm_front|prefrontal_trough|discrete_supercells|qlcs|low_cape_high_shear|qlcs_tornadoes|tornadoes|significant_wind|mode_transition,warm front/marine boundary layer|cold front|prefrontal confluence bands|surface low,semi-discrete warm-sector supercells|prefrontal bands|well-organized convective line|QLCS,tornadoes|damaging wind,instability_recovery|moisture_quality|mode_transition|storm_coverage_uncertain,"The Carolinas and Mid-Atlantic had a Christmas Eve high-shear, modest-instability severe setup. Semi-discrete warm-sector storms could produce tornadoes before a more organized frontal QLCS brought damaging wind and line-embedded tornado potential."
2020-12-31,ENH,warm_front_baroclinic_tornado,none,high,mixed_discrete_to_qlcs_outbreak|qlcs_bowing_wind_tornado,warm_front|cold_front|surface_low|discrete_supercells|qlcs|low_cape_high_shear|tornadoes|significant_wind|cap_conditional|nocturnal_evolution,developing surface cyclone|warm front|surging cold front|upper Texas coast baroclinic zone,discrete supercells|short line segments|pre-cold-frontal band,tornadoes|damaging wind|isolated large hail,cap_conditional|moisture_quality|nocturnal_evolution|storm_coverage_uncertain,"Severe thunderstorms developed from the upper Texas coast into Louisiana, Mississippi, and Alabama as a surface cyclone tracked north along a frontal zone. Tornadoes and damaging winds were the main hazards with supercells and short line segments in a modest-CAPE but strongly sheared warm sector."
2021-02-15,ENH,warm_front_baroclinic_tornado,none,high,qlcs_bowing_wind_tornado|southeast_multicell_or_clusters,warm_front|cold_front|prefrontal_trough|discrete_supercells|qlcs|strong_tornadoes|significant_wind|moisture_quality,deepening Gulf Coast cyclone|inland-moving warm front|sharp cold front|prefrontal confluence bands,semi-discrete supercells|convective band|coastal supercells,tornadoes|damaging wind|isolated hail,warm front inland advance|coastal instability|storm coverage uncertain|nocturnal Carolinas evolution,"A Gulf Coast cyclone pulled the warm sector into the Florida Panhandle and south Georgia, favoring tornado-capable supercells and damaging wind along the front and prefrontal bands. The threat later became more coastal and conditional into north Florida and the Carolinas as storms encountered marginal surface-based instability."
2021-03-13,MDT,dryline_supercell_hail_tornado,possible,high,classic_discrete_tornadic_supercells|conditional_capped_supercells,dryline|warm_front|discrete_supercells|cyclic_supercells|very_large_hail|strong_tornadoes|cap_conditional|mode_transition,dryline|surface cyclone|retreating warm front|cold front farther west,discrete supercells|semi-discrete supercells|later clusters or line segments,tornadoes|very large hail|damaging wind,low clouds after early storms|dryline timing|cap conditional|mode transition,The day centered on southern High Plains dryline supercells from west Texas into western Oklahoma and southwest Kansas. The most intense storms produced strong tornado potential and very large hail before storm interactions and nocturnal evolution reduced confidence later in the evening.
2021-03-16,ENH,elevated_nocturnal_hail_mcs,possible,medium,mixed_discrete_to_qlcs_outbreak|conditional_capped_supercells,dryline|cold_front|warm_front|elevated_convection|mcs|large_hail|nocturnal_evolution|cap_conditional,dryline|cold front|warm front|nocturnal low-level jet,elevated hail storms|supercells where surface-based|clusters|line segments,large hail|damaging wind|isolated tornadoes,cap conditional|surface-based transition|nocturnal evolution|storm coverage uncertain,Severe storms expanded overnight from the southern Great Plains toward the Ark-La-Miss with significant hail and damaging wind as the primary hazards. Tornado risk was conditional on storms becoming surface based in the strongly sheared warm sector.
2021-03-17,HIGH,high_end_tornado_outbreak,possible,high,classic_discrete_tornadic_supercells|mixed_discrete_to_qlcs_outbreak,warm_front|cold_front|discrete_supercells|cyclic_supercells|qlcs|strong_tornadoes|violent_tornado_possible|mode_transition|nocturnal_evolution,warm front reinforced by morning convection|prefrontal trough|cold front|strengthening low-level jet,discrete supercells|broken band of supercells|embedded supercells in MCS|late QLCS,strong to violent tornadoes|damaging wind|very large hail,prior convection|warm front placement|mode transition|nocturnal evolution,"A long-duration Deep South tornado outbreak unfolded with multiple rounds of supercells from Louisiana and Arkansas into Mississippi and Alabama. The evening trend included upscale growth, but discrete and semi-discrete storms remained capable of significant tornadoes well into the night."
2021-03-18,MDT,warm_front_baroclinic_tornado,possible,medium,southeast_multicell_or_clusters|mixed_discrete_to_qlcs_outbreak,warm_front|cold_front|discrete_supercells|cluster_supercells|mixed_mode|strong_tornadoes|model_guidance_mismatch|instability_recovery,warm front from Georgia into the Carolinas|cold front|southern Appalachian lee trough influence,clustered supercells|semi-discrete storms|line segments,tornadoes|damaging wind|large hail,instability recovery|warm front placement|storm coverage uncertain|trend downgrade,The early moderate risk targeted eastern Georgia through the Carolinas and southeast Virginia for all hazards along and south of a warm front. Later outlooks downgraded to enhanced as the greatest threat became more confined to the central and eastern Carolinas with clustered convection.
2021-03-24,ENH,elevated_nocturnal_hail_mcs,none,high,conditional_capped_supercells|dryline_supercell_hail_tornado,cold_front|warm_front|elevated_convection|cluster_supercells|very_large_hail|damaging_wind|nocturnal_evolution|storm_coverage_uncertain,southern Plains front|warm-advection zone|nocturnal low-level jet,elevated supercells|thunderstorm clusters|embedded supercells,very large hail|damaging wind|isolated tornadoes,cap conditional|nocturnal evolution|storm coverage uncertain|hail corridor placement,"The enhanced risk was a nocturnal southern Plains to Ark-La-Tex hail and wind event with isolated tornado potential. Storms developed and consolidated into clusters while still retaining supercell hail production, especially over central Texas."
2021-03-25,HIGH,high_end_tornado_outbreak,none,high,classic_discrete_tornadic_supercells|mixed_discrete_to_qlcs_outbreak,warm_front|cold_front|discrete_supercells|cyclic_supercells|very_large_hail|strong_tornadoes|violent_tornado_possible|mode_transition,warm front lifting north|surface low|prefrontal confluence|cold front,long-tracked supercells|cyclic tornadic supercells|later clusters,strong to violent tornadoes|very large hail|damaging wind,storm initiation timing|warm front position|cell interference|evening trend downgrade,"A high-risk Southeast tornado outbreak focused from Mississippi into Alabama and Tennessee with long-track supercells and violent tornado potential. By 0100Z the categorical risk had been downgraded, but MDs still tracked tornadic supercells and a lingering tornado corridor into Georgia."
2021-03-27,ENH,mixed_discrete_to_qlcs_outbreak,likely,high,qlcs_bowing_wind_tornado|dryline_supercell_hail_tornado,cold_front|warm_front|outflow_boundary|mixed_mode|qlcs|very_large_hail|strong_tornadoes|significant_wind|prior_convection,cold front|warm front|outflow from morning convection|low-level jet,supercells|clusters|squall line|bowing segments,damaging wind|very large hail|tornadoes,prior_convection|ofb_placement|mode_transition|nocturnal_evolution,"Severe storms spread from the Ark-La-Tex across the Mid South and Tennessee Valley with all hazards. Early clusters evolved into a broader supercell and QLCS regime, with damaging wind and strong tornado potential persisting overnight."
2021-03-28,ENH,qlcs_bowing_wind_tornado,possible,high,southeast_multicell_or_clusters|multi_region_multi_mode,cold_front|outflow_boundary|qlcs|bow_echo|mixed_mode|significant_wind|qlcs_tornadoes|instability_recovery,advancing cold front|prefrontal rain band|remnant convective boundary,squall line|linear convection|shallow convective band,damaging wind|isolated tornadoes|marginal hail,instability_recovery|cloud cover|northward extent|line intensity,The event was mainly a cold-frontal damaging-wind day from the Carolinas into the Mid-Atlantic. Tornado potential was secondary and focused where enough destabilization occurred ahead of the frontal rain band.
2021-04-07,ENH,mixed_discrete_to_qlcs_outbreak,possible,high,qlcs_bowing_wind_tornado|southeast_multicell_or_clusters,cold_front|prefrontal_trough|discrete_supercells|mixed_mode|qlcs|large_hail|qlcs_tornadoes|mode_transition,cold front|surface low|prefrontal trough|shortwave forcing,initial discrete supercells|evolving squall line|line segments,damaging wind|tornadoes|large hail,cap_conditional|mode_transition|storm coverage uncertain|instability_recovery,"A lower Mississippi Valley and Mid-South event began with discrete or semi-discrete storms and trended toward squall-line organization. Wind damage was the leading hazard, with tornadoes and hail embedded in a messy frontal convective mode."
2021-04-09,MDT,derecho_or_serial_mcs_wind,core,high,qlcs_bowing_wind_tornado|mixed_discrete_to_qlcs_outbreak,dryline|cold_front|warm_front|outflow_boundary|mcs|qlcs|widespread_wind_damage|qlcs_tornadoes|mode_transition,dryline and cold front|warm sector recovery|outflow from prior convection|low-level jet,MCS|bowing line segments|embedded supercells|QLCS,widespread damaging wind|tornadoes|large hail,prior_convection|mcs_timing|mode_transition|nocturnal_evolution,"This was a lower Mississippi Valley severe-wind/MCS day with all hazards extending from eastern Oklahoma and east Texas into the Mid-South and Alabama. Tornadoes were possible within the QLCS and any embedded or preceding supercells, but the moderate risk was driven by a swath of damaging wind."
2021-04-10,ENH,qlcs_bowing_wind_tornado,likely,high,southeast_multicell_or_clusters|forward_propagating_mcs_wind,mcs|qlcs|bow_echo|cold_pool|significant_wind|qlcs_tornadoes|prior_convection|instability_recovery,remnant Gulf Coast MCS|convective cold pool|effective frontal zone,MCS|bowing segments|embedded circulations,damaging wind|tornadoes|hail,mcs_timing|instability_recovery|coastal instability|storm coverage uncertain,"The enhanced risk followed a Gulf Coast MCS/QLCS from southeast Louisiana toward the Florida Panhandle, Alabama, and western Georgia. Damaging wind was the main hazard, with brief tornadoes possible in stronger embedded circulations."
2021-04-11,ENH,southeast_multicell_or_clusters,likely,medium,qlcs_bowing_wind_tornado|ofb_differential_heating_supercells,outflow_boundary|sea_breeze|mcs|cluster_supercells|pulse_multicell|significant_wind|qlcs_tornadoes|instability_recovery,southward-moving boundary|sea-breeze interactions|remnant outflow,multicell clusters|line segments|transient supercells,damaging wind|isolated tornadoes|isolated hail,ofb_placement|diurnal destabilization|storm coverage uncertain|southward propagation,"Central Florida carried the main enhanced risk as storms intensified in a moist, unstable air mass along mesoscale boundaries. The main concern was damaging wind, with a tornado or two and isolated hail possible in stronger clusters or transient supercells."
2021-04-23,ENH,mixed_discrete_to_qlcs_outbreak,possible,high,dryline_supercell_hail_tornado|elevated_nocturnal_hail_mcs,dryline|cold_front|warm_front|outflow_boundary|discrete_supercells|mixed_mode|very_large_hail|qlcs_tornadoes|nocturnal_evolution,dryline|cold front|warm front|outflow boundary|low-level jet,supercells|clusters|QLCS segments,large to very large hail|damaging wind|tornadoes,cap_conditional|nocturnal_evolution|mode_transition|boundary_interaction,"Severe storms developed from the southern Plains toward the lower Mississippi Valley with hail, wind, and tornado risk. The event included a transition from supercells to more clustered or linear convection overnight, especially into Mississippi and Alabama."
2021-04-24,ENH,southeast_multicell_or_clusters,likely,medium,qlcs_bowing_wind_tornado|mcv_mcs_outflow_reintensification,outflow_boundary|warm_front|mcs|cluster_supercells|mixed_mode|large_hail|qlcs_tornadoes|flash_flood_overlap,remnant MCS/outflow|Gulf Coast warm sector|warm front|cold front,clusters|embedded supercells|line segments,large hail|damaging wind|tornadoes,prior_convection|outflow placement|instability recovery|storm coverage uncertain,"Severe storms persisted across the Gulf Coast states, with a secondary corridor from northern Alabama into Tennessee and Georgia. The risk was scattered and mesoscale, with clusters and embedded supercells producing hail, damaging wind, and a few tornadoes."
2021-04-28,ENH,multi_region_multi_mode,likely,medium,dryline_supercell_hail_tornado|mixed_discrete_to_qlcs_outbreak,dryline|cold_front|warm_front|outflow_boundary|mixed_mode|discrete_supercells|large_hail|qlcs_tornadoes|nocturnal_evolution,dryline|cold front|warm front|remnant outflow|low-level jet,supercells|storm clusters|line segments|elevated convection,damaging wind|large hail|tornadoes,prior_convection|boundary_interaction|mode_transition|nocturnal_evolution,"The day had a broad, multi-region severe risk from Texas toward the Ohio Valley, with the greatest coverage from central/southern Texas into southeast Oklahoma. Storm mode varied by region, including dryline supercells, clusters, and nocturnal line segments."
2021-05-02,ENH,multi_region_multi_mode,possible,medium,warm_front_baroclinic_tornado|high_plains_upslope_supercells,cold_front|warm_front|discrete_supercells|mixed_mode|large_hail|strong_tornadoes|significant_wind|storm_coverage_uncertain,warm front and moist axis in the Southeast|central Plains front|surface low/trough,Southeast supercells|High Plains severe storms|clusters,tornadoes|large hail|damaging wind,instability recovery|storm coverage uncertain|multi-region timing|boundary placement,"This was a split severe day, with evening tornado potential across Mississippi and western Alabama and hail/wind over western and central Kansas. The regional hazards and forcing differed enough that the day fits a multi-mode classification rather than one dominant regime."
2021-05-03,ENH,forward_propagating_mcs_wind,likely,high,elevated_nocturnal_hail_mcs|mixed_discrete_to_qlcs_outbreak,dryline|cold_front|warm_front|outflow_boundary|mcs|very_large_hail|significant_wind|nocturnal_evolution|mcs_timing,dryline/front|warm front|outflow boundaries|low-level jet,supercells|MCS|bowing line segments|elevated storms,damaging wind|very large hail|isolated tornadoes,prior_convection|mcs_timing|mode_transition|nocturnal_evolution,"Severe storms spread from north-central Texas through Arkansas into the lower Ohio Valley. Very large hail was favored early in Texas and Oklahoma, while an increasing nocturnal MCS wind threat became the main corridor farther east."
2021-05-04,MDT,derecho_or_serial_mcs_wind,core,high,qlcs_bowing_wind_tornado|mcv_mcs_outflow_reintensification,effective_boundary|outflow_boundary|mcs|qlcs|bow_echo|widespread_wind_damage|qlcs_tornadoes|prior_convection|mode_transition,effective cold front modulated by convection|outflow boundary|cold front|MCS cold pool,multiple quasi-linear MCSs|bowing QLCS|embedded circulations,widespread damaging wind|embedded tornadoes|hail,prior_convection|ofb_placement|mcs_timing|mode_transition,"A Deep South damaging-wind outbreak evolved from clusters into multiple quasi-linear MCSs, with a moderate risk added as the bowing line matured. Embedded QLCS tornadoes were possible, but widespread severe wind was the primary hazard."
2021-05-08,ENH,elevated_nocturnal_hail_mcs,likely,medium,warm_front_baroclinic_tornado|forward_propagating_mcs_wind,dryline|warm_front|outflow_boundary|mcs|elevated_convection|large_hail|significant_wind|nocturnal_evolution,warm front|dryline/front|nocturnal low-level jet|outflow boundary,elevated storms|supercells|overnight MCS,large hail|damaging wind|tornadoes,nocturnal_evolution|mcs_timing|boundary_interaction|storm_coverage_uncertain,"Severe storms organized at night from northern Kansas and southeast Nebraska into central Missouri. Hail and damaging wind were the main hazards, with tornado potential near the warm front and more organized storms."
2021-05-09,ENH,mixed_discrete_to_qlcs_outbreak,likely,high,dryline_supercell_hail_tornado|qlcs_bowing_wind_tornado,cold_front|outflow_boundary|discrete_supercells|mixed_mode|very_large_hail|significant_wind|qlcs_tornadoes|mode_transition,cold front|outflow boundary|moist warm sector,supercells|multicell clusters|line segments,large hail|damaging wind|tornadoes,ofb_placement|instability_recovery|mode_transition|storm coverage uncertain,"Scattered severe thunderstorms developed from central/east Texas into the lower Mississippi Valley and Mid-South. Very large hail, damaging winds, and a couple tornadoes were possible early, with damaging wind becoming more prominent as storms clustered."
2021-05-10,ENH,dryline_supercell_hail_tornado,possible,medium,conditional_capped_supercells|multi_region_multi_mode,cold_front|warm_front|outflow_boundary|discrete_supercells|giant_hail|very_large_hail|cap_conditional|storm_coverage_uncertain,south Texas boundary/front|dryline-like convergence|warm front/outflow intersection,conditional supercells|elevated storms|clusters,giant hail|damaging wind|isolated tornadoes,cap_conditional|storm_coverage_uncertain|boundary placement|late initiation,"Southern Texas carried the main enhanced risk for very large to giant hail from supercells. Damaging winds were also expected, while other regions had lower-end hail/wind concerns."
2021-05-17,MDT,ofb_differential_heating_supercells,core,high,dryline_supercell_hail_tornado|mcv_mcs_outflow_reintensification,dryline|outflow_boundary|differential_heating_boundary|discrete_supercells|mcs|very_large_hail|strong_tornadoes|cap_conditional,remnant outflow boundary|dryline|differential heating boundary|lee low,intense supercells|semi-discrete clusters|upscale-growing cluster,very large hail|tornadoes|damaging wind,ofb_placement|cap_conditional|mode_transition|nocturnal_evolution,"The moderate risk focused on west and northwest Texas where a remnant outflow boundary and dryline were expected to focus intense supercells. Very large hail was the primary hazard, with tornado and damaging-wind potential increasing where storms interacted with the boundary and later grew upscale."
2021-05-23,ENH,high_plains_upslope_supercells,possible,medium,dryline_supercell_hail_tornado|forward_propagating_mcs_wind,dryline|cold_front|warm_front|upslope|outflow_boundary|discrete_supercells|large_hail|significant_wind|mcs_timing,dryline|cold front|upslope flow|warm front|outflow boundary,High Plains supercells|clusters|evening MCS,damaging wind|large hail|tornadoes,storm coverage uncertain|mode transition|mcs_timing|boundary placement,"Scattered severe storms affected the central and northern Plains, initially as supercells before some clustering. Large hail, damaging wind, and a couple tornadoes were expected, with northwest Kansas and southwest Nebraska maintaining a stronger wind threat into evening."
2021-05-26,MDT,classic_discrete_tornadic_supercells,possible,high,dryline_supercell_hail_tornado|mixed_discrete_to_qlcs_outbreak,dryline|warm_front|cold_front|outflow_boundary|discrete_supercells|very_large_hail|strong_tornadoes|significant_wind|mode_transition,dryline|warm front|cold front|outflow boundary|central Plains surface low,discrete supercells|cyclic supercells|evening clusters,strong tornadoes|very large hail|intense damaging wind,boundary placement|cap conditional|storm interactions|mode transition,"The central Great Plains had a focused moderate-risk supercell environment with strong tornadoes, very large hail, and intense wind all possible. The tornado threat was greatest through late evening before storms became more clustered and wind-driven."
2021-05-27,ENH,mixed_discrete_to_qlcs_outbreak,likely,high,dryline_supercell_hail_tornado|forward_propagating_mcs_wind,dryline|cold_front|outflow_boundary|mcs|discrete_supercells|significant_wind|large_hail|qlcs_tornadoes|mode_transition,dryline/cold front|outflow boundary|surface trough|low-level jet,supercells|clusters|MCS|line segments,significant damaging wind|hail|tornadoes,mode_transition|mcs_timing|outflow placement|nocturnal evolution,"Severe storms continued from the southern Plains into the lower Mississippi Valley. Initial supercells carried hail and tornado potential, but significant damaging wind became a major threat as storms organized into clusters and lines."
2021-05-28,ENH,high_plains_upslope_supercells,likely,medium,mcv_mcs_outflow_reintensification|elevated_nocturnal_hail_mcs,outflow_boundary|upslope|warm_front|mcs|cluster_supercells|very_large_hail|flash_flood_overlap|nocturnal_evolution,eastern New Mexico/west Texas terrain circulation|outflow boundary|warm front|low-level jet,terrain-initiated supercells|clusters|MCS,very large hail|damaging wind|tornadoes,mcs_timing|ofb_placement|storm coverage uncertain|nocturnal_evolution,The enhanced risk extended from eastern New Mexico and west Texas into south-central and southeast Texas. Supercells initially favored very large hail before clusters and MCS segments increased the damaging-wind threat overnight.
2021-06-08,ENH,high_plains_upslope_supercells,possible,medium,dryline_supercell_hail_tornado|forward_propagating_mcs_wind,warm_front|outflow_boundary|upslope|discrete_supercells|mcs|very_large_hail|significant_wind|strong_tornadoes,northern High Plains lee trough|upslope flow|warm front|outflow boundary,High Plains supercells|clusters|squall line,very large hail|severe wind|tornadoes,storm coverage uncertain|mode transition|boundary placement|nocturnal evolution,"Severe storms focused across the northern High Plains during the evening and night. Supercells and clusters were expected to produce very large hail, severe wind gusts, and a couple tornadoes."
2021-06-10,MDT,mixed_discrete_to_qlcs_outbreak,likely,high,dryline_supercell_hail_tornado|derecho_or_serial_mcs_wind,dryline|cold_front|warm_front|outflow_boundary|discrete_supercells|mcs|very_large_hail|significant_wind|mode_transition,surface low|dryline|cold front|warm front|outflow boundaries,initial supercells|organized convective complexes|squall lines|embedded supercells,significant damaging wind|very large hail|tornadoes,cap_conditional|mode_transition|mcs_timing|nocturnal evolution,"The northern and central Plains had a moderate risk for all hazards, with early supercells over eastern Montana and the Dakotas transitioning into organized convective complexes. Significant wind became increasingly important overnight, while tornado and giant-hail threats were tied to the early discrete phase."
2021-06-11,ENH,forward_propagating_mcs_wind,core,high,derecho_or_serial_mcs_wind|elevated_nocturnal_hail_mcs,cold_front|warm_front|outflow_boundary|mcs|bow_echo|widespread_wind_damage|significant_wind|mcs_timing|nocturnal_evolution,cold front|warm front|outflow from prior convection|low-level jet,MCS|bowing line segments|clusters|elevated storms,damaging wind|large hail,mcs_timing|cold_pool|nocturnal_evolution|instability recovery,"A significant nocturnal wind event was expected across eastern Kansas, western Missouri, and north-central/northeast Oklahoma. Large hail accompanied the strongest storms, but damaging wind with the MCS was the primary hazard."
2021-06-17,ENH,mixed_discrete_to_qlcs_outbreak,likely,medium,forward_propagating_mcs_wind|warm_front_baroclinic_tornado,cold_front|outflow_boundary|discrete_supercells|mcs|bow_echo|significant_wind|strong_tornadoes|very_large_hail|mode_transition,cold front|warm-sector boundary|outflow boundary|low-level jet,supercells|clusters|bowing MCS,significant damaging wind|tornadoes|large hail,ofb_placement|mode_transition|mcs_timing|nocturnal_evolution,"Severe storms were expected from southern Minnesota and Wisconsin into northern Iowa and Illinois. The environment supported tornadoes and baseball-size hail early, with damaging wind gusts over 75 mph possible as storms organized."
2021-06-18,ENH,mcv_mcs_outflow_reintensification,likely,medium,forward_propagating_mcs_wind|elevated_nocturnal_hail_mcs,outflow_boundary|mcs|warm_front|cluster_supercells|mixed_mode|large_hail|significant_wind|instability_recovery|prior_convection,remnant outflow|MCS-related boundaries|warm-sector instability gradient,clusters|MCS|embedded supercells,large hail|damaging wind|isolated tornadoes,prior_convection|instability_recovery|ofb_placement|mode_transition,"Scattered severe storms persisted across the Ohio Valley and mid Mississippi Valley during the evening and part of the overnight. Hail and damaging wind were primary, with isolated tornado risk where boundary-layer recovery and shear overlapped."
2021-06-19,ENH,multi_region_multi_mode,likely,medium,forward_propagating_mcs_wind|tropical_cyclone_tornado_rainbands,cold_front|warm_front|outflow_boundary|mcs|bow_echo|tropical|significant_wind|qlcs_tornadoes|mcs_timing,central Plains frontal zone|MCS cold pool|remnants of Claudette|warm front,Plains MCS|bowing segments|tropical rainband cells|clusters,damaging wind|isolated tornadoes|hail,mcs_timing|multi-region evolution|tropical moisture|nocturnal evolution,The day combined a central Plains damaging-wind MCS with a separate tornado risk tied to the remnants of Claudette. This multi-regime setup produced common damaging winds in the Plains and lower-probability tornadoes in the Southeast.
2021-06-20,ENH,mcv_mcs_outflow_reintensification,core,high,forward_propagating_mcs_wind|tropical_cyclone_tornado_rainbands,remnant_mcv|outflow_boundary|warm_front|mcs|qlcs|mixed_mode|significant_wind|qlcs_tornadoes|mcv_track|prior_convection,MCV from prior MCS|outflow boundary|warm front|cold front|Claudette circulation,MCV-aided storms|MCS|supercells|QLCS|tropical rainband cells,damaging wind|large hail|tornadoes,mcv_track|prior_convection|ofb_placement|instability_recovery|model_guidance_mismatch,"A messy but potentially significant MCV/MCS regime affected the Midwest and lower Great Lakes, while Claudette added a separate Southeast tornado component. Forecast confidence was limited by prior convection, outflow placement, and whether storms would bow or remain more supercellular."
2021-06-21,ENH,qlcs_bowing_wind_tornado,possible,medium,mixed_discrete_to_qlcs_outbreak|cold_core_low_cape,cold_front|warm_front|mixed_mode|qlcs|bow_echo|significant_wind|large_hail|qlcs_tornadoes,cold front|prefrontal trough|warm-sector instability gradient,line segments|clusters|embedded supercells,damaging wind|severe hail|isolated tornadoes,instability_recovery|storm coverage uncertain|line intensity|northern extent,"Scattered severe storms developed from the upper Ohio Valley and Mid-Atlantic into northern New England. Damaging wind was the main concern, with sporadic hail and a couple tornadoes possible in stronger clusters or line segments."
2021-06-23,ENH,elevated_nocturnal_hail_mcs,possible,medium,forward_propagating_mcs_wind|northwest_flow_mcs,cold_front|mcs|elevated_convection|cluster_supercells|large_hail|significant_wind|nocturnal_evolution|storm_coverage_uncertain,central Plains cold front|low-level jet|theta-e advection corridor,evening storms|elevated clusters|MCS,damaging wind|large hail,storm_coverage_uncertain|mcs_timing|nocturnal_evolution|cap_conditional,"Severe storms remained possible across parts of the central Plains and Upper Midwest, with wind and hail the main threats. The event leaned nocturnal and conditional, depending on storm development along the front and later organization."
2021-06-24,ENH,forward_propagating_mcs_wind,core,high,mixed_discrete_to_qlcs_outbreak|warm_front_baroclinic_tornado,dryline|cold_front|warm_front|outflow_boundary|mcs|bow_echo|significant_wind|qlcs_tornadoes|mcs_timing,Kansas-Missouri frontal zone|warm front|outflow boundary|low-level jet,supercells|bowing MCS|line segments,severe wind|large hail|isolated tornadoes,mcs_timing|ofb_placement|mode_transition|nocturnal_evolution,"A corridor of severe thunderstorm winds was expected from Kansas into northern and central Missouri. A few tornadoes and large hail were possible, especially near northeast Kansas, northern Missouri, and southern Iowa before the wind-focused MCS matured."
2021-06-30,ENH,qlcs_bowing_wind_tornado,possible,high,southeast_multicell_or_clusters|ofb_differential_heating_supercells,cold_front|outflow_boundary|differential_heating_boundary|mixed_mode|qlcs|bow_echo|significant_wind|instability_recovery,cold front|prefrontal trough|outflow/differential heating boundary,clusters|line segments|bowing storms,damaging wind|marginal hail,instability_recovery|storm coverage uncertain|line intensity|cloud cover,"The enhanced risk was a Northeast and central Appalachians damaging-wind day from eastern Ohio into Pennsylvania, New York, and New England. Storms were mostly clusters and line segments along the front, with hail a secondary concern."
2021-07-08,ENH,multi_region_multi_mode,possible,medium,high_plains_upslope_supercells|tropical_cyclone_tornado_rainbands,cold_front|outflow_boundary|upslope|discrete_supercells|very_large_hail|significant_wind|tropical|qlcs_tornadoes,northern Great Plains upslope/front|outflow boundary|Elsa circulation along the East Coast,High Plains supercells|clusters|tropical rainband cells,very large hail|severe wind|brief tornadoes,multi-region evolution|storm coverage uncertain|tropical track|nocturnal persistence,"The enhanced risk mainly covered northern Great Plains supercells capable of very large hail and severe gusts, with persistence into the night. A separate Elsa-related brief tornado threat affected the eastern seaboard, especially southeast Virginia and near the New Jersey coast."
2021-07-09,ENH,northwest_flow_mcs,likely,high,forward_propagating_mcs_wind|elevated_nocturnal_hail_mcs,cold_front|warm_front|outflow_boundary|mcs|bow_echo|large_hail|significant_wind|nocturnal_evolution|mcs_timing,central/northern Plains frontal zone|outflow boundary|nocturnal low-level jet,MCS|clusters|embedded supercells,damaging wind|large hail|isolated tornadoes,mcs_timing|outflow placement|nocturnal evolution|storm coverage uncertain,Storms with wind damage and large hail moved from the central and northern Plains into the mid and upper Mississippi Valley. A lower-end tornado threat existed near the lower to mid Missouri Valley as the nocturnal system organized.
2021-07-10,ENH,forward_propagating_mcs_wind,core,high,northwest_flow_mcs|multi_region_multi_mode,cold_front|outflow_boundary|mcs|bow_echo|derecho|significant_wind|large_hail|mcs_timing,central Oklahoma to Ozarks MCS cold pool|outflow boundary|southern Arizona terrain outflows,forward-propagating MCS|bowing line|multicell clusters,damaging wind|hail,mcs_timing|cold_pool|southern flank propagation|multi-region evolution,"Severe wind was expected from central Oklahoma to the Ozarks as an organized convective system moved southeast. Additional severe storms in southern Arizona made the day multi-region, but the primary enhanced signal was the Plains/Ozarks wind MCS."
2021-07-13,ENH,high_plains_upslope_supercells,possible,medium,northwest_flow_mcs|multi_region_multi_mode,outflow_boundary|upslope|terrain_circulation|mcs|discrete_supercells|large_hail|significant_wind|storm_coverage_uncertain,High Plains terrain circulations|lee trough/front|outflow boundaries,High Plains supercells|clusters|MCS spreading east,severe wind|large hail|brief tornado,storm_coverage_uncertain|mcs_timing|eastward persistence|multi-region evolution,"The enhanced risk focused from southern Montana through Wyoming into the Black Hills for severe wind and hail. Some activity was expected to spread east into South Dakota and Nebraska overnight, while a separate lower-end Northeast risk included a brief tornado possibility."
2021-07-14,ENH,mixed_discrete_to_qlcs_outbreak,likely,high,warm_front_baroclinic_tornado|forward_propagating_mcs_wind,cold_front|warm_front|outflow_boundary|mcs|mixed_mode|strong_tornadoes|significant_wind|large_hail|mode_transition,warm front|cold front|outflow boundaries|low-level jet,supercells|clusters|MCS|line segments,tornadoes|damaging wind|hail,prior_convection|warm front placement|mode_transition|mcs_timing,"The enhanced risk focused on the Upper Midwest where a few tornadoes, damaging winds, and hail were likely. Storms included supercell structures near boundaries and later clusters or lines as convection sagged east-southeast."
2021-07-26,ENH,elevated_nocturnal_hail_mcs,likely,medium,northwest_flow_mcs|forward_propagating_mcs_wind,warm_front|outflow_boundary|mcs|elevated_convection|bow_echo|large_hail|significant_wind|nocturnal_evolution,warm front|outflow boundary|nocturnal low-level jet|instability gradient,elevated supercells|bowing structures|clusters,large hail|damaging wind|isolated tornadoes,nocturnal_evolution|mcs_timing|storm coverage uncertain|boundary placement,"The main enhanced risk was overnight from eastern North Dakota into northern Wisconsin. Supercells and bowing structures were expected, producing large hail and damaging winds with a lower tornado threat."
2021-07-28,MDT,derecho_or_serial_mcs_wind,core,high,forward_propagating_mcs_wind|northwest_flow_mcs,cold_front|warm_front|outflow_boundary|mcs|derecho|bow_echo|widespread_wind_damage|significant_wind|mcs_timing,warm front|cold front|MCS cold pool|outflow boundaries,MCS|bow echo|embedded supercells|line segments,widespread damaging wind|large hail|isolated tornadoes,mcs_timing|cold_pool|prior_convection|line intensity,"A moderate-risk severe-wind corridor extended from northeastern Minnesota across Wisconsin into southwest Lower Michigan. The setup favored an organized MCS with occasional significant wind damage, while hail and isolated tornadoes were secondary."
2021-07-29,ENH,qlcs_bowing_wind_tornado,likely,medium,ofb_differential_heating_supercells|southeast_multicell_or_clusters,cold_front|outflow_boundary|qlcs|bow_echo|mixed_mode|significant_wind|qlcs_tornadoes|instability_recovery,cold front|outflow boundary|differential heating corridor,line segments|clusters|embedded supercells,damaging wind|tornadoes,instability_recovery|outflow placement|storm coverage uncertain|line intensity,Damaging thunderstorm winds and a tornado or two were possible from the Ohio Valley and central Appalachians into the Mid-Atlantic. Mesoscale boundaries helped focus stronger line segments and the late New Jersey tornado threat.
2021-08-10,ENH,forward_propagating_mcs_wind,likely,medium,northwest_flow_mcs|elevated_nocturnal_hail_mcs,warm_front|outflow_boundary|mcs|bow_echo|cluster_supercells|significant_wind|large_hail|mcs_timing,warm front/instability gradient|outflow boundary|MCS cold pool,MCS|clusters|line segments|embedded supercells,damaging wind|large hail,mcs_timing|prior_convection|instability_recovery|line intensity,"Severe storms affected the Upper Midwest and Great Lakes, with wind damage and isolated large hail as the main hazards. Additional marginal wind corridors extended from the central Plains to the Ohio Valley and Mid-Atlantic, but the enhanced focus was the northern MCS regime."
2021-08-11,ENH,forward_propagating_mcs_wind,core,high,northwest_flow_mcs|mcv_mcs_outflow_reintensification,cold_front|outflow_boundary|mcs|bow_echo|widespread_wind_damage|large_hail|prior_convection|mcs_timing,cold front|outflow boundaries|MCS cold pool|instability gradient,MCS|bowing lines|clusters|embedded supercells,damaging wind|large hail|isolated tornadoes,prior_convection|mcs_timing|outflow placement|instability recovery,"Severe storms remained likely across Wisconsin, Illinois, and Lower Michigan with damaging wind the main impact. Prior convection and outflow boundaries influenced timing and placement as storms organized into MCS/line segments."
2021-08-12,ENH,qlcs_bowing_wind_tornado,possible,high,southeast_multicell_or_clusters|mcv_mcs_outflow_reintensification,cold_front|outflow_boundary|mcs|qlcs|cluster_supercells|significant_wind|flash_flood_overlap|prior_convection,cold front|outflow boundary|prefrontal trough|Northeast instability corridor,clusters|line segments|multicells,damaging wind|marginal hail,prior_convection|instability_recovery|storm coverage uncertain|line intensity,"The enhanced risk centered on Northeast storm clusters producing damaging winds. A lower-end hail and wind threat persisted from northern Kansas to the Ohio Valley, but the primary event was clustered convection in the Northeast."
2021-08-17,ENH,tropical_cyclone_tornado_rainbands,none,high,warm_front_baroclinic_tornado|southeast_multicell_or_clusters,warm_front|tropical|discrete_supercells|cluster_supercells|strong_tornadoes|moisture_quality|low_lcl|storm_coverage_uncertain,remnants of Fred|tropical low circulation|terrain-enhanced convergence|warm-sector shear axis,tropical mini-supercells|rainband supercells|clusters,tornadoes|localized wind,tropical track|low-level shear placement|instability pockets|overnight persistence,"The remnants of Fred produced a tornado-focused enhanced risk across the western Carolinas and southwestern Virginia. The threat came from isolated tropical supercell structures in a moist, sheared environment and gradually weakened as instability decreased overnight."
2021-08-26,ENH,forward_propagating_mcs_wind,likely,medium,northwest_flow_mcs|high_plains_upslope_supercells,cold_front|outflow_boundary|mcs|bow_echo|cluster_supercells|significant_wind|large_hail|mcs_timing,southern Minnesota/Iowa MCS corridor|central Plains front|outflow boundary|High Plains lee trough,MCS|clusters|discrete High Plains storms,damaging wind|large hail,mcs_timing|outflow placement|multi-region evolution|storm coverage uncertain,"Damaging wind was likely across southern Minnesota into Iowa and parts of the central Plains. Additional severe storms were possible over the northern High Plains, making the day partly multi-regional but still wind-dominant."
2021-08-28,ENH,forward_propagating_mcs_wind,core,high,mixed_discrete_to_qlcs_outbreak|northwest_flow_mcs,cold_front|warm_front|outflow_boundary|mcs|bow_echo|significant_wind|strong_tornadoes|large_hail|mcs_timing,MCS/outflow boundary|warm front|cold front|low-level jet,MCS|embedded supercells|bowing segments|clusters,significant damaging wind|tornadoes|large hail,mcs_timing|outflow placement|mode transition|multi-region evolution,"The main enhanced risk ran from southeast South Dakota into southern Minnesota, where intense storms were capable of significant wind, tornadoes, and hail. MCS evolution was central, with additional tropical-related tornado concerns beginning near the Gulf Coast late in the convective day."
2021-09-01,ENH,tropical_cyclone_tornado_rainbands,none,high,warm_front_baroclinic_tornado|southeast_multicell_or_clusters,warm_front|outflow_boundary|tropical|discrete_supercells|cluster_supercells|strong_tornadoes|significant_wind|low_lcl,remnants of Ida|warm front/frontal zone|low-level shear axis,tropical rainband supercells|mini-supercells|clusters,tornadoes|damaging wind,tropical track|low-level shear placement|instability pockets|storm coverage uncertain,"The remnants of Ida produced a Mid-Atlantic tornado and damaging-wind threat, centered from Maryland into New Jersey. The event was a classic tropical-remnant low-CAPE, high-shear tornado setup with clustered supercells near the frontal zone."
2021-10-10,MDT,mixed_discrete_to_qlcs_outbreak,possible,high,dryline_supercell_hail_tornado|qlcs_bowing_wind_tornado,dryline|cold_front|discrete_supercells|mixed_mode|qlcs|very_large_hail|strong_tornadoes|widespread_wind_damage|mode_transition,dryline|cold front|surface low|warm-sector instability axis,discrete supercells|semi-discrete storms|QLCS|clusters,tornadoes|widespread damaging wind|large hail,cap_conditional|mode_transition|nocturnal_evolution|storm interactions,"A fall southern Plains and Ozarks severe event produced tornado, wind, and hail potential from Oklahoma and north Texas eastward. The risk likely transitioned from supercells to more linear convection as forcing increased into the night."
2021-10-12,MDT,dryline_supercell_hail_tornado,none,high,classic_discrete_tornadic_supercells|mixed_discrete_to_qlcs_outbreak,dryline|cold_front|warm_front|discrete_supercells|cyclic_supercells|giant_hail|strong_tornadoes|cap_conditional,dryline|cold front|warm front|deep surface low,discrete supercells|semi-discrete supercells|late line,tornadoes|destructive hail|damaging wind,cap_conditional|storm coverage uncertain|mode transition|nocturnal evolution,The central and southern Great Plains had a moderate-risk evening and overnight supercell setup. Strong tornadoes and destructive hail were the leading concerns before some storms evolved into a line with severe wind.
2021-10-24,ENH,classic_discrete_tornadic_supercells,none,high,mixed_discrete_to_qlcs_outbreak|warm_front_baroclinic_tornado,cold_front|warm_front|discrete_supercells|cluster_supercells|mixed_mode|very_large_hail|strong_tornadoes|significant_wind,warm front|cold front|surface low|prefrontal confluence,supercells|semi-discrete clusters|line segments,tornadoes|damaging wind|large hail,storm coverage uncertain|mode transition|warm front placement|nocturnal evolution,"Severe storms were likely from the Ozarks into the middle Mississippi Valley with damaging wind, large hail, and a couple strong tornadoes. The highest-end hazard was tied to supercells within the warm sector before storms became more clustered overnight."
2021-10-26,ENH,mixed_discrete_to_qlcs_outbreak,likely,high,dryline_supercell_hail_tornado|qlcs_bowing_wind_tornado,dryline|cold_front|warm_front|outflow_boundary|mcs|mixed_mode|large_hail|significant_wind|qlcs_tornadoes,cold front/dryline|warm sector|outflow boundary|surface low,supercells|line segments|squall line|overnight clusters,damaging wind|large hail|isolated tornadoes,mode_transition|mcs_timing|nocturnal_evolution|boundary_interaction,"Severe storms developed along the cold front/dryline across Kansas, Oklahoma, and north/central Texas. Large hail and isolated tornadoes were possible with more dominant storms, while damaging winds became the primary threat as convection became more linear overnight."
2021-10-27,ENH,mixed_discrete_to_qlcs_outbreak,likely,high,qlcs_bowing_wind_tornado|warm_front_baroclinic_tornado,warm_front|outflow_boundary|mcs|discrete_supercells|qlcs|strong_tornadoes|significant_wind|mode_transition,narrow warm sector|warm front/effective boundary|squall line outflow|surface low,discrete supercells|semi-discrete supercells|squall line|embedded QLCS circulations,tornadoes|damaging wind,warm sector width|mode transition|boundary interaction|nocturnal evolution,A severe threat spread east across Louisiana into southern Mississippi and the northeast Gulf Coast. Discrete and semi-discrete supercells ahead of a squall line carried the strongest tornado potential before the mode became more linear overnight.
2021-12-10,MDT,high_end_tornado_outbreak,none,high,classic_discrete_tornadic_supercells|mixed_discrete_to_qlcs_outbreak,dryline|cold_front|warm_front|discrete_supercells|cyclic_supercells|strong_tornadoes|violent_tornado_possible|nocturnal_evolution|mode_transition,dryline|cold front|warm front|deepening surface low|low-level jet,discrete supercells|long-lived supercells|embedded supercells|QLCS,strong tornadoes|damaging wind|large hail,nocturnal_evolution|cap_conditional|mode_transition|eastward instability gradient,A nocturnal tornado outbreak unfolded from Arkansas and Missouri toward the Tennessee and Ohio Valleys. Long-lived discrete supercells produced the highest tornado risk before later convective lines increased damaging-wind and embedded-tornado hazards farther east.
2021-12-15,MDT,derecho_or_serial_mcs_wind,core,high,qlcs_bowing_wind_tornado|cold_core_low_cape,dryline|cold_front|warm_front|derecho|qlcs|bow_echo|widespread_wind_damage|significant_wind|qlcs_tornadoes,intense surface cyclone|cold front/dryline|warm front|synoptic pressure-gradient wind field,derecho|fast-moving squall line|QLCS|embedded circulations,widespread severe wind|tornadoes,line intensity|derecho timing|low-CAPE shear overlap|northern extent,An exceptional cool-season derecho raced across the Upper Mississippi Valley with widespread severe winds and embedded tornadoes. The synoptic wind field and deepening cyclone supported 75-100 mph gust potential within a fast-moving line.
2021-12-29,ENH,qlcs_bowing_wind_tornado,possible,high,mixed_discrete_to_qlcs_outbreak|southeast_multicell_or_clusters,cold_front|outflow_boundary|qlcs|bow_echo|discrete_supercells|significant_wind|qlcs_tornadoes|prior_convection|nocturnal_evolution,cold front|prefrontal confluence|outflow boundary|Gulf Coast warm sector,supercells|bowing segments|line of storms|QLCS,damaging wind|isolated tornadoes|hail,prior_convection|mode_transition|nocturnal_evolution|downstream weakening,Damaging wind and isolated tornado risk continued across the Tennessee Valley and central Gulf Coast before spreading toward the Carolinas overnight. Early supercells and bowing segments consolidated into a more linear QLCS with weakening downstream trends by morning.
2022-01-01,ENH,mixed_discrete_to_qlcs_outbreak,core,high,qlcs_bowing_wind_tornado|ofb_differential_heating_supercells,cold_front|outflow_boundary|discrete_supercells|mixed_mode|qlcs|bow_echo|strong_tornadoes|significant_wind|cap_conditional,convectively reinforced frontal/outflow boundary|effective surface front|cold front,broken line with embedded supercells|conditional warm-sector supercells|bowing QLCS segments,"tornadoes, including a couple strong|damaging wind gusts|isolated large hail",cap_conditional|ofb_placement|instability_recovery|mode_transition|nocturnal_evolution,"Tennessee Valley severe storms focused along a convectively reinforced boundary, with conditional warm-sector supercells and later bowing segments. Dominant hazards were tornadoes, including a couple strong; damaging wind gusts; isolated large hail."
2022-02-17,ENH,mixed_discrete_to_qlcs_outbreak,none,high,qlcs_bowing_wind_tornado|warm_front_baroclinic_tornado,cold_front|warm_front|discrete_supercells|mixed_mode|qlcs|strong_tornadoes|significant_wind|cap_conditional,cold front|warm/stationary front|prefrontal warm sector,scattered discrete supercells|broken bands|squall line,"damaging wind gusts|tornadoes, a couple strong|isolated hail",prior_convection|instability_recovery|moisture_quality|mode_transition,"A Mid-South to Tennessee Valley frontal episode mixed discrete supercells ahead of the front with a squall-line wind threat. Dominant hazards were damaging wind gusts; tornadoes, a couple strong; isolated hail."
2022-03-05,ENH,mixed_discrete_to_qlcs_outbreak,none,high,classic_discrete_tornadic_supercells|qlcs_bowing_wind_tornado,cold_front|warm_front|discrete_supercells|mixed_mode|qlcs|very_large_hail|strong_tornadoes|significant_wind,deepening surface low|warm front|cold front/trough,initial discrete supercells|organizing cluster|fast-moving convective line,damaging wind gusts|tornadoes|large hail,moisture_quality|mode_transition|instability_recovery|nocturnal_evolution,Lower Missouri Valley and Iowa storms began more discrete before clustering and becoming more linear into the Great Lakes. Dominant hazards were damaging wind gusts; tornadoes; large hail.
2022-03-06,ENH,mixed_discrete_to_qlcs_outbreak,none,high,qlcs_bowing_wind_tornado|warm_front_baroclinic_tornado,cold_front|stationary_front|discrete_supercells|mixed_mode|qlcs|strong_tornadoes|significant_wind|large_hail|nocturnal_evolution,cold front|quasi-stationary front|Ozark Plateau baroclinic zone,supercells|line segments|QLCS,"tornadoes, some strong|damaging wind gusts|isolated large hail",cap_conditional|moisture_quality|mode_transition|nocturnal_evolution,"The ArkLaTex/Ozarks to Ohio Valley risk increased late day along frontal boundaries, then evolved toward QLCS segments overnight. Dominant hazards were tornadoes, some strong; damaging wind gusts; isolated large hail."
2022-03-11,ENH,qlcs_bowing_wind_tornado,possible,medium,mixed_discrete_to_qlcs_outbreak|southeast_multicell_or_clusters,cold_front|mcs|supercells|mixed_mode|qlcs|strong_tornadoes|significant_wind|nocturnal_evolution,cold front|Gulf Coast warm sector|coastal baroclinic zone,nocturnal line|embedded supercells|coastal supercells,damaging wind gusts|tornadoes|isolated hail,nocturnal_evolution|instability_recovery|moisture_quality|mode_transition,The main Southeast threat waited until late night as Gulf moisture and forcing supported a line with embedded or coastal supercells. Dominant hazards were damaging wind gusts; tornadoes; isolated hail.
2022-03-12,ENH,qlcs_bowing_wind_tornado,none,high,southeast_multicell_or_clusters|warm_front_baroclinic_tornado,cold_front|qlcs|bow_echo|mixed_mode|qlcs_tornadoes|significant_wind|morning_convection,cold front|coastal plain baroclinic zone,line of embedded thunderstorms|small bowing segments|transient supercells,damaging wind gusts|a few tornadoes,morning_timing|instability_recovery|mode_transition,"A morning line crossed northern Florida, southeast Georgia, the Carolinas, and southeast Virginia with embedded circulations. Dominant hazards were damaging wind gusts; a few tornadoes."
2022-03-17,ENH,multi_region_multi_mode,none,medium,dryline_supercell_hail_tornado|classic_discrete_tornadic_supercells,dryline|discrete_supercells|mixed_mode|very_large_hail|strong_tornadoes|significant_wind|cap_conditional|nocturnal_evolution,dryline in OK/north TX|southern Louisiana warm sector|advancing cold front,high-based Plains storms|Gulf Coast supercells|small line segments,large hail|damaging wind gusts|tornadoes,cap_conditional|storm_coverage_uncertain|nocturnal_evolution|moisture_quality,This split severe day combined late Oklahoma/north Texas hail-wind storms with a nocturnal Louisiana/Mississippi tornado corridor. Dominant hazards were large hail; damaging wind gusts; tornadoes.
2022-03-18,ENH,southeast_multicell_or_clusters,likely,medium,qlcs_bowing_wind_tornado|warm_front_baroclinic_tornado,cold_front|warm_front|outflow_boundary|mcs|mixed_mode|discrete_supercells|qlcs_tornadoes|large_hail|significant_wind,warm front|cold front|convectively influenced boundaries,clusters|embedded supercells|QLCS circulations,damaging winds|a few tornadoes|large hail,prior_convection|boundary_interaction|instability_recovery|mode_transition,Prior convection and frontal zones left a mixed-mode Southeast and Ohio Valley environment with warm-front hail and QLCS tornado potential. Dominant hazards were damaging winds; a few tornadoes; large hail.
2022-03-21,MDT,dryline_supercell_hail_tornado,none,high,classic_discrete_tornadic_supercells|mixed_discrete_to_qlcs_outbreak,dryline|cold_front|warm_front|discrete_supercells|cyclic_supercells|mixed_mode|qlcs|very_large_hail|strong_tornadoes|significant_wind,dryline/Pacific front|surface cyclone|warm conveyor/baroclinic zone,semi-discrete supercells|cyclic supercells|evolving QLCS,"tornadoes, a few strong|very large hail|damaging winds",cap_conditional|mode_transition|storm_coverage_uncertain|nocturnal_evolution,"Central and east Texas began as a high-end dryline/warm-sector supercell event before storms merged into linear clusters overnight. Dominant hazards were tornadoes, a few strong; very large hail; damaging winds."
2022-03-22,MDT,mixed_discrete_to_qlcs_outbreak,core,high,qlcs_bowing_wind_tornado|warm_front_baroclinic_tornado,warm_front|outflow_boundary|mcs|qlcs|bow_echo|discrete_supercells|strong_tornadoes|widespread_wind_damage|mode_transition,ongoing QLCS|northward-developing warm front|cold front/surface cyclone,composite QLCS with bow/LEWP structures|pre-line supercells|embedded supercells,strong tornadoes|widespread damaging winds|isolated large hail,prior_convection|boundary_interaction|mode_transition|instability_recovery|mcs_timing,A Lower Mississippi Valley and Gulf Coast outbreak unfolded from an ongoing QLCS interacting with a warm front and pre-line supercells. Dominant hazards were strong tornadoes; widespread damaging winds; isolated large hail.
2022-03-30,MDT,qlcs_bowing_wind_tornado,likely,high,mixed_discrete_to_qlcs_outbreak|classic_discrete_tornadic_supercells,cold_front|qlcs|bow_echo|discrete_supercells|strong_tornadoes|widespread_wind_damage|significant_wind|mode_transition,cold front|prefrontal warm sector|Gulf Coast baroclinic zone,mature QLCS|embedded supercells|warm-sector supercells,strong tornadoes|widespread damaging wind gusts|large hail,mode_transition|nocturnal_evolution|instability_recovery|boundary_interaction,A regional outbreak combined a mature QLCS wind threat with embedded and warm-sector supercells over the Lower Mississippi Valley and Gulf Coast. Dominant hazards were strong tornadoes; widespread damaging wind gusts; large hail.
2022-03-31,ENH,multi_region_multi_mode,possible,medium,qlcs_bowing_wind_tornado|warm_front_baroclinic_tornado,cold_front|warm_front|outflow_boundary|discrete_supercells|mixed_mode|qlcs|qlcs_tornadoes|significant_wind,cold front|warm/coastal baroclinic zone|local outflow boundaries,supercells|small clusters|line segments,damaging wind gusts|a few tornadoes,boundary_interaction|instability_recovery|storm_coverage_uncertain|mode_transition,"A broad Carolinas to Mid-Atlantic and Hudson Valley corridor produced scattered supercells, small clusters, and line segments. Dominant hazards were damaging wind gusts; a few tornadoes."
2022-04-04,ENH,forward_propagating_mcs_wind,core,high,mcv_mcs_outflow_reintensification|elevated_nocturnal_hail_mcs,warm_front|stationary_front|mcs|cold_pool|bow_echo|qlcs|very_large_hail|significant_wind|qlcs_tornadoes,quasi-stationary front|warm front|developing MCS cold pool,elevated storms|evolving MCS|bowing/QLCS segments,"severe wind gusts, some over 75 mph|large to very large hail|a few tornadoes",prior_convection|mcs_timing|cold_pool_evolution|mode_transition|nocturnal_evolution,"North Texas storms were expected to grow upscale into a nocturnal MCS sweeping east-southeast through the ArkLaTex. Dominant hazards were severe wind gusts, some over 75 mph; large to very large hail; a few tornadoes."
2022-04-05,ENH,qlcs_bowing_wind_tornado,core,high,derecho_or_serial_mcs_wind|warm_front_baroclinic_tornado,warm_front|cold_front|mcs|cold_pool|qlcs|bow_echo|widespread_wind_damage|strong_tornadoes|significant_wind,northward-moving warm front|approaching cold front|QLCS cold pool,extensive QLCS|embedded tornado circulations|pre-line supercells,"widespread damaging winds|several tornadoes, some strong|isolated hail",prior_convection|cold_pool_evolution|mode_transition|boundary_interaction|mcs_timing,"A large QLCS moved from the lower Mississippi Valley across Georgia and the Carolinas, with pre-line/warm-front supercell potential. Dominant hazards were widespread damaging winds; several tornadoes, some strong; isolated hail."
2022-04-06,ENH,mcv_mcs_outflow_reintensification,core,high,southeast_multicell_or_clusters|qlcs_bowing_wind_tornado,cold_front|warm_front|remnant_mcv|cold_pool|mcs|qlcs|bow_echo|large_hail|significant_wind|qlcs_tornadoes,cold front|diffuse warm front|MCV/cold pool over Georgia,supercells|organized cluster/MCS|embedded QLCS,damaging wind gusts|large hail|isolated tornadoes,mcv_track|cold_pool_evolution|mode_transition|instability_recovery,"Several severe corridors occurred, but the late ENH focus came from an organizing Georgia cluster with an MCV and surging cold pool. Dominant hazards were damaging wind gusts; large hail; isolated tornadoes."
2022-04-11,ENH,dryline_supercell_hail_tornado,possible,medium,conditional_capped_supercells|elevated_nocturnal_hail_mcs,dryline|warm_front|outflow_boundary|discrete_supercells|cluster_supercells|very_large_hail|strong_tornadoes|cap_conditional,dryline|returning warm front|decaying outflow boundary,elevated morning storms|isolated/discrete supercells|evening clusters,very large hail|damaging winds|a few tornadoes,cap_conditional|ofb_placement|storm_coverage_uncertain|moisture_quality|mode_transition,Southeast Oklahoma and Arkansas severe potential developed from elevated early storms into a dryline/warm-front supercell risk. Dominant hazards were very large hail; damaging winds; a few tornadoes.
2022-04-12,MDT,mixed_discrete_to_qlcs_outbreak,possible,high,dryline_supercell_hail_tornado|derecho_or_serial_mcs_wind,dryline|cold_front|warm_front|mcs|discrete_supercells|mixed_mode|qlcs|very_large_hail|strong_tornadoes|significant_wind,dryline|surging warm front|accelerating cold front,initial isolated supercells|upscale-growing MCS|QLCS,very large hail|tornadoes|damaging winds,cap_conditional|mode_transition|mcs_timing|storm_coverage_uncertain|nocturnal_evolution,"A volatile Plains setup began with dryline supercells, then increasing forcing favored evening and overnight upscale growth into an organized MCS/QLCS. Dominant hazards were very large hail; tornadoes; damaging winds."
2022-04-13,MDT,derecho_or_serial_mcs_wind,core,high,qlcs_bowing_wind_tornado|mixed_discrete_to_qlcs_outbreak,cold_front|outflow_boundary|mcs|qlcs|bow_echo|widespread_wind_damage|qlcs_tornadoes|significant_wind|mode_transition,cold front|ongoing QLCS/outflow|prefrontal warm sector,developing QLCS|bowing segments|embedded supercells,widespread damaging winds|a few tornadoes|large hail,prior_convection|mcs_timing|mode_transition|boundary_interaction|instability_recovery,A fast-moving convective system spread from the Ozarks toward the Ohio and Tennessee Valleys with line-embedded circulations. Dominant hazards were widespread damaging winds; a few tornadoes; large hail.
2022-04-17,ENH,multi_region_multi_mode,possible,medium,dryline_supercell_hail_tornado|southeast_multicell_or_clusters,cold_front|dryline|outflow_boundary|mcs|discrete_supercells|mixed_mode|very_large_hail|strong_tornadoes|significant_wind,cold front|dryline/prefrontal trough|residual outflow boundaries,supercells|clusters|line segments,large to very large hail|damaging wind gusts|a few tornadoes,storm_coverage_uncertain|boundary_interaction|mode_transition|instability_recovery,"The ArkLaTex/lower Mississippi Valley to Texas setup was messy and multi-regional, with supercells and clusters in several corridors. Dominant hazards were large to very large hail; damaging wind gusts; a few tornadoes."
2022-04-22,ENH,high_plains_upslope_supercells,possible,high,dryline_supercell_hail_tornado|conditional_capped_supercells,dryline|warm_front|upslope|discrete_supercells|high_based_convection|very_large_hail|strong_tornadoes|significant_wind|cap_conditional,High Plains dryline|warm/quasi-stationary front|lee cyclone,high-based storms|discrete supercells|evening clusters,very large hail|damaging straight-line winds|a few tornadoes,cap_conditional|storm_coverage_uncertain|boundary_interaction|moisture_quality,High Plains storms developed near the dryline and warm-front/baroclinic zone from southeast Colorado into the Panhandles and western Kansas. Dominant hazards were very large hail; damaging straight-line winds; a few tornadoes.
2022-04-29,MDT,dryline_supercell_hail_tornado,none,high,classic_discrete_tornadic_supercells|mixed_discrete_to_qlcs_outbreak,dryline|cold_front|warm_front|discrete_supercells|cyclic_supercells|very_large_hail|strong_tornadoes|violent_tornado_possible|significant_wind|cap_conditional,dryline|warm front/surface low|cold front overtaking dryline,discrete supercells|cyclic supercells|eventual clusters/QLCS,strong tornadoes|very large hail|damaging winds,cap_conditional|storm_coverage_uncertain|mode_transition|boundary_interaction,A central Plains significant severe episode hinged on supercell initiation along the dryline near the surface low and warm front. Dominant hazards were strong tornadoes; very large hail; damaging winds.
2022-05-01,ENH,elevated_nocturnal_hail_mcs,likely,medium,forward_propagating_mcs_wind|conditional_capped_supercells,warm_front|effective_boundary|mcs|cold_pool|elevated_convection|very_large_hail|significant_wind|cap_conditional|nocturnal_evolution,northward warm front/effective boundary|southern High Plains lee trough|developing cold pool,elevated storms|supercells|upscale-growing MCS,large to very large hail|damaging winds|a few tornadoes,mcs_timing|boundary_interaction|cap_conditional|mode_transition|nocturnal_evolution,The southern High Plains into Oklahoma and Texas risk was tied to the warm front/effective boundary after dark and potential cold-pool growth. Dominant hazards were large to very large hail; damaging winds; a few tornadoes.
2022-05-02,MDT,classic_discrete_tornadic_supercells,likely,high,dryline_supercell_hail_tornado|mixed_discrete_to_qlcs_outbreak|ofb_differential_heating_supercells,dryline|warm_front|effective_boundary|outflow_boundary|discrete_supercells|cyclic_supercells|very_large_hail|strong_tornadoes|significant_wind|cap_conditional,dryline/triple point|warm front modulated by precipitation|outflow/effective boundary|cold front,initial supercells|cyclic tornadic supercells|later squall line/QLCS,strong tornadoes|very large hail|significant damaging wind,ofb_placement|cap_conditional|storm_coverage_uncertain|mode_transition|boundary_interaction,"Southern Kansas and Oklahoma had a high-end supercell environment along the dryline, warm front, and effective/outflow boundaries. Dominant hazards were strong tornadoes; very large hail; significant damaging wind."
2022-05-04,MDT,classic_discrete_tornadic_supercells,possible,high,dryline_supercell_hail_tornado|conditional_capped_supercells,dryline|warm_front|discrete_supercells|cyclic_supercells|very_large_hail|strong_tornadoes|training_convection|flash_flood_overlap|cap_conditional,dryline|warm front|southern Plains surface low,discrete supercells|training supercells|eventual clusters,very large hail|tornadoes|damaging winds|flash flooding overlap,cap_conditional|storm_coverage_uncertain|training_convection|mode_transition|nocturnal_evolution,Central and southwest Oklahoma into north Texas had a classic supercell setup along a dryline and lifting warm front. Dominant hazards were very large hail; tornadoes; damaging winds; flash flooding overlap.
2022-05-05,ENH,mcv_mcs_outflow_reintensification,core,high,qlcs_bowing_wind_tornado|southeast_multicell_or_clusters,cold_front|warm_front|outflow_boundary|remnant_mcv|cold_pool|mcs|qlcs|mixed_mode|significant_wind|qlcs_tornadoes,MCS cold pool|developing MCV|cold front|warm front,linear clusters|QLCS|embedded supercells,damaging winds|isolated tornadoes|large hail,mcv_track|cold_pool_evolution|mcs_timing|mode_transition|instability_recovery,The east Texas to lower Mississippi Valley threat evolved from ongoing convection into a cold-pool/MCV-aided convective system. Dominant hazards were damaging winds; isolated tornadoes; large hail.
2022-05-06,ENH,multi_region_multi_mode,possible,medium,qlcs_bowing_wind_tornado|southeast_multicell_or_clusters,cold_front|warm_front|outflow_boundary|discrete_supercells|mixed_mode|qlcs|large_hail|significant_wind|qlcs_tornadoes,cold front|Appalachian lee trough|warm-sector/outflow boundaries,supercells|clusters|line segments,damaging winds|hail|a few tornadoes,instability_recovery|storm_coverage_uncertain|mode_transition|boundary_interaction,Scattered severe storms affected eastern Tennessee and Kentucky into Virginia and North Carolina with mixed supercell and cluster modes. Dominant hazards were damaging winds; hail; a few tornadoes.
2022-05-09,ENH,warm_front_baroclinic_tornado,none,high,classic_discrete_tornadic_supercells|dryline_supercell_hail_tornado,warm_front|dryline|cold_front|discrete_supercells|very_large_hail|strong_tornadoes|significant_wind|cap_conditional,warm front|dryline/cold front|upper Mississippi Valley baroclinic zone,elevated hail storms|surface-based supercells|small clusters,large hail|tornadoes|damaging gusts,cap_conditional|instability_recovery|storm_coverage_uncertain|boundary_interaction,Upper Mississippi Valley severe weather centered on the warm-front/frontal zone from Minnesota into Iowa and Wisconsin. Dominant hazards were large hail; tornadoes; damaging gusts.
2022-05-10,ENH,multi_region_multi_mode,possible,medium,high_plains_upslope_supercells|elevated_nocturnal_hail_mcs,outflow_boundary|upslope|discrete_supercells|high_based_convection|elevated_convection|very_large_hail|significant_wind|storm_coverage_uncertain,southern High Plains boundary/terrain circulation|northern Great Lakes baroclinic zone|residual outflow,High Plains supercells|elevated northern storms|evening clusters,large to very large hail|damaging wind gusts|isolated tornado,storm_coverage_uncertain|boundary_interaction|cap_conditional|mode_transition,The ENH day combined southern High Plains supercells with a separate northern Great Lakes severe corridor. Dominant hazards were large to very large hail; damaging wind gusts; isolated tornado.
2022-05-11,ENH,mixed_discrete_to_qlcs_outbreak,likely,medium,forward_propagating_mcs_wind|dryline_supercell_hail_tornado,dryline|outflow_boundary|mcs|discrete_supercells|mixed_mode|bow_echo|strong_tornadoes|significant_wind|very_large_hail,dryline|warm front|outflow boundaries from earlier storms,supercells|clusters|MCS/bowing line,damaging winds|hail|a few tornadoes,prior_convection|ofb_placement|mode_transition|mcs_timing|boundary_interaction,"Multiple rounds spread across the upper Mississippi Valley, with supercells giving way to clusters and MCS evolution. Dominant hazards were damaging winds; hail; a few tornadoes."
2022-05-12,MDT,derecho_or_serial_mcs_wind,core,high,forward_propagating_mcs_wind|mixed_discrete_to_qlcs_outbreak,cold_front|dryline|warm_front|outflow_boundary|bow_echo|mcs|derecho|widespread_wind_damage|significant_wind|very_large_hail,warm front|cold front/dryline|MCS cold pool,initial supercells|very intense squall line|derecho-like MCS,hurricane-force damaging winds|large hail|brief tornadoes,mcs_timing|cold_pool_evolution|mode_transition|boundary_interaction,The northern Plains event evolved from severe storms into a very intense squall line racing across eastern North Dakota and Minnesota. Dominant hazards were hurricane-force damaging winds; large hail; brief tornadoes.
2022-05-15,ENH,forward_propagating_mcs_wind,core,high,mcv_mcs_outflow_reintensification|mixed_discrete_to_qlcs_outbreak,outflow_boundary|mcs|bow_echo|cold_pool|cluster_supercells|very_large_hail|significant_wind|qlcs_tornadoes,ongoing MCS/outflow|surface trough|instability gradient,line/MCS|clusters|embedded supercells,swaths of wind damage|very large hail|brief tornadoes,mcs_timing|cold_pool_evolution|mode_transition|boundary_interaction,Southeast Oklahoma into western Arkansas and Missouri experienced a cluster/MCS-driven severe episode. Dominant hazards were swaths of wind damage; very large hail; brief tornadoes.
2022-05-16,ENH,multi_region_multi_mode,possible,medium,southeast_multicell_or_clusters|qlcs_bowing_wind_tornado,cold_front|mcs|outflow_boundary|discrete_supercells|mixed_mode|large_hail|significant_wind|qlcs_tornadoes,cold front|prefrontal trough|local outflow boundaries,clusters|supercells|line segments,damaging winds|isolated severe hail|brief tornadoes,instability_recovery|storm_coverage_uncertain|boundary_interaction|mode_transition,A broad Mid-Atlantic/Northeast and secondary Florida severe setup produced scattered storms with mixed modes. Dominant hazards were damaging winds; isolated severe hail; brief tornadoes.
2022-05-17,ENH,multi_region_multi_mode,likely,medium,elevated_nocturnal_hail_mcs|forward_propagating_mcs_wind,cold_front|warm_front|mcs|cluster_supercells|elevated_convection|very_large_hail|significant_wind|tornado_focus|nocturnal_evolution,warm front|cold front|mesoscale convective corridors,elevated storms|supercells|clusters/MCS,large hail|damaging wind gusts|isolated tornadoes,prior_convection|mcs_timing|storm_coverage_uncertain|mode_transition|nocturnal_evolution,The central states were expected to see multiple rounds including elevated hail storms and later surface-based clusters. Dominant hazards were large hail; damaging wind gusts; isolated tornadoes.
2022-05-19,ENH,warm_front_baroclinic_tornado,likely,medium,ofb_differential_heating_supercells|elevated_nocturnal_hail_mcs,warm_front|effective_boundary|outflow_boundary|discrete_supercells|elevated_convection|very_large_hail|strong_tornadoes|training_convection|flash_flood_overlap,warm front near IA/MN|effective boundary|outflow boundaries|cold front,elevated hail storms|warm-front supercells|clusters,very large hail|damaging winds|tornadoes,ofb_placement|boundary_interaction|training_convection|storm_coverage_uncertain|instability_recovery,"The northern Iowa, southeast Minnesota, and western Wisconsin corridor focused along a warm front/effective boundary. Dominant hazards were very large hail; damaging winds; tornadoes."
2022-05-20,ENH,multi_region_multi_mode,possible,medium,qlcs_bowing_wind_tornado|southeast_multicell_or_clusters,cold_front|warm_front|discrete_supercells|mixed_mode|large_hail|significant_wind|qlcs_tornadoes|training_convection,cold front|lake/thermal boundary|southern Plains dryline/frontal zone,supercells|clusters|line segments,damaging gusts|large hail|isolated tornado,storm_coverage_uncertain|instability_recovery|mode_transition|boundary_interaction,"The ENH risk was spread across the northern Mid-Atlantic, Lower Michigan, and a small southern Plains corridor. Dominant hazards were damaging gusts; large hail; isolated tornado."
2022-05-24,ENH,forward_propagating_mcs_wind,likely,medium,dryline_supercell_hail_tornado|mixed_discrete_to_qlcs_outbreak,dryline|cold_front|outflow_boundary|mcs|bow_echo|mixed_mode|very_large_hail|significant_wind|training_convection,dryline/cold front|Rio Grande storms|outflow from growing clusters,supercells|linear clusters|MCS,severe wind gusts|large hail|isolated tornadoes,mode_transition|mcs_timing|boundary_interaction|nocturnal_evolution|storm_coverage_uncertain,West-central Texas storms evolved eastward toward the Gulf Coast and ArkLaTex during the evening and overnight. Dominant hazards were severe wind gusts; large hail; isolated tornadoes.
2022-05-28,ENH,high_plains_upslope_supercells,possible,high,forward_propagating_mcs_wind|conditional_capped_supercells,dryline|cold_front|outflow_boundary|upslope|high_based_convection|discrete_supercells|cluster_supercells|significant_wind|very_large_hail,central/northern Plains dryline|lee trough|high-based outflow boundaries,high-based supercells|clusters|organized wind-producing storms,severe wind gusts over 70 mph|large hail,storm_coverage_uncertain|cap_conditional|mode_transition|boundary_interaction,High-based storms over the central and northern Plains produced a wind-and-hail-focused ENH day. Dominant hazards were severe wind gusts over 70 mph; large hail.
2022-05-29,ENH,forward_propagating_mcs_wind,core,medium,mixed_discrete_to_qlcs_outbreak|high_plains_upslope_supercells,dryline|cold_front|warm_front|outflow_boundary|mcs|bow_echo|very_large_hail|significant_wind|tornado_focus,central Plains front/dryline|warm front|outflow from earlier convection,supercells|clusters|MCS/bowing line,60 to 85 mph gusts|large hail near baseball size|a few tornadoes,prior_convection|mcs_timing|mode_transition|boundary_interaction,A central Plains to Upper Midwest severe episode evolved through a complex mix of supercells and MCS development. Dominant hazards were 60 to 85 mph gusts; large hail near baseball size; a few tornadoes.
2022-05-30,MDT,mixed_discrete_to_qlcs_outbreak,possible,medium,classic_discrete_tornadic_supercells|derecho_or_serial_mcs_wind,cold_front|dryline|warm_front|mcs|discrete_supercells|mixed_mode|strong_tornadoes|widespread_wind_damage|very_large_hail|training_convection,cold front/dryline|warm front|narrow instability corridor,supercells|line segments|MCS,tornadoes|widespread damaging winds|large hail,mode_transition|storm_coverage_uncertain|boundary_interaction|mcs_timing,"A narrow corridor from eastern Kansas into Iowa, Minnesota, and Wisconsin supported supercells and later organized convection. Dominant hazards were tornadoes; widespread damaging winds; large hail."
2022-05-31,ENH,mixed_discrete_to_qlcs_outbreak,possible,medium,high_plains_upslope_supercells|elevated_nocturnal_hail_mcs,cold_front|outflow_boundary|discrete_supercells|cluster_supercells|mixed_mode|very_large_hail|significant_wind|cap_conditional,slow-moving cold front|southern Plains instability axis|outflow from clusters,supercells|clusters|lingering nocturnal convection,very large hail|damaging winds|isolated tornado,cap_conditional|storm_coverage_uncertain|mode_transition|nocturnal_evolution,Southern Plains storms formed near a slow cold front from the Texas Panhandle into southwest Oklahoma. Dominant hazards were very large hail; damaging winds; isolated tornado.
2022-06-05,ENH,forward_propagating_mcs_wind,likely,medium,high_plains_upslope_supercells|elevated_nocturnal_hail_mcs,dryline|cold_front|outflow_boundary|mcs|bow_echo|cluster_supercells|very_large_hail|significant_wind|nocturnal_evolution,central Plains boundaries|outflow from developing storms|low-level jet,supercells|clusters|nocturnal MCS,very large hail|intense damaging winds|a few tornadoes,mcs_timing|mode_transition|nocturnal_evolution|boundary_interaction,"Nebraska, Kansas, and Oklahoma had late-night significant severe potential as storms grew upscale. Dominant hazards were very large hail; intense damaging winds; a few tornadoes."
2022-06-07,ENH,forward_propagating_mcs_wind,core,high,high_plains_upslope_supercells|northwest_flow_mcs,cold_front|outflow_boundary|mcs|bow_echo|cluster_supercells|very_large_hail|significant_wind|widespread_wind_damage,central Plains baroclinic zone|outflow/cold pool|High Plains terrain,supercells|organized clusters|MCS,destructive wind gusts|very large hail|isolated tornado,mcs_timing|mode_transition|cold_pool_evolution|boundary_interaction,Central Great Plains storms intensified from supercells into organized clusters capable of destructive wind. Dominant hazards were destructive wind gusts; very large hail; isolated tornado.
2022-06-09,ENH,forward_propagating_mcs_wind,core,medium,high_plains_upslope_supercells|northwest_flow_mcs,cold_front|warm_front|outflow_boundary|mcs|bow_echo|cluster_supercells|very_large_hail|significant_wind|nocturnal_evolution,central/southern Plains boundary|outflow-reinforced instability gradient|low-level jet,supercells|clusters|MCS,intense damaging gusts|large hail|isolated tornado,mcs_timing|mode_transition|nocturnal_evolution|boundary_interaction,The central and southern Plains had an evening and late-night hail/wind event with storms organizing into clusters. Dominant hazards were intense damaging gusts; large hail; isolated tornado.
2022-06-10,ENH,mcv_mcs_outflow_reintensification,core,high,forward_propagating_mcs_wind|southeast_multicell_or_clusters,outflow_boundary|mcs|bow_echo|cold_pool|significant_wind|qlcs|morning_convection,morning MCS/outflow|lower Mississippi Valley instability gradient,fast-moving MCS line|clusters|weakening downstream line,damaging wind gusts|brief tornado possible,prior_convection|mcs_timing|instability_recovery|cold_pool_evolution,A fast-moving morning MCS crossed the lower Mississippi Valley into the central Gulf Coast region. Dominant hazards were damaging wind gusts; brief tornado possible.
2022-06-11,ENH,forward_propagating_mcs_wind,likely,medium,northwest_flow_mcs|high_plains_upslope_supercells,cold_front|outflow_boundary|mcs|bow_echo|cluster_supercells|significant_wind|very_large_hail|training_convection,northern High Plains boundary|outflow/cold pool|lower Missouri Valley instability gradient,supercells|clusters|southward-moving MCS,significant damaging winds|hail|isolated tornado,mcs_timing|mode_transition|boundary_interaction|training_convection,Northern High Plains and lower Missouri Valley storms developed into clusters with a significant damaging-wind signal. Dominant hazards were significant damaging winds; hail; isolated tornado.
2022-06-12,ENH,high_plains_upslope_supercells,possible,medium,forward_propagating_mcs_wind|northwest_flow_mcs,cold_front|warm_front|outflow_boundary|upslope|mcs|high_based_convection|very_large_hail|significant_wind,High Plains terrain/lee trough|quasi-stationary boundary|outflow from prior storms,high-based storms|supercells|clusters,large hail|damaging winds|isolated tornado,storm_coverage_uncertain|boundary_interaction|mode_transition|mcs_timing,Northern and central High Plains storms were expected to intensify after developing near terrain and boundary circulations. Dominant hazards were large hail; damaging winds; isolated tornado.
2022-06-13,MDT,derecho_or_serial_mcs_wind,core,medium,multi_region_multi_mode|forward_propagating_mcs_wind,cold_front|warm_front|outflow_boundary|mcs|derecho|bow_echo|widespread_wind_damage|significant_wind|large_hail|qlcs_tornadoes,Midwest/Ohio Valley instability gradient|outflow/cold pool|northern Plains front,organized MCS|bowing line|northern Plains supercells,widespread damaging winds|large hail|a few tornadoes,mcs_timing|cold_pool_evolution|mode_transition|boundary_interaction,The day combined northern Plains severe storms with a major Midwest to Ohio Valley wind-producing convective system. Dominant hazards were widespread damaging winds; large hail; a few tornadoes.
2022-06-15,MDT,classic_discrete_tornadic_supercells,possible,high,warm_front_baroclinic_tornado|mixed_discrete_to_qlcs_outbreak,warm_front|cold_front|mcs|discrete_supercells|cyclic_supercells|very_large_hail|strong_tornadoes|significant_wind|mode_transition,warm front|cold front|upper Midwest baroclinic corridor,discrete supercells|clusters|line segments,several tornadoes|large to very large hail|damaging winds,storm_coverage_uncertain|mode_transition|boundary_interaction|instability_recovery,The Upper Midwest and Upper Great Lakes had a strong warm-sector and warm-front supercell environment. Dominant hazards were several tornadoes; large to very large hail; damaging winds.
2022-06-16,ENH,multi_region_multi_mode,possible,medium,qlcs_bowing_wind_tornado|southeast_multicell_or_clusters,cold_front|outflow_boundary|mcs|discrete_supercells|mixed_mode|large_hail|significant_wind|qlcs_tornadoes,cold front|prefrontal trough|terrain/outflow boundaries,supercells|clusters|line segments,damaging winds|large hail|a few tornadoes,storm_coverage_uncertain|instability_recovery|mode_transition|boundary_interaction,Scattered severe storms continued across the Northeast and Ohio Valley in a mixed-mode environment. Dominant hazards were damaging winds; large hail; a few tornadoes.
2022-06-17,ENH,derecho_or_serial_mcs_wind,core,high,forward_propagating_mcs_wind|southeast_multicell_or_clusters,cold_front|outflow_boundary|mcs|bow_echo|widespread_wind_damage|significant_wind|large_hail,Appalachian cold front|MCS outflow/cold pool|lee trough,clusters|bowing line segments|MCS,scattered damaging wind swaths|isolated significant wind gusts|isolated hail,mcs_timing|cold_pool_evolution|mode_transition|instability_recovery,The Appalachians to Mid-Atlantic/Southeast corridor was primarily a damaging-wind event from organized clusters and bowing segments. Dominant hazards were scattered damaging wind swaths; isolated significant wind gusts; isolated hail.
2022-06-20,ENH,forward_propagating_mcs_wind,core,high,high_plains_upslope_supercells|derecho_or_serial_mcs_wind,cold_front|warm_front|outflow_boundary|mcs|bow_echo|cluster_supercells|widespread_wind_damage|very_large_hail|tornado_focus,northern Plains front|outflow/cold pool|Red River Valley instability axis,supercells|organized clusters|MCS/bowing line,destructive wind gusts|large hail|a tornado,mcs_timing|cold_pool_evolution|mode_transition|boundary_interaction,Northern Plains storms evolved into organized convection moving toward the Upper Mississippi Valley. Dominant hazards were destructive wind gusts; large hail; a tornado.
2022-06-24,ENH,mixed_discrete_to_qlcs_outbreak,core,high,forward_propagating_mcs_wind|classic_discrete_tornadic_supercells,cold_front|warm_front|outflow_boundary|mcs|discrete_supercells|mixed_mode|bow_echo|very_large_hail|widespread_wind_damage|strong_tornadoes,eastern Dakotas warm/frontal boundary|outflow/cold pool|low-level jet,initial supercells|transitioning line/MCS|bowing segments,widespread damaging wind gusts|very large hail|a couple tornadoes,mode_transition|mcs_timing|boundary_interaction|cold_pool_evolution,Eastern Dakotas into northwest Minnesota saw supercells capable of all hazards evolve into a more linear wind-producing system. Dominant hazards were widespread damaging wind gusts; very large hail; a couple tornadoes.
2022-06-29,ENH,elevated_nocturnal_hail_mcs,possible,medium,forward_propagating_mcs_wind|northwest_flow_mcs,cold_front|outflow_boundary|elevated_convection|mcs|significant_wind|large_hail|nocturnal_evolution,northern Plains front|storm outflow|elevated instability gradient,elevated storms|outflow-producing clusters|small MCS,damaging wind gusts|isolated large hail,storm_coverage_uncertain|nocturnal_evolution|boundary_interaction|mcs_timing,The northern Plains ENH was a narrow wind/hail episode from South Dakota into North Dakota and Minnesota. Dominant hazards were damaging wind gusts; isolated large hail.
2022-07-03,ENH,high_plains_upslope_supercells,likely,medium,forward_propagating_mcs_wind|northwest_flow_mcs,warm_front|outflow_boundary|mcs|upslope|discrete_supercells|cluster_supercells|very_large_hail|significant_wind|tornado_focus,Montana terrain/upslope circulations|warm front/instability axis|outflow from organizing clusters,supercells|clusters|MCS,significant severe wind/hail|very large hail|a few tornadoes,mcs_timing|mode_transition|boundary_interaction|terrain_circulation,Montana into southwest North Dakota had a concentrated High Plains severe corridor with supercells and later clustering. Dominant hazards were significant severe wind/hail; very large hail; a few tornadoes.
2022-07-05,MDT,derecho_or_serial_mcs_wind,core,high,forward_propagating_mcs_wind|northwest_flow_mcs,cold_front|warm_front|outflow_boundary|mcs|derecho|bow_echo|widespread_wind_damage|significant_wind|large_hail,warm front/instability corridor|MCS cold pool|middle Mississippi Valley boundary,intense cluster|severe squall line|bowing MCS,widespread damaging winds|large hail|isolated tornadoes,mcs_timing|cold_pool_evolution|mode_transition|boundary_interaction,An intense MCS/squall line crossed the middle Mississippi Valley into the overnight. Dominant hazards were widespread damaging winds; large hail; isolated tornadoes.
2022-07-09,ENH,forward_propagating_mcs_wind,core,high,high_plains_upslope_supercells|northwest_flow_mcs,cold_front|outflow_boundary|mcs|bow_echo|cluster_supercells|widespread_wind_damage|very_large_hail|significant_wind,Montana cold front/lee trough|outflow/cold pool|separate Gulf Coast MCS outflow,supercells|organized clusters|MCS,destructive winds|large hail|isolated severe wind in the Southeast,mcs_timing|cold_pool_evolution|mode_transition|boundary_interaction,"The main severe corridor was central/eastern Montana into western North Dakota, with a separate weaker wind area in Alabama and Mississippi. Dominant hazards were destructive winds; large hail; isolated severe wind in the Southeast."
2022-07-12,ENH,multi_region_multi_mode,possible,medium,qlcs_bowing_wind_tornado|southeast_multicell_or_clusters,cold_front|outflow_boundary|warm_front|mixed_mode|cluster_supercells|large_hail|significant_wind,cold front|prefrontal trough|local outflow boundaries,clusters|line segments|isolated supercells,locally damaging winds|isolated hail,storm_coverage_uncertain|instability_recovery|mode_transition|boundary_interaction,The severe threat stretched from New England through the Mid-Atlantic into the central Appalachians and Tennessee Valley. Dominant hazards were locally damaging winds; isolated hail.
2022-07-18,ENH,multi_region_multi_mode,likely,medium,forward_propagating_mcs_wind|warm_front_baroclinic_tornado,cold_front|warm_front|mcs|cluster_supercells|bow_echo|significant_wind|very_large_hail|tornado_focus,northern Plains front|warm front/instability axis|Mid-Atlantic prefrontal trough,supercells|clusters/MCS|line segments,destructive severe gusts|hail|a couple tornadoes,mcs_timing|mode_transition|boundary_interaction|multi_region_uncertainty,"The strongest ENH signal was from northeastern Montana to northern North Dakota, with a separate Mid-Atlantic wind and tornado corridor. Dominant hazards were destructive severe gusts; hail; a couple tornadoes."
2022-07-23,ENH,forward_propagating_mcs_wind,core,high,mcv_mcs_outflow_reintensification|mixed_discrete_to_qlcs_outbreak,cold_front|warm_front|outflow_boundary|mcs|bow_echo|derecho|widespread_wind_damage|significant_wind|large_hail|qlcs_tornadoes,MCS/outflow boundary from Iowa into Illinois|cold front|warm-sector instability gradient,ongoing MCS|supercells along outflow|bowing clusters,damaging gusts over 75 mph|large hail|a couple tornadoes,prior_convection|ofb_placement|mcs_timing|boundary_interaction|mode_transition,An Upper Midwest to central Appalachians severe day was driven by MCSs and outflow-boundary redevelopment. Dominant hazards were damaging gusts over 75 mph; large hail; a couple tornadoes.
2022-07-24,ENH,qlcs_bowing_wind_tornado,possible,medium,forward_propagating_mcs_wind|multi_region_multi_mode,cold_front|outflow_boundary|mcs|bow_echo|mixed_mode|large_hail|significant_wind,cold front|lake-breeze/outflow interactions|Front Range outflow,clusters|line segments|high-based storms,damaging wind gusts|isolated large hail,storm_coverage_uncertain|boundary_interaction|mode_transition|instability_recovery,"The primary severe threat extended from the lower Great Lakes into the St. Lawrence Valley, with another High Plains wind/hail area. Dominant hazards were damaging wind gusts; isolated large hail."
2022-08-29,ENH,derecho_or_serial_mcs_wind,likely,high,forward_propagating_mcs_wind|qlcs_bowing_wind_tornado,cold_front|outflow_boundary|mcs|bow_echo|qlcs|widespread_wind_damage|significant_wind,cold front|Iowa/Illinois upscale-growth corridor|squall-line outflow,upscale-growing storms|squall line|bowing segments,scattered to numerous severe winds|isolated hail,mcs_timing|cold_pool_evolution|mode_transition|boundary_interaction,Storms over Iowa organized into a damaging-wind system that moved from the mid Mississippi Valley into Lower Michigan. Dominant hazards were scattered to numerous severe winds; isolated hail.
2022-09-18,ENH,elevated_nocturnal_hail_mcs,possible,medium,conditional_capped_supercells|classic_discrete_tornadic_supercells,mcs|elevated_convection|discrete_supercells|very_large_hail|significant_wind|tornado_focus|cap_conditional|nocturnal_evolution,nocturnal instability gradient|low-level jet|weak surface boundary,elevated supercells|scattered nocturnal storms|small clusters,very large hail|severe gusts|a tornado or two,cap_conditional|nocturnal_evolution|storm_coverage_uncertain|moisture_quality,A late-season nocturnal ENH focused from southeast Iowa and northeast Missouri into central Illinois as inhibition slowly weakened. Dominant hazards were very large hail; severe gusts; a tornado or two.
2022-09-28,ENH,tropical_cyclone_tornado_rainbands,none,high,warm_front_baroclinic_tornado|classic_discrete_tornadic_supercells,warm_front|discrete_supercells|tropical_rainbands|strong_tornadoes|low_level_shear|storm_coverage_uncertain,Hurricane Ian rainbands|east-central Florida coastal convergence|tropical warm sector,mini-supercells in rainbands|low-topped supercells,tornadoes,rainband_timing|storm_coverage_uncertain|boundary_interaction,Hurricane Ian produced an ENH tornado setup across central and east-central Florida in tropical rainband mini-supercells. Dominant hazards were tornadoes.
2022-11-04,MDT,classic_discrete_tornadic_supercells,none,high,mixed_discrete_to_qlcs_outbreak|dryline_supercell_hail_tornado,dryline|cold_front|discrete_supercells|cyclic_supercells|qlcs|violent_tornado_possible|strong_tornadoes|significant_wind|large_hail|mode_transition,dryline/Pacific front|surface cyclone|cold front,discrete tornadic supercells|cyclic supercells|evolving QLCS,intense tornadoes|damaging winds|large hail,cap_conditional|mode_transition|storm_coverage_uncertain|nocturnal_evolution,"The ArkLaTex severe episode began with discrete supercells capable of strong to intense tornadoes, then became more linear in the evening. Dominant hazards were intense tornadoes; damaging winds; large hail."
2022-11-29,MDT,classic_discrete_tornadic_supercells,none,high,high_end_tornado_outbreak|mixed_discrete_to_qlcs_outbreak,cold_front|warm_front|discrete_supercells|cyclic_supercells|strong_tornadoes|very_large_hail|significant_wind|nocturnal_evolution|cap_conditional,warm sector ahead of cold front|warm front/baroclinic zone|prefrontal confluence,discrete supercells|clusters|eventual line segments,strong tornadoes|damaging wind gusts|large hail,cap_conditional|mode_transition|nocturnal_evolution|moisture_quality,A late-fall Lower Mississippi Valley to Southeast tornado event featured discrete supercells in a strongly sheared warm sector. Dominant hazards were strong tornadoes; damaging wind gusts; large hail.
2022-12-13,ENH,classic_discrete_tornadic_supercells,none,high,mixed_discrete_to_qlcs_outbreak|warm_front_baroclinic_tornado,cold_front|warm_front|discrete_supercells|training_convection|strong_tornadoes|large_hail|significant_wind|flash_flood_overlap|nocturnal_evolution,warm front|prefrontal confluence|cold front,discrete supercells|clusters|training bands,tornadoes|locally damaging winds|large hail|heavy-rain overlap,nocturnal_evolution|storm_coverage_uncertain|mode_transition|training_convection,Northern and central Louisiana into southwest Mississippi had a supercell tornado threat that persisted into the night. Dominant hazards were tornadoes; locally damaging winds; large hail; heavy-rain overlap.
2022-12-14,MDT,classic_discrete_tornadic_supercells,none,high,high_end_tornado_outbreak|warm_front_baroclinic_tornado,cold_front|warm_front|discrete_supercells|cyclic_supercells|strong_tornadoes|violent_tornado_possible|significant_wind|large_hail|nocturnal_evolution,Gulf Coast warm sector|warm front/baroclinic zone|cold front/prefrontal confluence,numerous supercells|cyclic supercells|small clusters,strong long-track tornadoes|damaging thunderstorm winds|large hail,mode_transition|nocturnal_evolution|storm_coverage_uncertain|boundary_interaction,"Southern Mississippi, southern Alabama, and the Florida Panhandle had numerous supercells and a significant strong-tornado threat. Dominant hazards were strong long-track tornadoes; damaging thunderstorm winds; large hail."
2023-01-02,ENH,mixed_discrete_to_qlcs_outbreak,possible,high,warm_front_baroclinic_tornado|dryline_supercell_hail_tornado,warm_front|cold_front|dryline|discrete_supercells|mixed_mode|qlcs|strong_tornadoes|very_large_hail|prior_convection|cap_conditional|mode_transition,warm front|Pacific cold front|dryline|western edge of richer warm-sector moisture,discrete supercells|semi-discrete supercells|clusters|eventual linear segments,tornadoes|damaging winds|large hail,prior_convection|instability_recovery|cap_conditional|mode_transition|storm_coverage_uncertain,"A negatively tilted Plains trough drove multiple rounds of storms from eastern Oklahoma and Texas into the Arklatex and Mid-South. The forecast favored discrete to semi-discrete supercells initially, with strong tornado potential, before clustering and linear growth increased damaging-wind and embedded-tornado risk overnight. Early warm-advection convection and storm interference made the quality of the warm sector a central uncertainty."
2023-01-03,ENH,qlcs_bowing_wind_tornado,possible,medium,southeast_multicell_or_clusters|warm_front_baroclinic_tornado,cold_front|warm_front|qlcs|embedded_supercells|strong_tornadoes|qlcs_tornadoes|significant_wind|instability_recovery|prior_convection,cold front|warm-sector moisture plume|residual convective boundaries,line segments|embedded supercells|clusters,tornadoes|damaging winds|hail,prior_convection|instability_recovery|mode_transition|boundary_interaction,"The event shifted into the Southeast with a tornado and damaging-wind threat from Mississippi and Alabama toward Georgia and the Florida Panhandle. Convection was messy, with line segments and embedded supercells favored as forcing increased overnight. The forecast noted that earlier waves and precipitation complicated shear and instability recovery."
2023-01-12,ENH,mixed_discrete_to_qlcs_outbreak,none,high,qlcs_bowing_wind_tornado|southeast_multicell_or_clusters,cold_front|qlcs|embedded_supercells|strong_tornadoes|qlcs_tornadoes|significant_wind|large_hail|mode_transition,cold front|prefrontal confluence|warm-sector instability corridor,quasi-linear convective line|embedded supercells|broken line segments,tornadoes|damaging winds|hail,mode_transition|storm_interference|instability_recovery,"A fast-moving severe line and embedded supercells affected the Tennessee Valley and Southeast. The 20Z outlook emphasized a significant tornado corridor from south-central Alabama into west-central Georgia, while MDs highlighted supercell tornado potential embedded within and near the line. Damaging tornadoes and wind were the main concerns."
2023-01-19,ENH,qlcs_bowing_wind_tornado,none,high,cold_core_low_cape,cold_front|qlcs|low_topped_convection|significant_wind|isolated_tornadoes|large_hail|limited_instability,sharpening cold front|surface low track,low-topped line|broken convective arc,damaging winds|brief tornadoes|hail,limited_instability|diurnal_timing|storm_coverage_uncertain,"This was a compact low-topped severe wind setup across Indiana and Ohio. Strong forcing and deep wind fields compensated for small CAPE, with a broken line racing east along the cold front. The enhanced area focused on scattered 60-80 mph gusts, with only marginal tornado and hail potential."
2023-01-24,ENH,warm_front_baroclinic_tornado,none,high,qlcs_bowing_wind_tornado|southeast_multicell_or_clusters,warm_front|surface_low|coastal_front|supercells|qlcs|strong_tornadoes|qlcs_tornadoes|significant_wind|moisture_quality,slowly advancing warm front|surface low|coastal warm-sector edge,coastal supercells|squall line|embedded circulations,tornadoes|damaging winds|hail,warm_front_position|moisture_quality|instability_recovery|nocturnal_evolution,"A Gulf Coast cyclone focused low-level moisture and shear along and south of a warm front from southeast Texas into Louisiana, Mississippi, Alabama, and the Florida Panhandle. Early discrete coastal supercells transitioned into a surging squall line with embedded tornado potential. The main uncertainty was how far north surface-based instability could reach."
2023-02-08,ENH,qlcs_bowing_wind_tornado,possible,medium,warm_front_baroclinic_tornado|mixed_discrete_to_qlcs_outbreak,warm_front|cold_front|qlcs|low_topped_supercells|embedded_supercells|qlcs_tornadoes|significant_wind|prior_convection|instability_recovery,warm front|cold front|deepening surface cyclone,clusters|low-topped supercells|line segments,tornadoes|damaging winds|hail,prior_convection|instability_recovery|mode_transition|watch_need_uncertain,"A lower to mid-Mississippi Valley severe episode evolved within a deepening cyclone and strengthening wind fields. Earlier widespread convection reduced confidence in the magnitude of the tornado threat, but embedded supercells and line segments still supported a few tornadoes and scattered damaging winds. The day was mainly a messy low-CAPE/strong-shear evolution."
2023-02-15,ENH,multi_region_multi_mode,none,medium,dryline_supercell_hail_tornado|elevated_nocturnal_hail_mcs,dryline|cold_front|warm_advection|discrete_supercells|elevated_convection|qlcs|very_large_hail|tornadoes|nocturnal_evolution|cap_conditional,dryline|surface front|warm-advection corridor,discrete storms|elevated clusters|line segments,large hail|damaging winds|tornadoes,cap_conditional|nocturnal_evolution|storm_coverage_uncertain|mode_transition,"The severe risk was split between late-day dryline/frontal storms in north Texas and southern Oklahoma and a nocturnal lower Mississippi Valley/Mid-South tornado and wind corridor. Capping and timing limited early coverage, while the overnight low-level jet favored increasing tornado potential farther east. Hail was prominent initially, with wind and tornado risk increasing overnight."
2023-02-16,ENH,classic_discrete_tornadic_supercells,none,high,mixed_discrete_to_qlcs_outbreak|southeast_multicell_or_clusters,cold_front|prefrontal_confluence|discrete_supercells|cluster_supercells|strong_tornadoes|very_large_hail|significant_wind|moisture_quality,prefrontal confluence band|cold front|warm-sector moisture axis,supercells|clusters|broken line segments,tornadoes|large hail|damaging winds,moisture_quality|local_corridors|storm_coverage_uncertain|wind_profile_disorganization,"Warm-sector storms developed from Mississippi and Alabama into middle Tennessee beneath strong shear. SPC highlighted a mostly supercell mode, with isolated strong tornado potential and accompanying large hail and damaging gusts. Mesoscale details such as local corridors and wind-profile quality affected where the tornado threat maximized."
2023-02-26,MDT,derecho_or_serial_mcs_wind,core,high,qlcs_bowing_wind_tornado|mixed_discrete_to_qlcs_outbreak,pacific_front|cold_front|qlcs|bow_echo|mcs|derecho|widespread_wind_damage|significant_wind|qlcs_tornadoes|strong_tornadoes,Pacific cold front|deepening surface low|intense midlevel jet,fast-moving line|embedded supercells|bowing segments,widespread damaging winds|embedded tornadoes|large hail,mcs_timing|mode_transition|nocturnal_evolution|tornado_with_qlcs,"A high-shear southern Plains system produced a likely serial derecho from the Texas Panhandle and western Oklahoma into central/eastern Oklahoma and surrounding areas. The setup combined an intense ejecting trough and Pacific front with a fast convective band, producing 80-110 mph wind potential. Embedded tornadoes, including a strong-tornado risk in southwest Oklahoma, accompanied the wind-driven event."
2023-03-01,ENH,mixed_discrete_to_qlcs_outbreak,none,medium,dryline_supercell_hail_tornado|elevated_nocturnal_hail_mcs,cold_front|warm_advection|discrete_supercells|mixed_mode|very_large_hail|strong_tornadoes|significant_wind|nocturnal_evolution,diffuse cold front|warm-advection corridor|low-level jet,supercells|clusters|line segments,large hail|damaging winds|tornadoes,storm_coverage_uncertain|nocturnal_evolution|mode_transition,"A focused severe corridor extended from the Arklatex into the Tennessee Valley. The environment supported supercells with very large hail and a few tornadoes, then increasing clusters as low-level flow strengthened overnight. A strong tornado was possible, but forcing was not especially robust, keeping coverage somewhat uncertain."
2023-03-02,MDT,mixed_discrete_to_qlcs_outbreak,none,high,dryline_supercell_hail_tornado|warm_front_baroclinic_tornado,dryline|cold_front|warm_front|discrete_supercells|qlcs|very_large_hail|giant_hail|strong_tornadoes|significant_wind|mode_transition,dryline|approaching cold front|stationary/warm front|surface low,supercells|storm complex|QLCS,very large hail|tornadoes|damaging winds,mode_transition|warm_front_position|storm_interference|nocturnal_evolution,"A strong southern Plains system produced severe storms from northeast Texas into the Arklatex and lower Mississippi Valley. Early supercells and a storm complex posed baseball-sized or larger hail and strong tornado potential, with damaging winds increasing as the system organized eastward. The warm front added a focused tornado corridor while the dryline/cold front supported broader hail and wind risk."
2023-03-03,ENH,qlcs_bowing_wind_tornado,none,high,mixed_discrete_to_qlcs_outbreak|cold_core_low_cape,warm_front|cold_front|qlcs|bow_echo|embedded_supercells|qlcs_tornadoes|significant_wind|limited_instability,sharp warm front|cold front|deep surface low,fast-moving QLCS|embedded supercells|bowing segments,damaging winds|tornadoes|hail,limited_instability|warm_front_position|storm_motion|mode_transition,"An intense cyclone drove a fast-moving line from the Ohio Valley toward the southern Appalachians. The main threat was scattered severe damaging wind swaths, with brief tornadoes favored along embedded circulations and near the sharp warm front. Low instability limited some areas, but the wind field was strong enough to sustain a notable QLCS threat."
2023-03-16,ENH,dryline_supercell_hail_tornado,none,high,mixed_discrete_to_qlcs_outbreak,dryline|cold_front|supercells|qlcs|very_large_hail|tornadoes|significant_wind|mode_transition,dryline|strong cold front|warm-sector instability axis,supercells|semi-continuous line|clusters,large hail|damaging winds|tornadoes,mode_transition|storm_coverage_uncertain|nocturnal_weakening,"Southern and eastern Texas saw supercells and clusters ahead of a strong cold front, later growing upscale toward a line into Arkansas and Louisiana. Very large hail was prominent with the initial supercells, while damaging wind and a couple tornadoes persisted into the evening. The threat gradually became more linear as the front advanced southeast."
2023-03-24,MDT,high_end_tornado_outbreak,possible,high,classic_discrete_tornadic_supercells|mixed_discrete_to_qlcs_outbreak,cold_front|warm_advection|discrete_supercells|cyclic_supercells|strong_tornadoes|violent_tornado_possible|significant_wind|nocturnal_evolution,cold front|low-level jet|lower Mississippi Valley warm sector,discrete supercells|clusters|line segments,strong to intense tornadoes|damaging winds|large hail,nocturnal_evolution|storm_coverage_uncertain|mode_transition|instability_recovery,"This was a lower Mississippi Valley and Tennessee Valley tornado outbreak day, including intense supercells across Mississippi. Earlier outlooks reached Moderate Risk before the 01Z outlook retained an Enhanced-level ongoing threat. MDs documented a strong-to-intense tornado environment and an ongoing violent tornado, with damaging winds also spreading east overnight."
2023-03-26,MDT,mixed_discrete_to_qlcs_outbreak,likely,medium,classic_discrete_tornadic_supercells|southeast_multicell_or_clusters,warm_advection|outflow_boundary|discrete_supercells|cluster_supercells|very_large_hail|strong_tornadoes|significant_wind|convective_overturning|instability_recovery,warm/moist advection corridor|differential recovery zones|residual convective overturning,supercells|clusters|line segments,tornadoes|very large hail|damaging winds,instability_recovery|prior_convection|ofb_placement|mode_transition,"Multiple severe corridors affected the Gulf Coast states into Georgia, with the evening focus shifting toward south-central Alabama and western Georgia. Earlier convection overturned portions of Mississippi, forcing substantial probability adjustments while low-level winds strengthened into Alabama and Georgia. The environment supported dominant supercells with very large hail and a strong tornado or two."
2023-03-31,HIGH,high_end_tornado_outbreak,possible,high,mixed_discrete_to_qlcs_outbreak|derecho_or_serial_mcs_wind,dryline|cold_front|warm_front|discrete_supercells|cyclic_supercells|qlcs|mcs|strong_tornadoes|violent_tornado_possible|very_large_hail|widespread_wind_damage,deep surface cyclone|cold front|dryline|warm front|low-level jet,discrete supercells|long-track supercells|QLCS|MCS line segments,strong to violent tornadoes|widespread damaging winds|very large hail,mode_transition|storm_interference|warm_front_position|nocturnal_evolution,"A dangerous High Risk tornado outbreak unfolded across the Mississippi Valley, with bimodal High Risk areas and multiple long-track supercells. Discrete tornadic supercells were followed by several QLCS/MCS structures that continued the tornado and destructive wind threat into the night. Very large hail accompanied the intense supercells."
2023-04-01,ENH,qlcs_bowing_wind_tornado,likely,high,cold_core_low_cape|multi_region_multi_mode,cold_front|prefrontal_trough|outflow_boundary|qlcs|embedded_supercells|bow_echo|significant_wind|qlcs_tornadoes,prefrontal wind shift|cold front|outflow from ongoing convection,low-topped line segments|embedded supercells|clusters,damaging winds|tornadoes|hail,instability_recovery|mode_transition|diurnal_timing|storm_coverage_uncertain,"The day after the major outbreak featured fast-moving convection from the Ohio Valley into the Mid-Atlantic and Northeast, plus a secondary southeast Georgia threat. Damaging wind was the main concern, with a couple tornadoes possible where embedded supercells developed. Outflow and prefrontal wind-shift placement affected the corridor of renewed intensification."
2023-04-02,ENH,dryline_supercell_hail_tornado,none,high,classic_discrete_tornadic_supercells,dryline|shortwave_trough|discrete_supercells|very_large_hail|strong_tornadoes|cap_conditional|mode_transition|nocturnal_evolution,eastward-mixing dryline|compact shortwave trough|returning moisture axis,discrete supercells|clusters|later upscale growth,very large hail|tornadoes|damaging winds,cap_conditional|mode_transition|storm_coverage_uncertain|nocturnal_evolution,"Central to northeast Texas saw an afternoon and evening dryline supercell setup. SPC highlighted very large hail and several tornadoes, including potential for a strong tornado, before convection became more clustered later. A separate overnight Gulf Coast upgrade was noted, but the Enhanced day was dominated by Texas supercells."
2023-04-04,MDT,mixed_discrete_to_qlcs_outbreak,none,medium,classic_discrete_tornadic_supercells|dryline_supercell_hail_tornado|multi_region_multi_mode,warm_front|dryline|cold_front|discrete_supercells|qlcs|very_large_hail|strong_tornadoes|significant_wind|storm_coverage_uncertain,warm front|dryline|cold front|broad warm sector,discrete supercells|line segments|clusters,tornadoes|very large hail|damaging winds,storm_coverage_uncertain|mode_transition|nocturnal_evolution|boundary_interaction,"A multi-region Moderate Risk day extended from the Upper Great Lakes to Texas. Iowa/Illinois/Missouri supercells produced tornado and very large hail potential, while overnight development from the Ozarks to the Arklatex was more uncertain but still dangerous. The setup had broad ascent and multiple boundaries, making exact initiation corridors difficult."
2023-04-05,ENH,qlcs_bowing_wind_tornado,none,high,mixed_discrete_to_qlcs_outbreak,cold_front|qlcs|bow_echo|embedded_supercells|significant_wind|qlcs_tornadoes|large_hail|mode_transition,cold front|prefrontal broken line|warm-sector instability,broken convective line|bowing segments|embedded supercells,damaging winds|large hail|tornadoes,mode_transition|cloud_cover|destabilization|eastward_extent,"A long broken convective band extended from the Great Lakes to east Texas and Louisiana. The main threat was damaging winds with bowing structures and embedded cells, though a few tornadoes and hail remained possible. Confidence in a more widespread wind event was tempered by clouds and convective trends."
2023-04-13,ENH,cold_core_low_cape,none,medium,warm_front_baroclinic_tornado|southeast_multicell_or_clusters,warm_front|dry_slot|upper_low|low_cape|cluster_supercells|brief_tornadoes|large_hail|damaging_wind|storm_coverage_uncertain,slowly northward warm front|upper low dry slot|lee trough in High Plains,low-topped supercells|clusters|isolated high-based storms,tornadoes|damaging winds|hail,midlevel_moisture|storm_coverage_uncertain|warm_front_position,"A cut-off upper low and dry slot supported a Southeast severe risk with brief tornadoes, damaging gusts, and isolated hail. The key boundary was a slowly advancing warm front, especially across Georgia and nearby areas. Forecast uncertainty centered on midlevel moisture and mixing under the upper low."
2023-04-15,ENH,multi_region_multi_mode,likely,medium,forward_propagating_mcs_wind|dryline_supercell_hail_tornado,cold_front|mcs|bow_echo|discrete_supercells|mixed_mode|very_large_hail|significant_wind|tornadoes|prior_convection,trailing cold front|ongoing MCS cold pool|surface boundaries from Missouri to Texas,MCS|supercells|line segments|clusters,large hail|damaging winds|tornadoes,mcs_timing|mode_transition|prior_convection|storm_coverage_uncertain,"Several severe regimes occurred from the lower Mississippi Valley to the mid-Mississippi Valley and Texas. An MCS over Louisiana provided a damaging-wind focus, while later supercells and lines from Arkansas/Missouri/Illinois produced very large hail, wind, and a tornado or two. The evening became more linear as stronger forcing spread east."
2023-04-19,ENH,dryline_supercell_hail_tornado,none,high,classic_discrete_tornadic_supercells|elevated_nocturnal_hail_mcs,dryline|warm_front|cold_front|discrete_supercells|very_large_hail|strong_tornado_possible|damaging_wind|nocturnal_evolution|cap_conditional,dryline|cold front|warm front|low-level jet,supercells|organized clusters|elevated storms,very large hail|tornadoes|damaging winds,cap_conditional|nocturnal_evolution|storm_coverage_uncertain|boundary_interaction,"Multiple rounds of severe storms affected the Mid-Missouri Valley and southern Plains. Oklahoma supercells produced very large hail and tornado potential, while Kansas/Nebraska/Iowa storms persisted near the frontal zone. A nocturnal low-level jet supported additional hail and wind risk overnight."
2023-04-23,ENH,forward_propagating_mcs_wind,core,high,derecho_or_serial_mcs_wind,mcs|bow_echo|cold_pool|widespread_wind_damage|significant_wind|large_hail|south_texas|morning_convection,MCS cold pool|leading gust front|moist instability axis,long-lived linear MCS|bowing line,damaging winds|large hail,mcs_timing|cold_pool_intensity|coastal_exit_timing,"A long-lived linear MCS crossed deep South Texas during the morning into afternoon. The event was a compact, system-driven damaging-wind and hail day, ending as the line moved offshore. There was little discrete-supercell or tornado signal in the packet."
2023-04-26,ENH,multi_region_multi_mode,likely,medium,dryline_supercell_hail_tornado|ofb_differential_heating_supercells,outflow_boundary|warm_front|supercells|cluster_supercells|mixed_mode|very_large_hail|tornadoes|significant_wind|boundary_interaction,outflow/warm-front intersection|weak surface low|Florida sea-breeze/colliding boundaries,supercells|upscale-growing clusters|Florida supercells,very large hail|damaging winds|tornadoes,boundary_interaction|mode_transition|storm_coverage_uncertain|eastward_extent,"Central and southeast Texas had supercells and clusters with very large hail, a few tornadoes, and increasing damaging-wind potential. Florida also had severe hail/wind tied to colliding boundaries. The Texas risk evolved from more discrete hail/tornado storms into organized clusters moving east-southeast."
2023-04-28,ENH,dryline_supercell_hail_tornado,none,high,mixed_discrete_to_qlcs_outbreak,dryline|cold_front|triple_point|discrete_supercells|giant_hail|very_large_hail|strong_tornado_possible|significant_wind|mode_transition,surface triple point|remnant lee trough/dryline|surging cold front,intense supercells|semi-discrete storms|MCS,giant hail|damaging winds|tornadoes,mode_transition|storm_coverage_uncertain|left_splits|southern_extent,"Central Texas was the primary focus for destructive hail, severe wind, and a couple tornadoes. Initial intense supercells developed near the triple point, with giant hail and a strong tornado possible, then convection was expected to grow upscale into an MCS. The damaging-wind threat increased as storms consolidated."
2023-05-06,ENH,multi_region_multi_mode,likely,medium,forward_propagating_mcs_wind|dryline_supercell_hail_tornado,warm_front|dryline|mcs|discrete_supercells|very_large_hail|tornadoes|significant_wind|mode_transition|baroclinic_zone,warm frontal boundary|dryline|lee trough|modified baroclinic zone,supercells|MCS|clusters,large hail|damaging winds|tornadoes,mode_transition|mcs_timing|boundary_interaction|nocturnal_evolution,"Severe storms occurred in both the southern Plains and the mid-Mississippi Valley. Northern Missouri and Iowa supercells near a baroclinic zone evolved toward an MCS with hail, wind, and tornado potential, while Texas/Oklahoma storms produced large hail and severe gusts. The day was messy and multi-regime."
2023-05-07,ENH,forward_propagating_mcs_wind,core,high,dryline_supercell_hail_tornado|multi_region_multi_mode,front|dryline|mcs|discrete_supercells|very_large_hail|destructive_wind|tornadoes|mode_transition|nocturnal_evolution,front across Iowa/Kansas|dryline intersection|low-level jet,initial supercells|MCS|clusters,damaging winds|very large hail|tornadoes,mcs_timing|mode_transition|nocturnal_evolution|storm_coverage_uncertain,Central Plains storms began as intense supercells with very large hail and tornado potential before growing upscale. The primary corridor from Kansas/Nebraska into the Mid-Mississippi Valley favored destructive wind gusts as the low-level jet strengthened. Southern Plains storms were a secondary hail/wind regime.
2023-05-09,ENH,forward_propagating_mcs_wind,core,high,northwest_flow_mcs|multi_region_multi_mode,outflow_boundary|mcs|bow_echo|cold_pool|very_large_hail|significant_wind|brief_tornadoes|widespread_wind_damage|mcs_timing,expanding surface cold pool|outflow boundary|instability gradient,bowing MCS|embedded supercells|clusters,damaging winds|very large hail|brief tornadoes,mcs_timing|cold_pool_intensity|downstream_watch_need|storm_coverage_uncertain,"A severe MCS matured over Kansas and moved east-southeast toward Missouri. The event was dominated by swaths of significant wind and very large hail, with brief tornadoes possible in embedded circulations. Additional regions, including eastern North Carolina and southeast Virginia, had separate but secondary severe threats."
2023-05-10,ENH,high_plains_upslope_supercells,none,high,dryline_supercell_hail_tornado,upslope|warm_front|dryline|terrain_circulation|discrete_supercells|very_large_hail|significant_wind|tornadoes|cap_conditional,lee cyclone|warm front|High Plains upslope flow|southern High Plains dryline,supercells|high-based storms|clusters,large hail|damaging winds|tornadoes,storm_coverage_uncertain|cap_conditional|eastward_extent|moisture_quality,"The central and southern High Plains had a classic upslope/lee-cyclone severe setup. Supercells developed along the Front Range and High Plains with large to very large hail, severe winds, and a few tornadoes possible. A secondary Louisiana severe/tornado risk was isolated compared to the Plains focus."
2023-05-11,ENH,classic_discrete_tornadic_supercells,possible,high,high_plains_upslope_supercells|multi_region_multi_mode,dryline|lee_cyclone|discrete_supercells|strong_tornadoes|very_large_hail|significant_wind|mcs|outflow_boundary|instability_recovery,dryline|lee trough|moisture axis|decaying MCS outflow in Southeast,discrete supercells|line segments|decaying MCS,tornadoes|very large hail|damaging winds,storm_coverage_uncertain|instability_recovery|boundary_interaction|timing,"Central and southern Oklahoma were the focus for strong tornadic supercells within a moist, strongly unstable warm sector. The greatest tornado concern peaked near south-central Oklahoma and the Oklahoma City metro, while western Kansas/Nebraska and the Southeast had secondary severe areas. Hail and damaging wind accompanied the supercell risk."
2023-05-12,ENH,multi_region_multi_mode,possible,medium,dryline_supercell_hail_tornado|elevated_nocturnal_hail_mcs,dryline|cold_front|occluded_front|discrete_supercells|cluster_supercells|very_large_hail|tornadoes|significant_wind|storm_coverage_uncertain,surface low|occluded front|dryline/cold front|southern Plains cold front,supercells|clusters|larger storm clusters,large hail|damaging winds|tornadoes,storm_coverage_uncertain|mode_transition|boundary_interaction|nocturnal_evolution,"The mid-Missouri Valley and central Plains had supercells near the surface low and occluded/front-dryline structure. Tornado potential was greatest in northeast Nebraska, while Kansas into Missouri storms favored hail and damaging winds. Southern Plains storms were more isolated but occurred in a highly unstable, weak-flow environment."
2023-05-16,ENH,forward_propagating_mcs_wind,core,high,southeast_multicell_or_clusters,warm_front|outflow_boundary|lee_trough|mcs|bow_echo|damaging_wind|brief_tornadoes|large_hail|mode_transition,composite warm front/outflow boundary|weak surface low|lee trough,organizing cluster|line of storms|multicell clusters,damaging winds|hail|brief tornadoes,ofb_placement|mode_transition|storm_coverage_uncertain|downstream_intensity,"A shortwave trough supported an organizing cluster from Kentucky/Tennessee toward Virginia and North Carolina. The damaging-wind risk increased as the cluster crossed the Cumberland Plateau and Appalachians into the Piedmont, with isolated hail and a brief tornado also possible. The northern extent was limited by a composite warm front/outflow boundary."
2023-05-24,ENH,high_plains_upslope_supercells,none,high,dryline_supercell_hail_tornado,dryline|upslope|terrain_circulation|discrete_supercells|cluster_supercells|very_large_hail|damaging_wind|brief_tornadoes|storm_coverage_uncertain,higher terrain|dryline|eastern New Mexico/west Texas border|surface trough,multicells|transient supercells|supercell complex,large hail|damaging winds|brief tornadoes,storm_coverage_uncertain|cell_mergers|evening_longevity,"The southern High Plains were the main risk area, with storms moving off terrain and the dryline into eastern New Mexico and west Texas. Large to very large hail and severe gusts were the primary hazards, with a brief tornado or two possible near the New Mexico/Texas border. Eastern Montana had a smaller hail/gust threat."
2023-05-26,ENH,high_plains_upslope_supercells,none,high,multi_region_multi_mode,upslope|terrain_circulation|squall_line|discrete_supercells|very_large_hail|damaging_wind|brief_tornadoes|nocturnal_evolution,higher terrain|High Plains upslope regime|western trough flow|nocturnal low-level jet,supercells|broken squall line|clusters,large hail|damaging winds|brief tornadoes,storm_longevity|nocturnal_evolution|eastward_extent,"Severe storms developed across the central and southern High Plains and then moved east/northeast through the evening. Supercells produced large hail, damaging winds, and a couple tornadoes, while a broken squall line also affected the central/northern High Plains. The southern High Plains threat lingered into the overnight with hail and wind."
2023-05-30,ENH,high_plains_upslope_supercells,likely,high,forward_propagating_mcs_wind,upslope|terrain_circulation|high_based_convection|squall_line|mcs|significant_wind|large_hail|cold_pool|mcs_timing,higher terrain|central High Plains moisture gradient|storm outflow/cold pools,high-based storms|squall lines|clusters,severe wind gusts|large hail,cold_pool_intensity|mcs_timing|convective_overturning|storm_longevity,"The central and southern High Plains had scattered storms that organized into squall lines from Nebraska into the Texas/Oklahoma Panhandles. Severe gusts, some at least 75 mph, were the primary hazard, with hail secondary. Convective overturning locally reduced the enhanced wind corridor."
2023-06-02,ENH,high_plains_upslope_supercells,likely,high,dryline_supercell_hail_tornado|forward_propagating_mcs_wind,upslope|terrain_circulation|discrete_supercells|cluster_supercells|giant_hail|tornadoes|significant_wind|mcs|mode_transition,southern High Plains upslope|terrain initiation|outflow mergers,discrete supercells|supercell clusters|eventual MCS,giant hail|damaging winds|tornadoes,mode_transition|mcs_timing|storm_mergers|downstream_watch_need,"The southern High Plains had an intense supercell day with baseball- to softball-sized hail, tornadoes, and severe wind gusts. Discrete activity in west Texas and southeast New Mexico gradually grew upscale, increasing the wind threat. The packet repeatedly emphasized giant hail and a possible MCS transition."
2023-06-10,ENH,southeast_multicell_or_clusters,likely,medium,forward_propagating_mcs_wind|multi_region_multi_mode,mcs|outflow_boundary|cluster_supercells|mixed_mode|large_hail|damaging_wind|prior_convection|storm_coverage_uncertain,storm outflows|Piney Woods/Sabine River instability axis|High Plains terrain,clusters|supercells|MCS remnants,damaging winds|large hail,prior_convection|outflow_placement|storm_longevity|watch_need_uncertain,"Southeast Texas into southwest Louisiana was the main evening focus, with clusters crossing a very unstable air mass and producing damaging wind and hail. A slow-moving MCS and subsequent outflows shaped parts of the Gulf Coast threat, while separate High Plains storms posed hail/wind. The day was cluster-dominated rather than a classic synoptic outbreak."
2023-06-11,ENH,multi_region_multi_mode,possible,medium,southeast_multicell_or_clusters|dryline_supercell_hail_tornado,cold_front|upslope|mcs|supercells|large_hail|very_large_hail|damaging_wind|tornadoes|mode_transition,cold front|Tennessee Valley instability axis|upslope flow into High Plains|Texas moisture axis,line clusters|supercells|multicell clusters,damaging winds|large hail|tornadoes,multi_region_timing|mode_transition|storm_coverage_uncertain|outflow_interaction,"A broad severe day covered the Tennessee Valley/Mid-South, central Texas, and the south-central High Plains. The Tennessee Valley threat increasingly became linear with damaging winds, while Texas and High Plains storms included supercells with large hail and a tornado risk. Multiple regions and storm modes kept confidence lower on the dominant event type."
2023-06-12,ENH,dryline_supercell_hail_tornado,possible,high,multi_region_multi_mode,dryline|outflow_boundary|discrete_supercells|split_supercells|giant_hail|tornadoes|damaging_wind|storm_coverage_uncertain,central Texas instability corridor|storm outflows|southern High Plains boundaries,supercells|left and right splits|clusters,giant hail|damaging winds|tornadoes,storm_coverage_uncertain|outflow_interaction|mode_transition|multi_region_timing,"Central Texas was the dominant severe corridor, with supercell clusters producing very large to giant hail, damaging winds, and a couple tornadoes. Additional severe areas existed across the Mid-Atlantic and Southeast, but the Enhanced character was tied to the central Texas hail/tornado setup. Storm splits and interactions complicated hazard placement."
2023-06-13,ENH,multi_region_multi_mode,possible,medium,elevated_nocturnal_hail_mcs|high_plains_upslope_supercells,baroclinic_zone|warm_advection|elevated_convection|split_supercells|mcs|large_hail|very_large_hail|damaging_wind|storm_coverage_uncertain,west-east baroclinic zone|warm-advection regime|southern Rockies impulse,elevated supercells|clusters|High Plains storms,large hail|damaging winds|tornadoes,storm_coverage_uncertain|elevated_vs_surface_based|mode_transition|multi_region_timing,"Severe storms occurred from the southern High Plains to the Southeast, with the highest coverage over north Texas. Elevated and surface-based storms along a baroclinic zone produced large hail and damaging winds, while High Plains development added another hail/wind corridor. Tornado potential was secondary and conditional."
2023-06-14,MDT,derecho_or_serial_mcs_wind,core,high,forward_propagating_mcs_wind|mixed_discrete_to_qlcs_outbreak,mcs|bow_echo|derecho|cold_pool|cluster_supercells|strong_tornadoes|very_large_hail|widespread_wind_damage|significant_wind,instability gradient|approaching bow echo|midlevel jet streak|convective outflows,intense bow echo|MCS|supercells|line segments,widespread damaging winds|large hail|tornadoes,mcs_timing|cold_pool_intensity|derecho_persistence|boundary_interaction,"A major MCS/bow-echo severe-wind day unfolded across the lower Mississippi Valley and Southeast, with additional supercell and tornado risk. SPC explicitly monitored for a derecho-producing MCS and issued PDS severe thunderstorm guidance. Very large hail and a few strong tornadoes were possible in embedded or discrete storms."
2023-06-15,MDT,derecho_or_serial_mcs_wind,core,high,forward_propagating_mcs_wind|multi_region_multi_mode,mcs|bow_echo|cold_pool|supercells|giant_hail|significant_wind|widespread_wind_damage|tornadoes|mode_transition,severe linear MCS|instability axis|shortwave/vorticity max|low-level jet,linear MCS|supercells|clusters,damaging winds|very large hail|tornadoes,mcs_maintenance|mode_transition|multi_region_timing|nocturnal_evolution,"A severe MCS in northwest Oklahoma and additional southern Plains storms were expected to spread east-southeast into the Arklatex and lower Mississippi Valley. The Moderate Risk included greater than 80 mph wind potential, very large hail over 3 inches, and a few tornadoes. Separate Gulf Coast and Ohio Valley threats were secondary."
2023-06-17,ENH,multi_region_multi_mode,likely,medium,forward_propagating_mcs_wind|dryline_supercell_hail_tornado,dryline|mcs|outflow_boundary|supercells|very_large_hail|significant_wind|tornadoes|nocturnal_evolution|multi_region,dryline|convective outflows|central/southern Plains instability axis|Florida outflow,supercells|MCSs|clusters,damaging winds|very large hail|tornadoes,mcs_timing|outflow_placement|multi_region_timing|nocturnal_evolution,"A broad severe day spanned the central/southern Plains to Florida. Initial supercells produced very large hail and tornado potential, while the overnight focus shifted toward one or more wind-producing complexes from Oklahoma and north Texas toward Mississippi. Florida had a separate outflow-driven damaging wind/hail threat."
2023-06-18,ENH,classic_discrete_tornadic_supercells,possible,medium,southeast_multicell_or_clusters|mixed_discrete_to_qlcs_outbreak,warm_advection|outflow_boundary|discrete_supercells|cluster_supercells|strong_tornadoes|very_large_hail|significant_wind|instability_recovery,warm/moist advection corridor|ArkLaMiss storm-initiation zone|central Mississippi instability/shear corridor,supercells|clusters|complex of storms,tornadoes|large hail|damaging winds,instability_recovery|storm_coverage_uncertain|boundary_interaction|nocturnal_evolution,"The lower Mississippi Valley and Southeast had a focused evening tornado and hail/wind risk, especially across central/northern Mississippi into western Alabama. Strong instability and shear supported supercells, including potential for a strong tornado. Earlier elevated storms and later complexes complicated the exact corridor."
2023-06-21,ENH,high_plains_upslope_supercells,likely,medium,forward_propagating_mcs_wind|multi_region_multi_mode,upslope|outflow_boundary|supercells|mcs|giant_hail|significant_wind|tornadoes|mode_transition|ridge_periphery,southern High Plains outflows|upslope flow|convectively modulated height weakness|terrain,supercells|clusters|convective complexes,very large to giant hail|damaging winds|tornadoes,outflow_placement|mode_transition|mcs_timing|storm_coverage_uncertain,"Intense storms affected Texas, the southern High Plains, and the central High Plains. Supercells produced large to giant hail, severe gusts, and tornado potential, with consolidation into convective complexes expected during the evening. Outflow interactions were explicitly noted as important for storm behavior in the Texas Caprock and nearby areas."
2023-06-23,ENH,high_plains_upslope_supercells,likely,medium,forward_propagating_mcs_wind|multi_region_multi_mode,upslope|mcs|supercells|very_large_hail|tornadoes|significant_wind|mcs_timing|storm_coverage_uncertain,High Plains upslope regime|low-level jet|surface boundaries over SD/NE/TX,intense supercells|supercell clusters|overnight MCS,very large hail|damaging winds|tornadoes,mcs_timing|storm_coverage_uncertain|mode_transition|outflow_interaction,"The High Plains produced intense supercells from eastern Wyoming and southeast Colorado into Nebraska, South Dakota, and southwest Kansas. A later MCS was expected to develop over Nebraska and southern South Dakota with possible severe gusts above 75 mph. Texas and southern Oklahoma had a more uncertain outflow-modulated overnight scenario."
2023-06-25,ENH,northwest_flow_mcs,core,high,forward_propagating_mcs_wind|mixed_discrete_to_qlcs_outbreak,mcs|bow_echo|outflow_boundary|supercells|very_large_hail|tornadoes|significant_wind|widespread_wind_damage|northwest_flow,northwest-flow instability corridor|outflow boundaries|shortwave trough|surface boundaries,small bowing clusters|MCS|supercells,damaging winds|large hail|tornadoes,mcs_timing|outflow_placement|mode_transition|multi_region_timing,A broad Ohio Valley to Mid/Deep South severe episode featured multiple clusters and supercells. Bowing clusters produced swaths of damaging wind while discrete storms supported very large hail and tornadoes. The packet emphasized both southward-sagging MCS behavior and later redevelopment across several regions.
2023-06-26,ENH,multi_region_multi_mode,possible,medium,southeast_multicell_or_clusters|high_plains_upslope_supercells,outflow_boundary|supercells|clusters|mcs|large_hail|very_large_hail|damaging_wind|tornadoes|convective_overturning,Carolina Piedmont instability/shear corridor|mid/upper low|High Plains shortwave|Wyoming terrain,discrete storms|clusters|supercells,damaging winds|large hail|tornadoes,convective_overturning|multi_region_timing|storm_coverage_uncertain|mode_transition,"The primary evening risk shifted to the Carolinas and southeast Virginia, where storms were expected to grow upscale and produce damaging winds with isolated tornado/hail potential. A separate Wyoming to central High Plains supercell regime supported very large hail. Widespread convection farther north reduced the severe threat with time."
2023-06-27,MDT,forward_propagating_mcs_wind,core,high,derecho_or_serial_mcs_wind|high_plains_upslope_supercells,mcs|bow_echo|outflow_boundary|cold_pool|very_large_hail|significant_wind|widespread_wind_damage|tornadoes|mcs_timing,southern Kansas/northern Oklahoma baroclinic corridor|storm outflows|low-level jet,bowing MCS|supercells|clusters,damaging winds|very large hail|tornadoes,mcs_timing|cold_pool_intensity|upscale_growth|downstream_extent,"A bowing complex evolved across southern Kansas and northern Oklahoma and moved east overnight. Early supercell hazards included very large hail and perhaps a tornado, but very strong damaging winds over 80 mph became the dominant threat. Additional Nebraska/South Dakota storms had large hail, wind, and tornado potential."
2023-06-29,MDT,forward_propagating_mcs_wind,core,high,high_plains_upslope_supercells|northwest_flow_mcs,mcs|bow_echo|outflow_boundary|cold_pool|upslope|very_large_hail|significant_wind|widespread_wind_damage|line_embedded_tornadoes,ongoing Missouri/Illinois MCS cold pool|stalled front|post-frontal upslope flow|remnant outflow,prominent MCS|bow echo|supercells|clusters,damaging winds|large hail|tornadoes,mcs_timing|outflow_placement|downstream_airmass_recovery|multi_region_timing,A prominent MCS moved from Missouri/Illinois toward Indiana/Kentucky/Tennessee with significant wind potential and line-embedded tornado risk. The 1630Z outlook briefly carried Moderate Risk before the 20Z outlook trimmed areas behind the stabilized MCS. A separate Front Range/central Plains upslope supercell regime produced very large hail and isolated tornado potential.
2023-07-01,ENH,southeast_multicell_or_clusters,likely,medium,forward_propagating_mcs_wind|multi_region_multi_mode,outflow_boundary|mcs|cluster_supercells|mixed_mode|damaging_wind|large_hail|prior_convection|storm_coverage_uncertain,multiple storm outflows|Missouri/OH Valley instability corridors|Permian Basin boundary confluence,storm clusters|multicells|isolated supercells,damaging winds|large hail,prior_convection|outflow_placement|storm_coverage_uncertain|downstream_intensity,"Multiple clusters affected Missouri, Indiana, Kentucky, and the Ohio Valley with damaging-wind potential. Outflow from Southeast convection limited the southward extent, while the Permian Basin and northern High Plains had isolated hail/wind regimes. The day was a warm-season cluster event rather than a clean frontal outbreak."
2023-07-02,ENH,forward_propagating_mcs_wind,likely,medium,southeast_multicell_or_clusters|mcv_mcs_outflow_reintensification,mcv|mcs|outflow_boundary|clusters|damaging_wind|large_hail|training_convection|storm_coverage_uncertain,weak frontal zone|MCVs|low-level flow regime|terrain boundaries,organizing cluster|multicell clusters|transient supercells,damaging winds|hail|isolated tornadoes,mcv_track|storm_coverage_uncertain|mode_transition|downstream_intensity,"A broad warm-season convective day had the highest organized cluster/wind potential across the lower Ohio Valley. MCVs also helped focus Mid-Atlantic development, while weaker deep-layer organization kept many areas multicellular. Damaging winds were the primary Enhanced hazard with hail and a few tornadoes secondary."
2023-07-03,ENH,forward_propagating_mcs_wind,core,high,high_plains_upslope_supercells,mcs|bow_echo|terrain_circulation|cold_pool|very_large_hail|significant_wind|damaging_wind|mcs_timing,northern Wyoming shortwave|Black Hills instability axis|southeasterly inflow,supercells|squall line|progressive MCS,severe wind gusts|very large hail,mcs_timing|cold_pool_intensity|storm_longevity|downstream_extent,A progressive MCS evolved from northern Wyoming toward the Black Hills and western South Dakota. Very steep lapse rates and strong shear supported very large hail early and 60-80 mph wind swaths as the line matured. A secondary Mid-Atlantic damaging-wind risk waned in the evening.
2023-07-04,ENH,forward_propagating_mcs_wind,core,high,high_plains_upslope_supercells,front|outflow_boundary|mcs|cold_pool|cluster_supercells|damaging_wind|large_hail|mcs_timing,frontal corridor|outflow boundary|Colorado higher terrain|surface trough,clusters|MCS|supercells,damaging winds|large hail,mcs_timing|cold_pool_intensity|outflow_placement|upscale_growth,"Central Plains storms formed along an outflow/frontal corridor and expanded into clusters during the evening. Damaging winds and hail were the main hazards, with upscale growth and southeastward propagation emphasized. Colorado High Plains storms were a secondary wind/hail regime."
2023-07-06,ENH,high_plains_upslope_supercells,likely,high,forward_propagating_mcs_wind,upslope|terrain_circulation|baroclinic_zone|discrete_supercells|mcs|very_large_hail|tornadoes|damaging_wind|nocturnal_evolution,eastern Colorado High Plains|baroclinic zone|terrain circulation|strengthening low-level jet,supercells|clusters|upscale-growing MCS,large hail|damaging winds|tornadoes,cap_conditional|nocturnal_evolution|mode_transition|storm_longevity,"Eastern Colorado storms were expected to track into western Kansas and northwest Oklahoma late at night. Initial supercells produced large hail and tornado potential, then activity gradually grew upscale with increasing damaging-wind risk. Capping and redevelopment timing were key uncertainties."
2023-07-07,ENH,mcv_mcs_outflow_reintensification,core,high,forward_propagating_mcs_wind|ofb_differential_heating_supercells,outflow_boundary|effective_boundary|differential_heating_boundary|mcs|cold_pool|damaging_wind|large_hail|boundary_interaction|mcs_timing,remnant outflow boundary|baroclinic zone|differential surface heating,organizing cluster|decaying line|multicell cluster,damaging winds|large hail,ofb_placement|boundary_interaction|mcs_timing|eastward_extent,"An organizing storm cluster moved from the eastern Texas Panhandle into western and central Oklahoma. Its evolution was rooted in a remnant outflow boundary and differential heating, with damaging winds and isolated hail as the main hazards. Severe potential decreased east of I-35 as the line decayed."
2023-07-10,ENH,northwest_flow_mcs,likely,medium,forward_propagating_mcs_wind|multi_region_multi_mode,northwest_flow|mcs|cluster_supercells|large_hail|damaging_wind|outflow_boundary|mode_transition|multi_region,ridge-periphery shortwaves|cluster outflows|central Plains instability corridor,clusters|upscale-growing MCS|supercells,large hail|damaging winds,mcs_timing|storm_coverage_uncertain|mode_transition|multi_region_timing,"Weak shortwaves cresting the western ridge supported clusters from the upper Midwest into the Great Plains. Large hail was common with stronger updrafts, while some clusters grew upscale and produced damaging winds. The day had several scattered corridors rather than one dominant boundary."
2023-07-11,ENH,high_plains_upslope_supercells,likely,high,forward_propagating_mcs_wind,terrain_circulation|mcs|supercells|surface_boundary|very_large_hail|significant_wind|mcs_timing|nocturnal_evolution,Black Hills terrain|surface boundary into Nebraska|strengthening low-level jet,supercells|upscale-growing cluster|nocturnal MCS,very large hail|damaging winds,mcs_timing|nocturnal_evolution|upscale_growth|storm_longevity,"Northern High Plains supercells developed near the Black Hills and then grew upscale toward northern Nebraska and South Dakota. Large to very large hail dominated early, with scattered damaging/severe wind gusts increasing overnight as a cluster organized along a surface boundary. Tornado potential was minimal in the packet."
2023-07-12,ENH,multi_region_multi_mode,possible,medium,qlcs_bowing_wind_tornado|forward_propagating_mcs_wind,cold_front|warm_front|mcs|supercells|qlcs|tornadoes|very_large_hail|significant_wind|nocturnal_evolution,Great Lakes shortwave/front|increasing low-level jet|Kansas/Missouri instability axis,QLCS|supercells|nocturnal clusters,damaging winds|tornadoes|large hail,multi_region_timing|mode_transition|nocturnal_evolution|mcs_timing,The day had two primary regimes: a Great Lakes/Indiana-Michigan tornado and wind threat and a Kansas/Missouri nocturnal severe wind and very large hail setup. The latter was expected to develop into one or more clusters as the low-level jet increased. Mixed modes made a single class difficult.
2023-07-13,ENH,multi_region_multi_mode,possible,medium,qlcs_bowing_wind_tornado|high_plains_upslope_supercells,cold_front|warm_front|supercells|qlcs|very_large_hail|damaging_wind|brief_tornadoes|multi_region|storm_coverage_uncertain,New York cold front|Ontario low/warm front|eastern Colorado moist axis|Panhandle boundaries,line of storms|supercells|clusters,damaging winds|large hail|brief tornadoes,multi_region_timing|storm_coverage_uncertain|mode_transition|eastward_extent,"Severe risk was split between a Northeast/New England line and Plains supercells. Eastern New York and western Vermont were the most concentrated wind corridor, with brief tornado potential, while eastern Colorado into the Panhandles had very large hail and developing damaging wind risk. The day was geographically and dynamically mixed."
2023-07-14,ENH,forward_propagating_mcs_wind,core,high,northwest_flow_mcs,mcs|bow_echo|cold_pool|northwest_flow|significant_wind|widespread_wind_damage|large_hail|mcs_timing,warm-advection zone|instability gradient|MCS cold pool,fast-moving MCS|bowing cluster|line segments,damaging winds|large hail,mcs_timing|cold_pool_intensity|downstream_intensity|watch_timing,"A severe MCS moved southeast from Nebraska into Kansas and Oklahoma. The main risk was scattered to numerous severe wind gusts, some 75-80+ mph, with large hail also possible. Other regions had isolated severe threats, but the Enhanced day was defined by the Plains MCS."
2023-07-18,ENH,forward_propagating_mcs_wind,core,high,northwest_flow_mcs,mcs|bow_echo|cold_pool|northwest_flow|outflow_boundary|significant_wind|widespread_wind_damage|large_hail,convectively influenced boundary|northwest-flow corridor|MCS cold pool|warm-advection zone,fast-moving bowing MCS|clusters|elevated storms,damaging winds|large hail,mcs_timing|outflow_placement|redevelopment|downstream_intensity,A fast-moving bowing MCS tracked from Missouri into Kentucky and Tennessee with scattered to numerous damaging winds. A later elevated redevelopment corridor was possible along a convectively influenced boundary to the northwest. The event fits the classic warm-season northwest-flow MCS wind pattern.
2023-07-20,ENH,multi_region_multi_mode,likely,medium,forward_propagating_mcs_wind|high_plains_upslope_supercells,mcs|cold_front|shortwave_trough|supercells|qlcs|very_large_hail|damaging_wind|tornadoes|multi_region,central Plains shortwaves|cold front|Great Lakes trough|southern Appalachians trough,MCS|linear MCS|supercells|clusters,damaging winds|large hail|tornadoes,multi_region_timing|mcs_timing|mode_transition|storm_coverage_uncertain,"Several severe corridors occurred: a southern/central Plains MCS, a lower Great Lakes linear MCS, and a southern Atlantic seaboard MCS. The Plains regime supported very large hail and perhaps a tornado, while the eastern regimes focused on wind damage. The result was a broad multi-MCS, multi-region day."
2023-07-26,ENH,forward_propagating_mcs_wind,core,high,northwest_flow_mcs,mcs|bow_echo|cold_pool|embedded_supercells|significant_wind|large_hail|brief_tornadoes|mcs_timing,ongoing Lower Michigan MCSs|Lake Michigan/southern Wisconsin convective corridor|High Plains terrain,MCSs|bowing clusters|embedded supercells,damaging winds|large hail|brief tornadoes,mcs_timing|downstream_destabilization|watch_timing|storm_coverage_uncertain,"Ongoing MCSs over Lake Michigan, Lower Michigan, and southern Wisconsin drove the main severe threat. As they moved into a more unstable air mass, damaging winds were the primary hazard, with embedded supercells capable of hail or a brief tornado. Central High Plains storms were a secondary severe-wind risk."
2023-07-27,ENH,northwest_flow_mcs,possible,medium,classic_discrete_tornadic_supercells|multi_region_multi_mode,cold_front|surface_boundary|supercells|mcs|very_large_hail|significant_wind|tornadoes|multi_region,sagging Minnesota boundary|Northeast shortwave trough|central High Plains terrain,supercells|clusters|MCS,damaging winds|large hail|tornadoes,mode_transition|multi_region_timing|storm_coverage_uncertain|downstream_watch_need,"The strongest severe signal was over Minnesota and Wisconsin, where supercells with very large hail were expected to persist and later produce a broader damaging-wind threat. The Northeast had a separate damaging-wind and tornado risk, while the central High Plains/Rockies had additional gust/hail potential. The day was multi-region but the Upper Midwest boundary was the key Enhanced focus."
2023-07-28,ENH,forward_propagating_mcs_wind,core,high,northwest_flow_mcs,mcs|warm_advection|surface_boundary|cold_pool|large_hail|significant_wind|mcs_timing|nocturnal_evolution,warm-advection corridor|boundary from southern Wisconsin into northern Indiana|shortwave trough,large complexes|MCS|clusters,damaging winds|large hail,mcs_timing|nocturnal_evolution|downstream_extent|mode_transition,Storm complexes over Wisconsin and northeast Iowa were expected to spread southeast into northern Illinois and Indiana. Warm advection along a boundary supported additional development and possible upscale growth into larger MCSs. Damaging winds and large hail were the primary hazards.
2023-07-29,ENH,forward_propagating_mcs_wind,core,high,northwest_flow_mcs|multi_region_multi_mode,mcs|bow_echo|cold_pool|rear_inflow_jet|damaging_wind|large_hail|mcs_timing|model_guidance_mismatch,well-developed cold pool|rear-inflow jet|advancing cold front|central High Plains boundary,organized bowing MCS|clusters|supercells,damaging winds|large hail,model_guidance_mismatch|mcs_timing|downstream_persistence|storm_coverage_uncertain,"A well-organized bowing MCS crossed the central Plains/lower Missouri Valley with a history of measured severe gusts. Guidance was inconsistent on whether it would weaken, making downstream persistence a key forecast challenge. Additional severe storms occurred from the Mid-Atlantic to the High Plains, but the MCS was central."
2023-07-30,ENH,high_plains_upslope_supercells,likely,high,forward_propagating_mcs_wind,terrain_circulation|mcs|supercells|very_large_hail|significant_wind|cold_pool|mcs_timing|mode_transition,Black Hills terrain|northern High Plains shortwave|High Plains moisture axis,supercells|clusters|MCSs,large hail|damaging winds,mcs_timing|mode_transition|storm_coverage_uncertain|cold_pool_intensity,"Supercells developed from the Black Hills into the central High Plains and were expected to congeal into one or more MCSs. Very large hail was the main early hazard, with severe gusts increasing as storms organized. A Missouri cluster produced a secondary gust risk."
2023-08-03,ENH,forward_propagating_mcs_wind,likely,medium,high_plains_upslope_supercells|southeast_multicell_or_clusters,terrain_circulation|mcs|clusters|large_hail|damaging_wind|nocturnal_evolution|storm_coverage_uncertain,central High Plains terrain/outflows|increasing moisture/instability axis|low-level jet into Mid-South,clusters|possible MCS|elevated overnight clusters,damaging winds|large hail,mcs_timing|upscale_growth|nocturnal_evolution|storm_coverage_uncertain,Central High Plains storms produced severe wind gusts and had potential for upscale growth into western Kansas and southwest Nebraska. Additional overnight clusters were possible from southeast Missouri into Tennessee/northern Mississippi/Alabama. The main Enhanced signal was a conditional nocturnal severe-wind corridor from High Plains clusters.
2023-08-05,ENH,multi_region_multi_mode,likely,medium,mcv_mcs_outflow_reintensification|high_plains_upslope_supercells,remnant_mcv|mcs|surface_trough|supercells|very_large_hail|tornadoes|significant_wind|multi_region|boundary_interaction,Indiana MCV|surface trough in Missouri Valley|central Plains/High Plains boundaries,supercells|clusters|MCV-associated storms,large hail|damaging winds|tornadoes,mcv_track|boundary_interaction|storm_coverage_uncertain|multi_region_timing,"Severe risk was distributed across central Plains, Missouri Valley, and Indiana. The central Plains had potential for very large hail and severe winds, while a tornado or two was possible in Iowa/Nebraska and with the Indiana MCV. The day had several mesoscale foci rather than one clean corridor."
2023-08-07,MDT,qlcs_bowing_wind_tornado,possible,high,derecho_or_serial_mcs_wind|mixed_discrete_to_qlcs_outbreak,shortwave_trough|qlcs|bow_echo|discrete_supercells|widespread_wind_damage|significant_wind|tornadoes|strong_tornadoes|multi_region,advancing shortwave trough|Appalachian/Mid-Atlantic warm sector|prefrontal bands,bands of storms|QLCS|discrete supercells|clusters,widespread damaging winds|tornadoes|large hail,mode_transition|multi_region_timing|storm_interference|downstream_destabilization,"A widespread eastern U.S. severe-weather outbreak unfolded from the Ohio/Tennessee Valleys through the Appalachians and Mid-Atlantic. Very strong August wind fields supported widespread and locally destructive damaging winds, while tornadoes were possible with discrete and embedded supercells. The event was high-impact and multi-modal but wind dominated."
2023-08-08,ENH,high_plains_upslope_supercells,likely,high,forward_propagating_mcs_wind,stationary_front|upslope|supercells|mcs|very_large_hail|significant_wind|tornadoes|mode_transition|mcs_timing,stationary High Plains boundary|southeast surface winds|Front Range/High Plains terrain,supercells|coagulating clusters|possible MCS,large hail|severe winds|tornadoes,mcs_timing|mode_transition|storm_longevity|eastward_extent,"Central High Plains supercells produced tornadoes and very large hail from northeast Colorado into western Nebraska and Kansas. The 01Z outlook noted potential for an MCS to develop from coagulating outflows, though cellular mode could persist. Severe gusts, hail, and a tornado or two remained possible overnight."
2023-08-09,ENH,ofb_differential_heating_supercells,core,medium,warm_front_baroclinic_tornado|forward_propagating_mcs_wind,effective_boundary|warm_front|outflow_boundary|discrete_supercells|mcs|strong_tornadoes|very_large_hail|significant_wind|ofb_placement,effective warm front|outflow from AL/TN cluster|worked-over air mass|Ozarks/Mid-South boundaries,discrete supercells|organized linear segment|clusters,damaging winds|tornadoes|large hail,ofb_placement|storm_coverage_uncertain|worked_over_airmass|mode_transition,"The Ozarks to Tennessee Valley severe threat was strongly boundary-modulated. SPC trimmed areas where earlier convection left a worked-over air mass, while focusing tornado potential near an effective warm front from Arkansas into the Missouri Bootheel. Damaging winds and large hail accompanied both discrete warm-sector storms and an organized linear segment."
2023-08-11,ENH,multi_region_multi_mode,possible,medium,northwest_flow_mcs|elevated_nocturnal_hail_mcs,surface_boundary|low_level_jet|supercells|mcs|very_large_hail|damaging_wind|large_hail|storm_coverage_uncertain,southeast Minnesota/Wisconsin boundary|northeast Kansas/Missouri low-level convergence|low-level jet,supercells|bowing segment|clusters|possible MCS,damaging winds|large hail,storm_coverage_uncertain|mcs_timing|mode_transition|multi_region_timing,"Severe storms affected the Upper Midwest and Kansas/Missouri/western Illinois corridors. Wisconsin and Iowa had supercells and a bowing segment with wind and hail, while extreme instability from Kansas to Illinois supported damaging hail and wind if storms could initiate. The day was multi-region with conditional evening initiation in the southern corridor."
2023-08-12,ENH,multi_region_multi_mode,possible,medium,qlcs_bowing_wind_tornado|high_plains_upslope_supercells,cold_front|supercells|clusters|mcs|damaging_wind|large_hail|tornadoes|prior_convection|multi_region,cold front from Ohio into New York|earlier convective outflow/overturning|Black Hills boundary,supercells|linear clusters|small bow,damaging winds|large hail|tornadoes,prior_convection|convective_overturning|multi_region_timing|mode_transition,"The main severe corridor extended from northeast Ohio through Pennsylvania into central New York, with damaging wind, hail, and a few tornadoes. Earlier convection reduced risk in parts of the Mid-South/OH/TN Valley, while separate High Plains storms developed near the Black Hills. Multiple corridors kept the day mixed despite a focused Great Lakes/Northeast threat."
2023-08-13,ENH,mcv_mcs_outflow_reintensification,core,high,forward_propagating_mcs_wind|elevated_nocturnal_hail_mcs,mcs|outflow_boundary|frontal_zone|clusters|damaging_wind|large_hail|nocturnal_evolution|mcs_timing,MCS from mid-Mississippi Valley|frontal zone|Kansas/Oklahoma instability corridor,reintensifying MCS|clusters|small supercells,damaging winds|large hail|isolated tornadoes,mcs_reintensification|mcs_timing|frontal_zone_placement|nocturnal_evolution,"An MCS moving across the mid-Mississippi Valley was expected to reintensify, while additional Kansas/Oklahoma storms developed later along and south of the frontal zone. Damaging winds were the dominant hazard, with hail and a tornado or two secondary. The overnight Arkansas/Ozarks threat depended on how far severe gusts persisted downstream."
2023-08-24,ENH,derecho_or_serial_mcs_wind,core,high,qlcs_bowing_wind_tornado,mcs|squall_line|bow_echo|cold_pool|significant_wind|widespread_wind_damage|tornadoes|large_hail|mcs_timing,Lower Michigan/northern Ohio instability corridor|squall-line gust front|northern Plains shortwave,squall line|bowing MCS|rotating storms|multicell line segments,damaging winds|tornadoes|large hail,mcs_timing|cold_pool_intensity|tornado_with_line|downstream_extent,A wind-damage swath was likely from southern Lower Michigan into northeast Ohio and far northwest Pennsylvania. Significant gusts over 75 mph and a few tornadoes were possible with the squall line and embedded rotations. A northern Plains hail/wind threat was secondary.
2023-08-30,ENH,tropical_cyclone_tornado_rainbands,none,high,classic_discrete_tornadic_supercells,tropical_cyclone|rainbands|mini_supercells|discrete_supercells|tornadoes|coastal_front|strong_low_level_shear|nocturnal_evolution,Hurricane Idalia circulation|coastal Carolinas rainbands|onshore supercell bands,mini-supercells|transient supercells|rainband convection,tornadoes|strong gusts,rainband_placement|coastal_track|nocturnal_evolution|shoreline_instability,Hurricane/Tropical Storm Idalia produced a coastal Carolinas tornado threat as rotating rainband supercells moved onshore. The risk shifted northeast with the cyclone center and became focused toward the Outer Banks later in the evening. A separate western North Dakota gust threat was unrelated and secondary.
2023-09-23,ENH,dryline_supercell_hail_tornado,possible,high,mixed_discrete_to_qlcs_outbreak,cold_front|supercells|cluster_supercells|very_large_hail|tornadoes|damaging_wind|prior_convection|instability_recovery,cold front|eastern Oklahoma/southwest Missouri instability corridor|earlier thunderstorm rounds,supercells|clusters|frontal storms,large to very large hail|damaging winds|tornadoes,instability_recovery|prior_convection|storm_evolution_uncertain|frontal_timing,"Eastern Oklahoma into southwest Missouri had the main evening severe risk ahead of a cold front. Supercells with favorable low-level hodographs supported large to very large hail, damaging winds, and a couple tornadoes. Farther north, prior rounds of storms reduced instability and limited the severe threat."
2023-10-03,ENH,mixed_discrete_to_qlcs_outbreak,none,high,dryline_supercell_hail_tornado,cold_front|dryline|supercells|qlcs|very_large_hail|damaging_wind|tornadoes|cap_conditional|mode_transition,central Plains cold front|High Plains buoyancy plume|northwest Oklahoma/Texas Panhandle dryline,supercells|mixed mode|line segments|QLCS,large hail|damaging winds|tornadoes,mode_transition|storm_coverage_uncertain|moisture_quality|cap_conditional,"A central Plains severe event began with supercells and evolved toward mixed modes and a QLCS along and near the cold front. Very large hail and damaging winds were the main hazards, with a few tornadoes possible but less certain because of moisture quality. Southern Plains dryline storms were more conditional."
2023-10-04,ENH,dryline_supercell_hail_tornado,none,high,mixed_discrete_to_qlcs_outbreak,dryline|cold_front|supercells|linear_segments|very_large_hail|damaging_wind|mode_transition|multiple_rounds,cold front across north Texas|West Texas dryline|frontal zone near DFW,supercells|clusters|linearly organized band,large hail|damaging winds,mode_transition|eastward_extent|multiple_rounds|storm_coverage_uncertain,"Texas severe storms developed along the dryline and cold front, with initial supercells producing large to very large hail. The greatest higher-end hail/wind risk focused from the Big Country to near/north of the Dallas/Fort Worth metro. Storms gradually consolidated into a more linear band, shifting the hazard toward damaging winds."
2023-11-20,ENH,classic_discrete_tornadic_supercells,none,high,mixed_discrete_to_qlcs_outbreak,cold_front|warm_sector|discrete_supercells|strong_tornadoes|damaging_wind|large_hail|low_cape_high_shear|nocturnal_evolution,progressive cold front|lower Mississippi Valley warm sector|upper low diffluence,scattered supercells|clusters|line segments,tornadoes|damaging winds|hail,low_cape_high_shear|nocturnal_evolution|eastward_extent|storm_mode,"A cool-season lower Mississippi Valley tornado setup produced scattered supercells from eastern Louisiana into Mississippi. Strong shear and modest CAPE supported tornadoes, including a couple strong tornadoes, plus damaging winds and isolated hail. The risk was expected to spread toward Alabama later at night."
2023-11-30,ENH,warm_front_baroclinic_tornado,possible,medium,conditional_capped_supercells|elevated_nocturnal_hail_mcs,warm_front|surface_low|maritime_warm_sector|elevated_convection|low_topped_supercells|tornadoes|large_hail|moisture_quality|storm_coverage_uncertain,middle/upper Texas coastal warm sector|surface low/triple point|modified Gulf moisture plume,conditional surface-based supercells|elevated storms|low-topped storms,tornadoes|hail|isolated damaging winds,moisture_quality|storm_coverage_uncertain|warm_front_position|low_probability_tornado,"Southeast Texas and the northwest Gulf Coast had a conditional tornado setup in a returning maritime warm sector. Overnight Gulf convection temporarily degraded moisture trajectories, making timing and storm coverage uncertain. Farther north, elevated hail and locally strong wind were the secondary hazards across north/east Texas and southern Oklahoma."
2023-12-09,ENH,mixed_discrete_to_qlcs_outbreak,none,high,classic_discrete_tornadic_supercells|qlcs_bowing_wind_tornado,cold_front|prefrontal_supercells|discrete_supercells|qlcs|strong_tornadoes|large_hail|significant_wind|mode_transition|low_cape_high_shear,southeastward-moving cold front|developing instability plume|enhanced low-level shear corridor,discrete supercells|mixed mode|eventual QLCS,tornadoes|large hail|damaging winds,mode_transition|instability_axis_width|storm_coverage_uncertain|qlcs_tornadoes,A December severe/tornado event unfolded from the lower Mississippi Valley into Tennessee and Kentucky. Discrete supercells in the developing instability plume produced the greatest damaging tornado risk before storm coverage along the front increased and became more linear. Large hail and damaging winds accompanied both the discrete and QLCS phases.
2024-01-08,ENH,mixed_discrete_to_qlcs_outbreak,none,high,warm_front_baroclinic_tornado|qlcs_bowing_wind_tornado,warm_front|cold_front|discrete_supercells|qlcs|strong_tornadoes|significant_wind|mode_transition|nocturnal_evolution,warm front along Gulf Coast|advancing cold front|narrow maritime warm sector,semi-discrete supercells|prefrontal cells|fast QLCS|embedded mesovortices,tornadoes|damaging winds|large hail,instability_recovery|mode_transition|storm_coverage_uncertain|nocturnal_evolution,A Gulf Coast severe episode evolved from southeast Texas into the western Florida Panhandle. Supercells near the warm front transitioned toward a fast QLCS with damaging winds and tornadoes overnight.
2024-01-09,ENH,qlcs_bowing_wind_tornado,none,high,mixed_discrete_to_qlcs_outbreak|southeast_multicell_or_clusters,cold_front|qlcs|bow_echo|embedded_supercells|qlcs_tornadoes|strong_tornadoes|significant_wind|mode_transition,prefrontal convective line|cold front|Southeast warm sector,extensive QLCS|embedded supercells|brief prefrontal supercells|bowing segments,damaging winds|tornadoes|isolated hail,instability_recovery|mode_transition|storm_interference,"The prior Gulf Coast system translated across Florida, Georgia, the Carolinas, and southern Virginia. Damaging winds and QLCS tornadoes dominated, with conditional stronger tornado potential where prefrontal supercells matured."
2024-01-11,ENH,mixed_discrete_to_qlcs_outbreak,none,medium,elevated_nocturnal_hail_mcs|qlcs_bowing_wind_tornado,cold_front|discrete_supercells|elevated_convection|qlcs|very_large_hail|strong_tornadoes|nocturnal_evolution|mode_transition,approaching cold front|Ark-La-Tex warm sector|strong low-level jet,elevated storms|supercells|developing line segments|overnight clusters,large hail|damaging winds|tornadoes,prior_convection|nocturnal_evolution|mode_transition|storm_coverage_uncertain,A fast-moving southern Plains trough supported nocturnal severe storms over the Ark-La-Tex. Initial hail and wind potential transitioned toward a broader all-hazards mixed mode as the low-level jet strengthened.
2024-01-12,ENH,qlcs_bowing_wind_tornado,none,high,southeast_multicell_or_clusters|mixed_discrete_to_qlcs_outbreak,cold_front|pacific_front|qlcs|bow_echo|qlcs_tornadoes|significant_wind|widespread_wind_damage|mode_transition,cold front|prefrontal trough or Pacific front remnant|Southeast warm sector,consolidated line|QLCS|embedded circulations|short bowing segments,damaging winds|tornadoes|marginal hail,mode_transition|instability_recovery|storm_coverage_uncertain,"An intense line swept from the Mid-South into the Tennessee Valley, Southeast, and Carolinas. Significant wind gusts were the lead hazard, with embedded tornadoes while the line remained organized."
2024-02-11,ENH,warm_front_baroclinic_tornado,likely,high,elevated_nocturnal_hail_mcs|ofb_differential_heating_supercells,warm_front|outflow_boundary|elevated_convection|discrete_supercells|cluster_supercells|very_large_hail|strong_tornadoes|prior_convection,warm front from Louisiana into Mississippi|outflow boundary|north edge of richer buoyancy,elevated supercells|surface-based supercells near the boundary|clusters,tornadoes|very large hail|damaging winds,prior_convection|ofb_placement|instability_recovery|storm_coverage_uncertain,A warm-front severe episode unfolded from southeast Texas into Louisiana and Mississippi. Elevated hail storms evolved toward surface-based supercells where storms interacted favorably with the warm front and outflow zone.
2024-02-27,ENH,mixed_discrete_to_qlcs_outbreak,none,high,warm_front_baroclinic_tornado|dryline_supercell_hail_tornado,warm_front|cold_front|dryline|discrete_supercells|mixed_mode|qlcs|strong_tornadoes|very_large_hail|nocturnal_evolution,surface low|east-west boundary or warm front|dryline|fast cold front,tornadic supercells|bowing segments|broken frontal line|clusters,tornadoes|large hail|damaging winds,cap_conditional|mode_transition|nocturnal_evolution|storm_coverage_uncertain,"Supercells developed near the surface low and boundary over northern Illinois before severe storms expanded into the Ohio Valley. Significant tornado potential was concentrated early, then mixed line segments and supercells spread east overnight."
2024-03-13,ENH,warm_front_baroclinic_tornado,possible,high,elevated_nocturnal_hail_mcs|mixed_discrete_to_qlcs_outbreak,warm_front|discrete_supercells|mcs|elevated_convection|very_large_hail|strong_tornadoes|mode_transition|nocturnal_evolution,warm-frontal corridor|lower Missouri Valley instability gradient|low-level jet,supercells|elevated hail storms|developing MCS or severe cluster,very large hail|tornadoes|damaging winds,mode_transition|mcs_timing|nocturnal_evolution|storm_coverage_uncertain,Warm-frontal storms from northern Kansas into Missouri produced a hail-focused evening severe threat. Supercells early were expected to transition toward a severe cluster or MCS overnight.
2024-03-14,ENH,multi_region_multi_mode,likely,high,mixed_discrete_to_qlcs_outbreak|dryline_supercell_hail_tornado,cold_front|dryline|outflow_boundary|mcs|discrete_supercells|mixed_mode|very_large_hail|strong_tornadoes|significant_wind,cold front|dryline|warm front|multiple convective boundaries,numerous supercells|MCS|clusters|line segments,very large hail|damaging winds|tornadoes,prior_convection|instability_recovery|mode_transition|boundary_interaction|storm_coverage_uncertain,A broad multi-region severe day extended from Texas and Oklahoma into the Midwest and Ohio Valley. Numerous supercells produced hail and tornado risk while an MCS developed over Missouri and Illinois.
2024-03-15,ENH,elevated_nocturnal_hail_mcs,possible,high,dryline_supercell_hail_tornado|southeast_multicell_or_clusters,cold_front|outflow_boundary|discrete_supercells|mcs|elevated_convection|very_large_hail|significant_wind|nocturnal_evolution,southward-sagging front|residual boundary over Texas|low-level jet or warm advection,supercells|storm clusters|elevated nocturnal convection,very large hail|damaging winds|isolated tornadoes,prior_convection|nocturnal_evolution|mode_transition|storm_coverage_uncertain,The main ENH focus shifted to south-central and southeast Texas where supercells and clusters produced very large hail and wind. Overnight warm-advection storms kept hail as the main concern.
2024-03-24,ENH,dryline_supercell_hail_tornado,none,high,conditional_capped_supercells|high_plains_upslope_supercells,dryline|cold_front|discrete_supercells|very_large_hail|large_hail|cap_conditional|storm_coverage_uncertain,dryline from Kansas to west Texas|Pacific cold front|surface low or triple point,widely scattered supercells|high-based storms|overnight frontal convection,large hail|damaging winds|brief tornadoes,cap_conditional|storm_coverage_uncertain|nocturnal_evolution,"A classic early-season dryline setup produced scattered severe storms from the central and southern Plains. Large hail was the primary hazard, with brief tornado and wind potential in sustained supercells."
2024-03-25,ENH,qlcs_bowing_wind_tornado,none,high,mixed_discrete_to_qlcs_outbreak|southeast_multicell_or_clusters,cold_front|qlcs|embedded_supercells|strong_tornadoes|qlcs_tornadoes|significant_wind|nocturnal_evolution,advancing cold front|low-level jet|central Gulf Coast warm sector,organized line segments|embedded supercells|semi-discrete cells,damaging winds|tornadoes|isolated hail,mode_transition|nocturnal_evolution|instability_recovery,"A low-CAPE, high-shear event unfolded from east Texas and Louisiana into the Gulf Coast. Organized line segments and embedded supercells supported damaging winds and a few tornadoes overnight."
2024-04-01,MDT,mixed_discrete_to_qlcs_outbreak,possible,high,dryline_supercell_hail_tornado|warm_front_baroclinic_tornado,dryline|cold_front|warm_front|discrete_supercells|mixed_mode|qlcs|giant_hail|strong_tornadoes|significant_wind,warm front|dryline|cold front|prefrontal confluence corridors,numerous supercells|training supercells|QLCS|clusters,very large hail|damaging winds|tornadoes,prior_convection|cap_conditional|mode_transition|boundary_interaction,"A broad Plains-to-Ohio-Valley event produced very large hail, damaging wind, and tornadoes. Discrete supercells occurred in multiple corridors before later lines and clusters developed."
2024-04-02,MDT,high_end_tornado_outbreak,likely,high,mixed_discrete_to_qlcs_outbreak|qlcs_bowing_wind_tornado,cold_front|outflow_boundary|discrete_supercells|embedded_supercells|qlcs|strong_tornadoes|significant_wind|instability_recovery,cold front|prefrontal bands|outflow boundary in eastern Kentucky|Ohio Valley warm sector,discrete supercells|embedded supercells|numerous line segments|QLCS,tornadoes|damaging winds|large hail,prior_convection|ofb_placement|instability_recovery|mode_transition,"A local severe-weather outbreak focused on the Ohio Valley with strong tornado potential. By evening, many storms became line-embedded as the cold front overtook the warm sector."
2024-04-08,ENH,elevated_nocturnal_hail_mcs,likely,high,mcv_mcs_outflow_reintensification|dryline_supercell_hail_tornado,warm_front|outflow_boundary|mcs|discrete_supercells|cluster_supercells|giant_hail|very_large_hail|mode_transition,warm-advection zone|dryline or warm sector|storm merger corridors|residual boundaries,supercells|clusters|bowing line|one or more MCSs,very large hail|damaging winds|tornadoes,prior_convection|mode_transition|mcs_timing|storm_coverage_uncertain,"Multiple rounds of southern Plains storms emphasized giant to very large hail. Supercells were favored initially, but clustering and upscale growth toward MCSs became the evening concern."
2024-04-09,ENH,mixed_discrete_to_qlcs_outbreak,likely,high,derecho_or_serial_mcs_wind|dryline_supercell_hail_tornado,dryline|outflow_boundary|mcs|bow_echo|discrete_supercells|very_large_hail|strong_tornadoes|significant_wind|nocturnal_evolution,dryline or western moist edge|outflow from initial storms|low-level jet corridor,supercells|bowing line|linear MCS|clusters,damaging winds|very large hail|tornadoes,prior_convection|mode_transition|mcs_timing|nocturnal_evolution,Repeated Texas to lower Mississippi Valley severe storms produced all hazards. The late concern was a nocturnal linear MCS racing northeast toward the lower Sabine Valley.
2024-04-10,MDT,derecho_or_serial_mcs_wind,core,high,qlcs_bowing_wind_tornado|mixed_discrete_to_qlcs_outbreak,mcs|bow_echo|qlcs|outflow_boundary|widespread_wind_damage|significant_wind|strong_tornadoes|prior_convection,long-lived Gulf Coast MCS|trailing outflow|instability gradient along the coast,bow echo|linear MCS|embedded circulations|semi-discrete supercells,damaging winds|tornadoes,prior_convection|mcs_timing|boundary_interaction|mode_transition,A long-lived bowing MCS produced a Moderate-risk damaging-wind and tornado event along the central Gulf Coast. Later outlooks trimmed risk where the cold pool and offshore outflow undercut the environment.
2024-04-11,ENH,cold_core_low_cape,none,medium,southeast_multicell_or_clusters|qlcs_bowing_wind_tornado,cold_front|discrete_supercells|cluster_supercells|bow_echo|weak_instability|qlcs_tornadoes|significant_wind|storm_coverage_uncertain,deepening Ohio Valley surface low|cold front|dry-slot destabilization,low-topped supercells|semi-discrete clusters|short bowing segments,damaging winds|tornadoes|isolated hail,instability_recovery|storm_coverage_uncertain|mode_transition,"A low-CAPE severe setup developed across the upper Ohio Valley and Appalachians. Strengthening low-level flow supported low-topped supercells and short bows, with damaging winds and a few tornadoes."
2024-04-14,ENH,cold_core_low_cape,none,high,southeast_multicell_or_clusters|qlcs_bowing_wind_tornado,cold_front|cluster_supercells|bow_echo|large_hail|significant_wind|cap_conditional,weak cold front|narrow moist corridor south of the front|cool midlevels,clusters|short line segments|organized multicells,damaging winds|large hail|brief tornadoes,cap_conditional|storm_coverage_uncertain|mode_transition,"A narrow upper-Ohio-Valley to Pennsylvania corridor produced late-day severe storms after inhibition eroded. Damaging wind was the main hazard, with hail and a couple tornadoes secondary."
2024-04-15,ENH,dryline_supercell_hail_tornado,possible,high,mixed_discrete_to_qlcs_outbreak|conditional_capped_supercells,dryline|warm_front|discrete_supercells|qlcs|very_large_hail|strong_tornadoes|cap_conditional|nocturnal_evolution,dryline across the Plains|warm front and low-level jet|later cold front or line,discrete supercells|line or QLCS overnight|clusters,tornadoes|very large hail|damaging winds,cap_conditional|nocturnal_evolution|mode_transition|storm_coverage_uncertain,"A Plains dryline setup produced evening supercell potential from Kansas and Nebraska into Texas. Later, storms transitioned toward a nocturnal line across Kansas and Nebraska."
2024-04-16,ENH,mixed_discrete_to_qlcs_outbreak,possible,high,dryline_supercell_hail_tornado|warm_front_baroclinic_tornado,cold_front|dryline|warm_front|outflow_boundary|discrete_supercells|mixed_mode|very_large_hail|strong_tornadoes,surface low and fronts|dryline redevelopment|warm-frontal or low-level jet zone,supercells|semi-discrete cells|convective line|clusters,tornadoes|large hail|damaging winds,prior_convection|instability_recovery|mode_transition|boundary_interaction,"The severe focus shifted into Missouri, Iowa, and Illinois with all hazards expected. Supercells formed in a sheared corridor while lines and clusters evolved regionally."
2024-04-18,ENH,forward_propagating_mcs_wind,likely,high,qlcs_bowing_wind_tornado|southeast_multicell_or_clusters,cold_front|outflow_boundary|mcs|bow_echo|cluster_supercells|significant_wind|large_hail|prior_convection,cold front|ongoing MCS or cold pool|middle Mississippi Valley instability gradient,MCS|squall line|isolated supercells|clusters,damaging winds|large hail|isolated tornadoes,prior_convection|mcs_timing|mode_transition|boundary_interaction,"A severe MCS over Missouri and Illinois drove the main ENH corridor into the lower Ohio Valley. Isolated supercells occurred farther south, but wind and hail with the squall line dominated."
2024-04-25,ENH,dryline_supercell_hail_tornado,possible,high,elevated_nocturnal_hail_mcs|high_plains_upslope_supercells,dryline|warm_front|mcs|discrete_supercells|very_large_hail|strong_tornadoes|nocturnal_evolution|mcs_timing,dryline|front near northwest Kansas|Caprock initiation zone|strengthening low-level jet,discrete supercells|severe clusters|nocturnal MCS,very large hail|damaging winds|tornadoes,cap_conditional|nocturnal_evolution|mcs_timing|storm_coverage_uncertain,Central High Plains supercells and a later southern Plains nocturnal cluster produced the main severe threat. Very large hail and a strong tornado or two were possible before upscale growth.
2024-04-26,ENH,classic_discrete_tornadic_supercells,likely,high,dryline_supercell_hail_tornado|mixed_discrete_to_qlcs_outbreak,dryline|warm_front|outflow_boundary|discrete_supercells|cyclic_supercells|very_large_hail|strong_tornadoes|prior_convection,dryline and bent-back region|warm front|morning MCS outflow or recovery zone|low-level jet,long-lived supercells|tornadic supercells|bowing line segments|clusters,tornadoes|very large hail|damaging winds,prior_convection|instability_recovery|ofb_placement|cap_conditional|storm_coverage_uncertain,"Multiple tornadic-supercell corridors developed from Nebraska and Iowa to Oklahoma, Arkansas, and northeast Texas. Recovery behind morning convection made some southern corridors more conditional."
2024-04-27,MDT,high_end_tornado_outbreak,likely,high,mixed_discrete_to_qlcs_outbreak|dryline_supercell_hail_tornado,dryline|warm_front|outflow_boundary|mcs|cyclic_supercells|giant_hail|strong_tornadoes|violent_tornado_possible|significant_wind,dryline|warm front|convective outflow|strengthening low-level jet,long-lived tornadic supercells|embedded supercells|QLCS|severe clusters,tornadoes|very large hail|damaging winds,cap_conditional|ofb_placement|mcs_timing|mode_transition|nocturnal_evolution,"A major Plains severe outbreak unfolded from north Texas and Oklahoma into southeast Kansas and Missouri. Strong tornadoes, 2 to 3 inch hail, and damaging winds occurred with discrete supercells and later nocturnal clusters."
2024-04-28,ENH,mcv_mcs_outflow_reintensification,core,high,forward_propagating_mcs_wind|qlcs_bowing_wind_tornado,mcs|outflow_boundary|bow_echo|cluster_supercells|qlcs|strong_tornadoes|significant_wind|instability_recovery,remnant MCS or outflow|east Texas to Louisiana instability axis|shortwave trough,supercells|linear MCS|squall line|clusters,damaging winds|tornadoes|large hail,prior_convection|instability_recovery|ofb_placement|mcs_timing,The post-outbreak severe threat refocused from east Texas into Louisiana and Arkansas. A few supercells produced tornado risk before activity grew into a linear MCS with damaging wind.
2024-04-30,ENH,mixed_discrete_to_qlcs_outbreak,possible,high,dryline_supercell_hail_tornado|forward_propagating_mcs_wind,cold_front|dryline|warm_front|mcs|discrete_supercells|bow_echo|very_large_hail|strong_tornadoes|significant_wind,cold front|dryline|narrow moisture corridor|warm-sector instability axis,supercells|bowing structures|MCS|isolated dryline storms,large hail|damaging winds|tornadoes,cap_conditional|mode_transition|storm_coverage_uncertain|mcs_timing,Severe storms developed from eastern Nebraska and western Iowa into northeast Kansas and the southern Plains. Initial supercells posed hail and tornado threats before storms congealed into bowing structures.
2024-05-01,ENH,dryline_supercell_hail_tornado,likely,high,high_plains_upslope_supercells|mcv_mcs_outflow_reintensification,dryline|warm_front|effective_boundary|outflow_boundary|discrete_supercells|very_large_hail|strong_tornadoes|significant_wind,retreating dryline|effective boundary|surface boundary over Kansas and Nebraska|outflow-modified corridors,supercells|clusters|bowing segments,very large hail|damaging winds|tornadoes,ofb_placement|boundary_interaction|mode_transition|storm_coverage_uncertain,"A central and southern Plains supercell day produced very large hail, damaging winds, and a few tornadoes. Boundary placement and storm mergers governed local hazard intensity."
2024-05-02,ENH,conditional_capped_supercells,possible,high,dryline_supercell_hail_tornado|southeast_multicell_or_clusters,dryline|cold_front|outflow_boundary|discrete_supercells|very_large_hail|cap_conditional|storm_coverage_uncertain,north Texas cold front|dryline|warm-sector instability plume,isolated supercells|clusters|eventual upscale growth,very large hail|damaging winds|tornadoes,cap_conditional|storm_coverage_uncertain|mode_transition,"The main corridor was northwest and central Texas where isolated supercells developed in a very unstable air mass. Very large hail led the hazards, with wind and a tornado possible."
2024-05-03,ENH,dryline_supercell_hail_tornado,likely,high,ofb_differential_heating_supercells|high_plains_upslope_supercells,dryline|effective_boundary|differential_heating_boundary|discrete_supercells|giant_hail|very_large_hail|strong_tornadoes|significant_wind,dryline|residual effective boundary|differential heating zone|central Plains front,intense supercells|storm splits|clusters|line segments,giant hail|damaging winds|tornadoes,boundary_interaction|mode_transition|storm_coverage_uncertain,"West-central Texas was primed for intense supercells with giant hail. Large buoyancy and strong shear supported very large hail first, then clustering increased wind potential."
2024-05-04,ENH,dryline_supercell_hail_tornado,possible,high,forward_propagating_mcs_wind|high_plains_upslope_supercells,cold_front|dryline|mcs|discrete_supercells|very_large_hail|strong_tornadoes|mode_transition|significant_wind,southward-surging cold front|southern High Plains dryline|Edwards Plateau low-level jet,severe supercells|upscale-growing MCS|clusters,very large hail|tornadoes|damaging winds,mode_transition|mcs_timing|storm_coverage_uncertain,"Southern High Plains and Edwards Plateau supercells produced very large hail and a strong tornado risk. As the low-level jet strengthened, storms clustered into an MCS moving into central Texas."
2024-05-06,HIGH,high_end_tornado_outbreak,likely,high,classic_discrete_tornadic_supercells|mixed_discrete_to_qlcs_outbreak,dryline|cold_front|outflow_boundary|remnant_mcv|cyclic_supercells|violent_tornado_possible|giant_hail|strong_tornadoes|qlcs,dryline or composite front|residual outflow boundary|surface low|later QLCS or cold pool,long-track discrete supercells|cyclic tornadic supercells|QLCS|bowing line,tornadoes|giant hail|damaging winds,ofb_placement|mode_transition|cap_conditional|mcs_timing|nocturnal_evolution,"A High Risk covered a regional south-central Plains tornado outbreak. Multiple intense, long-track tornadoes with very large to giant hail were expected from discrete supercells before QLCS hazards increased."
2024-05-07,ENH,classic_discrete_tornadic_supercells,possible,high,warm_front_baroclinic_tornado|mixed_discrete_to_qlcs_outbreak,warm_front|discrete_supercells|cluster_supercells|very_large_hail|strong_tornadoes|prior_convection|mode_transition,Ohio Valley warm sector|low-level jet|warm front into the Mid South,scattered supercells|clusters|sagging convective bands,tornadoes|very large hail|damaging winds,prior_convection|instability_recovery|mode_transition|nocturnal_evolution,"Ohio Valley supercells developed in a moist, sheared warm sector after the prior Plains outbreak. A few strong tornadoes, very large hail, and damaging winds were all possible."
2024-05-08,MDT,mixed_discrete_to_qlcs_outbreak,likely,high,high_end_tornado_outbreak|dryline_supercell_hail_tornado,cold_front|dryline|warm_front|outflow_boundary|discrete_supercells|mixed_mode|giant_hail|strong_tornadoes|significant_wind,frontal zone|outflow-enhanced corridors|dryline into Texas and Oklahoma|low-level jet,numerous supercells|clusters|embedded supercells|bow echoes,tornadoes|very large hail|damaging winds,prior_convection|ofb_placement|mode_transition|mcs_timing|storm_coverage_uncertain,A broad Moderate-risk outbreak stretched from the mid Mississippi and Ohio/Tennessee Valleys into the southern Plains. Numerous supercells produced very large hail and tornadoes before clusters and bows increased wind risk.
2024-05-09,ENH,mcv_mcs_outflow_reintensification,core,high,dryline_supercell_hail_tornado|forward_propagating_mcs_wind,outflow_boundary|mcs|dryline|discrete_supercells|bow_echo|very_large_hail|significant_wind|prior_convection,outflow boundary across the South|Texas dryline or warm sector|MCS cold pools,intense supercells|bowing clusters|MCS|line segments,very large hail|damaging winds|tornadoes,prior_convection|ofb_placement|mode_transition|mcs_timing,"Intense Texas supercells produced very large hail, while a broader MCS and severe-wind corridor evolved into the Southeast. Tornado risk existed, but hail and damaging wind dominated."
2024-05-10,ENH,forward_propagating_mcs_wind,core,high,mcv_mcs_outflow_reintensification|qlcs_bowing_wind_tornado,mcs|outflow_boundary|bow_echo|qlcs|widespread_wind_damage|qlcs_tornadoes|large_hail|prior_convection,prior-outflow-reinforced instability gradient|cold front|early-day MCS,fast squall line|bowing segments|QLCS mesovortices|small bowing clusters,damaging winds|hail|brief tornadoes,prior_convection|ofb_placement|mcs_timing|instability_recovery,"An early-day MCS drove the main severe corridor across south Georgia and north Florida. Damaging winds were primary, with some QLCS tornado risk before the system moved offshore."
2024-05-13,ENH,mcv_mcs_outflow_reintensification,core,high,forward_propagating_mcs_wind|southeast_multicell_or_clusters,outflow_boundary|mcs|bow_echo|sea_breeze|discrete_supercells|very_large_hail|significant_wind|qlcs_tornadoes,trailing outflow boundary in south Texas|Gulf Coast MCS track|sea-breeze or stationary boundary in Florida,supercells|bow-echo MCS|clusters|low-topped coastal storms,damaging winds|very large hail|tornadoes,prior_convection|ofb_placement|mcs_timing|boundary_interaction,Multiple severe corridors developed from south Texas and Louisiana to Florida. South Texas supercells produced hail while an organized bow-echo MCS crossed Louisiana with significant wind reports.
2024-05-15,ENH,forward_propagating_mcs_wind,possible,high,southeast_multicell_or_clusters|conditional_capped_supercells,mcs|bow_echo|cluster_supercells|very_large_hail|significant_wind|cap_conditional|mode_transition,southern Plains instability plume|Kansas and Oklahoma border zone|subtle mesoscale boundaries,merging multicells|supercells|organizing cluster|bowing MCS,damaging winds|large hail|isolated tornadoes,mode_transition|mcs_timing|storm_coverage_uncertain|cap_conditional,"The southern Plains ENH risk centered on storms organizing near the Kansas and Oklahoma border. Large hail and severe gusts were expected, with narrow severe-wind swaths possible as multicells merged."
2024-05-16,ENH,mcv_mcs_outflow_reintensification,core,high,forward_propagating_mcs_wind|ofb_differential_heating_supercells,outflow_boundary|effective_boundary|mcs|bow_echo|embedded_supercells|significant_wind|very_large_hail|prior_convection,composite outflow boundary|central Texas to Louisiana instability gradient|storm-cluster cold pool,organized clusters|embedded bowing segments|supercells on south flank|squall line,damaging winds|large hail|tornadoes,prior_convection|ofb_placement|mode_transition|mcs_timing,"Central and southeast Texas storms developed along and just south of a composite outflow boundary. Large buoyancy supported clusters, bowing segments, and supercells before the wind corridor moved into Louisiana."
2024-05-19,MDT,derecho_or_serial_mcs_wind,likely,high,forward_propagating_mcs_wind|dryline_supercell_hail_tornado,dryline|outflow_boundary|mcs|bow_echo|derecho|giant_hail|widespread_wind_damage|significant_wind,outflow boundary in central Kansas|dryline|elevated mixed-layer plume|strengthening low-level jet,supercells|upscale-growing MCS|squall line|long-lived bow,damaging winds|giant hail|tornadoes,ofb_placement|mode_transition|mcs_timing|storm_coverage_uncertain,"A Moderate-risk central Plains event emphasized potential derecho winds across Kansas and northern Oklahoma. Initial supercells produced giant hail and tornado potential, then storm clusters congealed into a severe line."
2024-05-20,ENH,high_plains_upslope_supercells,possible,high,forward_propagating_mcs_wind|classic_discrete_tornadic_supercells,upslope|warm_front|mcs|bow_echo|cyclic_supercells|very_large_hail|strong_tornadoes|significant_wind,northeast Colorado upslope|frontal zone into southwest Nebraska|CAPE gradient,long-lived supercell|tornadic supercell|bowing cluster|MCS,large hail|damaging winds|tornadoes,mode_transition|mcs_timing|nocturnal_evolution|storm_coverage_uncertain,The central High Plains produced an evening supercell corridor from northeast Colorado into northwest Kansas and southern Nebraska. Very large hail and a cyclic tornado threat preceded a bowing transition.
2024-05-21,MDT,high_end_tornado_outbreak,possible,high,mixed_discrete_to_qlcs_outbreak|warm_front_baroclinic_tornado,warm_front|dryline|cold_front|outflow_boundary|cyclic_supercells|violent_tornado_possible|strong_tornadoes|widespread_wind_damage|significant_wind,warm front in Iowa and Wisconsin|prefrontal trough|dryline into Oklahoma and Texas|low-level jet,long-track supercells|embedded supercells|squall line|clusters,tornadoes|damaging winds|large hail,prior_convection|boundary_interaction|mode_transition|mcs_timing,"A Moderate-risk outbreak affected Iowa, Missouri, Illinois, Wisconsin, and adjacent areas. Fast-moving supercells produced a focused strong to potentially violent tornado threat, followed by a damaging squall line."
2024-05-22,ENH,mixed_discrete_to_qlcs_outbreak,likely,high,dryline_supercell_hail_tornado|forward_propagating_mcs_wind,cold_front|outflow_boundary|mcs|discrete_supercells|very_large_hail|significant_wind|mode_transition,cold front|outflow or congealing storm boundary|Texas warm sector|Arkansas and Tennessee storm band,supercells|bowing line segments|clusters|linear segments,large hail|damaging winds|tornadoes,ofb_placement|mode_transition|storm_coverage_uncertain,"A long swath of severe storms extended from central Texas to the lower Great Lakes. Texas supercells had the largest hail and tornado risk, while clusters farther east emphasized damaging wind."
2024-05-23,ENH,forward_propagating_mcs_wind,core,high,dryline_supercell_hail_tornado|mcv_mcs_outflow_reintensification,dryline|mcs|bow_echo|outflow_boundary|discrete_supercells|very_large_hail|significant_wind|widespread_wind_damage,tail-end supercell complex|dryline from Oklahoma to Texas|low-level jet into Nebraska and Iowa|MCV over Kentucky and Tennessee,supercells|bowing MCS|linear MCS|clusters,damaging winds|very large hail|tornadoes,mcs_timing|mode_transition|ofb_placement|nocturnal_evolution,Dryline supercells occurred in Oklahoma and Texas while the central Plains MCS threat grew overnight. The most likely ENH hazard became damaging wind from Nebraska into Iowa.
2024-05-24,ENH,multi_region_multi_mode,core,high,mcv_mcs_outflow_reintensification|dryline_supercell_hail_tornado,outflow_boundary|cold_front|dryline|mcs|discrete_supercells|very_large_hail|significant_wind|prior_convection,morning bow-echo outflow boundary|cold front|dryline into Texas|Midwest instability plume,bow echo|supercells|clusters|line segments,large hail|damaging winds|tornadoes,prior_convection|instability_recovery|ofb_placement|mode_transition,A messy multi-region day followed a severe morning bow echo over northern Illinois and southern Wisconsin. Its outflow complicated the Midwest risk while southern Plains storms developed in extreme buoyancy.
2024-05-25,MDT,high_end_tornado_outbreak,core,high,dryline_supercell_hail_tornado|derecho_or_serial_mcs_wind,dryline|warm_front|outflow_boundary|mcs|cyclic_supercells|violent_tornado_possible|giant_hail|widespread_wind_damage,dryline from Texas to Oklahoma and Kansas|convective outflow|low-level jet|warm sector recovery,long-lived supercells|tornadic supercells|upscale-growing MCS|embedded supercells,tornadoes|giant hail|damaging winds,ofb_placement|instability_recovery|mode_transition|mcs_timing|nocturnal_evolution,A central and southern Plains outbreak produced intense tornado and giant-hail potential from north Texas into Oklahoma and Kansas. Later upscale growth increased destructive wind potential into Missouri and Arkansas.
2024-05-26,MDT,mixed_discrete_to_qlcs_outbreak,core,high,high_end_tornado_outbreak|qlcs_bowing_wind_tornado,outflow_boundary|mcs|bow_echo|discrete_supercells|embedded_supercells|strong_tornadoes|significant_wind|widespread_wind_damage,Ozarks to lower Ohio Valley warm sector|ongoing MCS or cold pool|open warm-sector initiation,discrete supercells|supercell clusters|bow echo|QLCS,damaging winds|tornadoes|large hail,prior_convection|mcs_timing|mode_transition|ofb_placement|boundary_interaction,"Multiple severe rounds affected the Ozarks, Mississippi Valley, and Ohio/Tennessee Valleys. Discrete supercells produced strong tornado concern while an MCS brought a significant wind corridor."
2024-05-28,ENH,mcv_mcs_outflow_reintensification,core,high,forward_propagating_mcs_wind|dryline_supercell_hail_tornado,outflow_boundary|mcs|bow_echo|dryline|discrete_supercells|very_large_hail|significant_wind|prior_convection,residual outflow across Texas|central or southern High Plains dryline|Rio Grande MCS,bowing MCS|supercells|outflow-dominant clusters|elevated storms,damaging winds|large hail|tornadoes,ofb_placement|mcs_timing|mode_transition|storm_coverage_uncertain,"Severe storms developed over much of Texas, with an early bowing MCS along the upper Texas coast and later supercells over west Texas. Residual outflow repeatedly focused renewed storms."
2024-05-30,ENH,dryline_supercell_hail_tornado,likely,high,forward_propagating_mcs_wind|ofb_differential_heating_supercells,dryline|cold_front|outflow_boundary|mcs|discrete_supercells|very_large_hail|significant_wind|qlcs,southern High Plains dryline|cold front|outflow ahead of the line,supercells|linear MCS|QLCS|bowing segments,large hail|damaging winds|isolated tornadoes,ofb_placement|mode_transition|mcs_timing|storm_coverage_uncertain,West and central Texas had the main ENH threat with supercells capable of baseball-size hail and a couple tornadoes. A linear MCS introduced a severe wind corridor and later QLCS development.
2024-06-01,ENH,high_plains_upslope_supercells,likely,high,forward_propagating_mcs_wind|mcv_mcs_outflow_reintensification,dryline|outflow_boundary|remnant_mcv|mcs|discrete_supercells|very_large_hail|significant_wind|terrain_circulation,residual outflow boundary|lee trough or dryline|MCV from morning convection|High Plains terrain circulations,supercells|organized clusters|MCS|multicell clusters,damaging winds|large hail|isolated tornadoes,prior_convection|mcv_track|ofb_placement|mcs_timing,Scattered severe storms developed across the central and southern High Plains and spread into the adjacent Plains. MCV and outflow processes aided storm clusters while dryline and upslope initiation supported supercells.
2024-06-02,ENH,forward_propagating_mcs_wind,core,high,high_plains_upslope_supercells|mcv_mcs_outflow_reintensification,outflow_boundary|mcs|bow_echo|discrete_supercells|very_large_hail|significant_wind|qlcs_tornadoes|prior_convection,remnant outflow boundary|central Plains MCS track|subtle baroclinic boundary in east Texas or Louisiana,bowing MCS|supercells|linear clusters|QLCS,damaging winds|very large hail|tornadoes,ofb_placement|mcs_timing|mode_transition|prior_convection,"A widespread Plains severe day produced multiple clusters, with the main risk evolving into a pronounced bowing MCS over Nebraska and Kansas. Farther south, an east Texas MCS added another wind and hail corridor."
2024-06-04,ENH,forward_propagating_mcs_wind,likely,high,dryline_supercell_hail_tornado|qlcs_bowing_wind_tornado,cold_front|dryline|mcs|bow_echo|discrete_supercells|very_large_hail|significant_wind|mode_transition,southern Kansas or Oklahoma storm complex|central Oklahoma instability axis|cold front or outflow surge,supercells|clusters|linear MCS|bowing segments,damaging winds|large hail|brief tornadoes,mode_transition|mcs_timing|storm_coverage_uncertain,Central and southern Oklahoma storms were expected to start as supercells with large hail before growing upscale into a severe-wind MCS. Tornado risk was secondary before the mode became linear.
2024-06-07,ENH,forward_propagating_mcs_wind,core,high,high_plains_upslope_supercells|qlcs_bowing_wind_tornado,outflow_boundary|cold_pool|mcs|bow_echo|discrete_supercells|very_large_hail|significant_wind|mcs_timing,central Plains storm cluster|cold-pool enhanced squall line|low-level jet into northeast Kansas,supercells|multicell clusters|cold-pool enhanced squall line|MCS,damaging winds|large hail|brief tornadoes,mode_transition|mcs_timing|boundary_interaction,"Central Plains supercells and clusters evolved into a cold-pool-enhanced squall line. Large hail was possible early, but damaging winds became the primary hazard as inflow strengthened."
2024-06-08,ENH,forward_propagating_mcs_wind,likely,high,high_plains_upslope_supercells|northwest_flow_mcs,warm_front|outflow_boundary|mcs|bow_echo|discrete_supercells|very_large_hail|significant_wind|mcs_timing,central High Plains initiation zone|weak surface boundary|Kansas instability corridor,supercells|embedded supercells|organized cluster|MCS,damaging winds|large hail|brief tornadoes,mcs_timing|mode_transition|storm_coverage_uncertain|nocturnal_evolution,High Plains storms moved east-southeast into Kansas with a significant severe wind threat. Embedded supercells produced large hail early before consolidation into a larger MCS.
2024-06-12,ENH,warm_front_baroclinic_tornado,possible,high,classic_discrete_tornadic_supercells|southeast_multicell_or_clusters,warm_front|outflow_boundary|discrete_supercells|cluster_supercells|very_large_hail|strong_tornadoes|instability_recovery,Upper Midwest warm sector|prefrontal zone|localized Minnesota boundary,supercells|clusters|bands of convection,very large hail|damaging winds|tornadoes,prior_convection|instability_recovery|storm_coverage_uncertain|mode_transition,"Upper Midwest storms developed in a prefrontal warm sector with strong instability and shear. The main hazards were very large hail, damaging gusts, and a few tornadoes where storms stayed supercellular."
2024-06-13,ENH,northwest_flow_mcs,possible,high,forward_propagating_mcs_wind|classic_discrete_tornadic_supercells,cold_front|dryline|mcs|bow_echo|cluster_supercells|very_large_hail|significant_wind|mode_transition,cold front from Iowa to Missouri and Illinois|High Plains dryline or front|warm well-mixed boundary layer,supercells within clusters|broken squall line|MCS|multicells,damaging winds|very large hail|tornadoes,mode_transition|mcs_timing|storm_coverage_uncertain,Severe storms organized from southern Iowa into northern Missouri and Illinois. Supercells with very large hail evolved toward a broken squall line or MCS with destructive wind potential.
2024-06-23,ENH,warm_front_baroclinic_tornado,none,high,southeast_multicell_or_clusters|classic_discrete_tornadic_supercells,warm_front|cold_front|stationary_front|discrete_supercells|cluster_supercells|strong_tornadoes|significant_wind,remnant surface boundary in New England|cold front|warm-sector instability axis,supercells|clusters|multicells,damaging winds|tornadoes|hail,boundary_interaction|instability_recovery|storm_coverage_uncertain,"The main ENH risk focused on New England and the Northeast where storms interacted with a remnant boundary. Damaging winds were common, while locally enhanced shear created a few-tornado risk."
2024-06-24,ENH,forward_propagating_mcs_wind,likely,high,warm_front_baroclinic_tornado|northwest_flow_mcs,warm_front|effective_boundary|mcs|bow_echo|elevated_convection|widespread_wind_damage|significant_wind|mcs_timing,effective warm front|occluded or cold front in Minnesota|strong warm advection zone,supercells|elevated storms|bowing MCS|organized cluster,damaging winds|large hail|tornadoes,mcs_timing|ofb_placement|storm_coverage_uncertain|nocturnal_evolution,The Upper Midwest ENH risk centered on a possible destructive wind MCS from Minnesota into Wisconsin. Early supercells and elevated storms introduced hail and tornado potential before upscale growth.
2024-06-27,ENH,forward_propagating_mcs_wind,possible,high,high_plains_upslope_supercells|mixed_discrete_to_qlcs_outbreak,cold_front|mcs|bow_echo|discrete_supercells|qlcs|very_large_hail|significant_wind|qlcs_tornadoes,deepening surface low|cold front or wind shift|northern High Plains instability plume,discrete supercells|MCS|QLCS|clusters,damaging winds|large hail|tornadoes,mode_transition|mcs_timing|storm_coverage_uncertain,"Northern and central High Plains storms organized into an MCS over the western Dakotas. Very large hail and a few tornadoes were possible early, while 75+ mph wind gusts became primary later."
2024-06-30,ENH,qlcs_bowing_wind_tornado,none,high,multi_region_multi_mode|high_plains_upslope_supercells,cold_front|prefrontal_trough|bow_echo|cluster_supercells|mcs|significant_wind|large_hail|mode_transition,cold front across the Northeast|prefrontal trough near I-95|Montana terrain or lee trough,organized clusters|bowing segments|small bowing cluster|supercells,damaging winds|large hail,mode_transition|storm_coverage_uncertain,"A Northeast and Mid-Atlantic damaging-wind day unfolded along and ahead of a cold front, with additional Montana severe storms. Bowing clusters drove the main hazard, while hail was mainly early in supercells."
2024-07-02,ENH,qlcs_bowing_wind_tornado,core,high,forward_propagating_mcs_wind|warm_front_baroclinic_tornado,warm_front|effective_boundary|mcs|bow_echo|qlcs|qlcs_tornadoes|significant_wind|large_hail,effective warm front from Kansas to Iowa|cold front|secondary surface low,bowing MCS|QLCS|clusters|embedded circulations,damaging winds|tornadoes|large hail,mcs_timing|mode_transition|boundary_interaction,"Storms organized along an effective warm front from Kansas into Iowa and Missouri. A bowing MCS or QLCS produced severe winds and a few tornadoes, with hail mainly early."
2024-07-08,ENH,tropical_cyclone_tornado_rainbands,none,high,classic_discrete_tornadic_supercells|southeast_multicell_or_clusters,tropical_cyclone|discrete_supercells|tornado_rainbands|strong_tornadoes|warm_front|moisture_quality,eastern semicircle of Tropical Cyclone Beryl|convective rainbands|ArkLaTex to Arkansas shear corridor,low-topped supercells|rainband cells|small clusters,tornadoes|localized wind damage,storm_coverage_uncertain|boundary_interaction|nocturnal_evolution,Tropical Cyclone Beryl produced several tornado-risk corridors from east Texas into Louisiana and Arkansas. Low-topped supercells in outer rainbands were the main storm mode.
2024-07-09,ENH,tropical_cyclone_tornado_rainbands,none,high,warm_front_baroclinic_tornado|classic_discrete_tornadic_supercells,tropical_cyclone|warm_front|discrete_supercells|tornado_rainbands|strong_tornadoes|low_level_jet,remnants of Beryl|northward-moving warm front|Ohio River shear corridor,low-topped supercells|persistent updrafts|small clusters,tornadoes|damaging gusts,storm_coverage_uncertain|boundary_interaction|nocturnal_evolution,Beryl's remnants shifted the tornado threat into the lower Ohio Valley. The main focus was near the Ohio River and warm front where low-level shear increased ahead of the remnant low.
2024-07-10,ENH,tropical_cyclone_tornado_rainbands,none,high,warm_front_baroclinic_tornado|classic_discrete_tornadic_supercells,tropical_cyclone|warm_front|discrete_supercells|cluster_supercells|strong_tornadoes|significant_wind|boundary_interaction,remnants of Beryl|effective warm front across New York and New England|Mid-Atlantic cold front,discrete supercells|mixed storm mode|multicells|clusters,tornadoes|damaging winds|hail,boundary_interaction|mode_transition|storm_coverage_uncertain,"Beryl's remnants contributed to a Northeast severe day, especially across upstate New York and New England. Discrete supercells near an effective warm front posed the primary tornado risk."
2024-07-13,ENH,northwest_flow_mcs,likely,high,forward_propagating_mcs_wind|high_plains_upslope_supercells,effective_boundary|outflow_boundary|mcs|bow_echo|discrete_supercells|very_large_hail|significant_wind|mcs_timing,northern Plains instability gradient|Upper Mississippi Valley effective boundaries|High Plains terrain or dry boundary,supercells|organized squall line|MCS|bowing segments,damaging winds|large hail|brief tornadoes,mcs_timing|mode_transition|boundary_interaction,Multiple clusters developed from the northern Plains into the Upper Mississippi Valley. Initial supercells produced hail and isolated tornado risk before upscale growth into MCSs drove wind overnight.
2024-07-15,MDT,derecho_or_serial_mcs_wind,core,high,qlcs_bowing_wind_tornado|forward_propagating_mcs_wind,cold_front|mcs|bow_echo|qlcs|cold_pool|widespread_wind_damage|significant_wind|qlcs_tornadoes,cold front|evolving MCS cold pool|Iowa-to-Illinois instability reservoir,severe MCS|bowing squall line|QLCS|embedded circulations,damaging winds|QLCS tornadoes|large hail,mcs_timing|mode_transition|boundary_interaction|nocturnal_evolution,"A significant bowing MCS surged from Iowa into northern Illinois, the Chicago area, Indiana, and southern Michigan. Forecasts highlighted 75+ mph winds and embedded QLCS tornadoes."
2024-07-16,ENH,mcv_mcs_outflow_reintensification,core,high,forward_propagating_mcs_wind|qlcs_bowing_wind_tornado,remnant_mcv|mcs|outflow_boundary|cold_front|bow_echo|widespread_wind_damage|qlcs_tornadoes|significant_wind,MCV from prior severe MCS|cold front|central Plains outflow or MCS corridor,MCS remnants|organized clusters|bowing line|QLCS,damaging winds|hail|tornadoes,mcv_track|prior_convection|mcs_timing|mode_transition,"The day was driven in part by the prior night's MCS and embedded MCV moving into New York and New England. Damaging winds were the main concern, with tornadoes possible in stronger embedded storms."
2024-07-19,ENH,forward_propagating_mcs_wind,possible,medium,high_plains_upslope_supercells|northwest_flow_mcs,cold_front|mcs|bow_echo|cluster_supercells|large_hail|significant_wind|storm_coverage_uncertain,southward-moving Nebraska storm cluster|central Plains boundary layer|High Plains initiation zone,clusters|bowing segment|supercells|multicells,damaging winds|hail,mcs_timing|storm_coverage_uncertain|mode_transition,The central Plains severe threat was mainly wind-driven as storms moved into a steep-lapse-rate boundary layer. The main uncertainty was whether a sustained cluster or bow would organize.
2024-07-30,ENH,multi_region_multi_mode,likely,high,forward_propagating_mcs_wind|dryline_supercell_hail_tornado,dryline|mcs|outflow_boundary|bow_echo|discrete_supercells|very_large_hail|significant_wind|prior_convection,Dakotas dryline|mid-Missouri and Mississippi Valley MCS corridors|lower Ohio Valley instability gradient,MCS|linear segments|supercells|clusters,damaging winds|large hail|isolated tornadoes,prior_convection|mcs_timing|mode_transition|storm_coverage_uncertain,"A broad multi-region severe day produced damaging-wind swaths from the Midwest into the Tennessee Valley and southern Appalachians, with additional Plains supercells. MCS corridors dominated the ENH hazard."
2024-07-31,ENH,derecho_or_serial_mcs_wind,core,high,forward_propagating_mcs_wind|northwest_flow_mcs,dryline|mcs|bow_echo|outflow_boundary|widespread_wind_damage|significant_wind|very_large_hail|qlcs_tornadoes,central or northern Plains storm clusters|MCS cold pools|Midwest instability corridor,intense bowing MCS|supercells|clusters|QLCS,damaging winds|large hail|tornadoes,mcs_timing|mode_transition|boundary_interaction|nocturnal_evolution,Another active MCS day produced severe winds from the northern and central Plains into the Midwest and Ohio Valley. An intense bowing cluster had a history of 70-90 mph gusts.
2024-08-06,ENH,multi_region_multi_mode,possible,high,qlcs_bowing_wind_tornado|tropical_cyclone_tornado_rainbands,warm_front|mcs|bow_echo|tropical_cyclone|cluster_supercells|significant_wind|large_hail|qlcs_tornadoes,Ohio-to-New Jersey convective corridor|Debby coastal rainbands|Montana and Wyoming shortwaves|Arizona easterly flow,clusters|supercells|tropical rainband cells|organized multicells,damaging winds|hail|tornadoes,storm_coverage_uncertain|mode_transition|boundary_interaction,"Separate severe regimes affected Ohio to New Jersey, the Debby-affected Carolinas, Montana/Wyoming, and Arizona. The ENH corridor was mainly wind-driven from northern Ohio into New Jersey."
2024-08-26,ENH,forward_propagating_mcs_wind,likely,high,high_plains_upslope_supercells|northwest_flow_mcs,cold_front|warm_front|mcs|bow_echo|discrete_supercells|very_large_hail|significant_wind|mcs_timing,eastern Wyoming shortwave|front or boundary across South Dakota and Minnesota|low-level jet into southeast South Dakota,supercells|bow echo MCS|linear MCS|clusters,damaging winds|large hail|tornadoes,mcs_timing|mode_transition|boundary_interaction,Severe storms extended from the northern High Plains into Minnesota and Wisconsin. Initial supercells produced hail and a couple tornadoes before bow-echo MCSs became the main wind threat.
2024-08-28,ENH,classic_discrete_tornadic_supercells,none,high,warm_front_baroclinic_tornado|elevated_nocturnal_hail_mcs,warm_front|discrete_supercells|cluster_supercells|very_large_hail|strong_tornadoes|nocturnal_evolution,Dakotas baroclinic zone|low-level warm advection corridor|shortwave trough,scattered supercells|elevated storms|clusters,very large hail|damaging winds|tornadoes,nocturnal_evolution|mode_transition|storm_coverage_uncertain,Dakotas supercells formed ahead of an evening shortwave and strengthening low-level jet. Very large hail and a tornado or two were possible early before hail and wind became more dominant.
2024-08-29,ENH,mixed_discrete_to_qlcs_outbreak,possible,high,warm_front_baroclinic_tornado|forward_propagating_mcs_wind,cold_front|warm_front|discrete_supercells|qlcs|bow_echo|strong_tornadoes|significant_wind|mode_transition,cold front|weak surface wave or warm front|Minnesota and Wisconsin instability axis,initial supercells|linear clusters|organized squall line|embedded circulations,damaging winds|tornadoes|large hail,mode_transition|boundary_interaction|storm_coverage_uncertain,"Upper Midwest storms developed along the cold front and weak wave from Minnesota into Wisconsin. Initial supercells had hail and tornado risk, but rapid upscale growth favored damaging winds."
2024-09-12,ENH,multi_region_multi_mode,none,medium,tropical_cyclone_tornado_rainbands|high_plains_upslope_supercells,tropical_cyclone|cold_front|discrete_supercells|cluster_supercells|large_hail|significant_wind|strong_tornadoes,post-tropical Francine circulation|central Alabama shear axis|northern High Plains cold front,low-topped supercells|High Plains supercells|clusters,damaging winds|tornadoes|large hail,storm_coverage_uncertain|boundary_interaction,"The day combined a Francine-remnant tornado threat over the central Gulf states with a High Plains severe-wind and hail event. Northern High Plains storms were supercellular, while Alabama had isolated tornado potential."
2024-09-17,ENH,high_plains_upslope_supercells,none,high,forward_propagating_mcs_wind|southeast_multicell_or_clusters,upslope|terrain_circulation|bow_echo|mcs|significant_wind|large_hail|high_based_convection,Front Range and High Plains upslope|central or southern Rockies terrain circulations|leading squall line,high-based storms|squall line|clusters|transient supercells,damaging winds|hail,mode_transition|storm_coverage_uncertain,"A High Plains wind event developed from New Mexico and Colorado into western Nebraska and Kansas. Scattered to numerous severe gusts were expected, with hail secondary."
2024-09-26,ENH,tropical_cyclone_tornado_rainbands,none,high,classic_discrete_tornadic_supercells|warm_front_baroclinic_tornado,tropical_cyclone|warm_front|discrete_supercells|tornado_rainbands|strong_tornadoes|violent_tornado_possible|moisture_quality,Hurricane Helene rainbands|weak baroclinic zone in north Florida and south Georgia|coastal Southeast warm sector,low-topped supercells|rainband supercells|bands of rotating storms,tornadoes|localized wind damage,storm_coverage_uncertain|boundary_interaction|nocturnal_evolution,"Hurricane Helene produced an ENH tropical-tornado setup across Florida, Georgia, South Carolina, and North Carolina. Low-topped supercells persisted into the night as the wind field spread inland."
2024-09-27,ENH,tropical_cyclone_tornado_rainbands,none,high,warm_front_baroclinic_tornado|classic_discrete_tornadic_supercells,tropical_cyclone|discrete_supercells|tornado_rainbands|strong_tornadoes|low_level_shear|moisture_quality,Helene remnant circulation|eastern Carolinas and Virginia rainband|northeastern quadrant shear zone,low-topped supercells|embedded rainband cells|line with rotating updrafts,tornadoes|localized damaging winds,storm_coverage_uncertain|instability_recovery|mode_transition,"The Helene tornado threat shifted into the Carolinas and Virginia, peaking during the morning and early afternoon. Weakening shear and limited heating led to a gradual decline by evening."
2024-10-09,ENH,tropical_cyclone_tornado_rainbands,none,high,classic_discrete_tornadic_supercells|high_end_tornado_outbreak,tropical_cyclone|discrete_supercells|cyclic_supercells|tornado_rainbands|strong_tornadoes|violent_tornado_possible|moisture_quality,Hurricane Milton outer rainbands|central and southern Florida theta-e corridor|east-coast instability axis,discrete low-topped supercells|cyclic tornadic supercells|rainband cells,tornadoes|localized damaging winds,storm_coverage_uncertain|boundary_interaction|mode_transition,Hurricane Milton produced a high-end tropical tornado setup across central and southern Florida. Discrete supercells repeatedly moved through strong low-level shear and rich moisture.
2024-10-30,ENH,qlcs_bowing_wind_tornado,possible,high,mixed_discrete_to_qlcs_outbreak|dryline_supercell_hail_tornado,cold_front|dryline|outflow_boundary|qlcs|bow_echo|embedded_supercells|strong_tornadoes|significant_wind,cold front|dryline or prefrontal warm sector|north-central Oklahoma to Missouri line,supercells|broken squall line|QLCS|embedded circulations,damaging winds|tornadoes|large hail,instability_recovery|mode_transition|boundary_interaction,"A fall Plains and Missouri Valley event evolved from supercells into a broken QLCS. Damaging winds became most likely, while strong low-level shear kept embedded tornadoes possible."
2024-11-03,ENH,qlcs_bowing_wind_tornado,likely,high,mixed_discrete_to_qlcs_outbreak|elevated_nocturnal_hail_mcs,dryline|warm_front|outflow_boundary|qlcs|bow_echo|elevated_convection|very_large_hail|qlcs_tornadoes,southern Plains warm front|dryline or cold front|morning line or outflow|strengthening nocturnal low-level jet,maturing line|bowing segment|isolated leading storms|elevated nocturnal storms,damaging winds|tornadoes|large hail,prior_convection|ofb_placement|mode_transition|nocturnal_evolution,"Multiple southern Plains severe rounds occurred from north Texas into Oklahoma and Arkansas. A maturing line produced wind and tornadoes, while late-night elevated storms shifted the focus toward hail."
2024-11-04,ENH,mixed_discrete_to_qlcs_outbreak,likely,high,warm_front_baroclinic_tornado|qlcs_bowing_wind_tornado,warm_front|cold_front|outflow_boundary|discrete_supercells|mixed_mode|strong_tornadoes|large_hail|significant_wind,warm front|cold front|northeast Texas to Ozarks warm sector|prior outflow or recovery zones,discrete supercells|broken line segments|embedded supercells|clusters,tornadoes|damaging winds|large hail,prior_convection|instability_recovery|ofb_placement|mode_transition,"The severe focus shifted from north Texas and eastern Oklahoma into Arkansas, Missouri, and the mid Mississippi Valley. Discrete supercells produced the greatest tornado concern, including strong tornado potential."
2024-11-17,ENH,qlcs_bowing_wind_tornado,none,high,conditional_capped_supercells|nocturnal_qlcs_wind,cold_front|warm_front|qlcs|bow_echo|significant_wind|qlcs_tornadoes|nocturnal_evolution|cap_conditional,frontal band over west Texas|low-level jet|northward edge of surface-based instability,narrow squall line|QLCS|frontal band,damaging winds|tornadoes,nocturnal_evolution|instability_recovery|cap_conditional|storm_coverage_uncertain,"A late-season nocturnal line developed from west Texas into southwest Oklahoma. Damaging winds were expected first, with tornado potential increasing as the line accelerated into stronger low-level shear."
2024-12-26,ENH,classic_discrete_tornadic_supercells,none,high,warm_front_baroclinic_tornado|mixed_discrete_to_qlcs_outbreak,warm_front|discrete_supercells|cluster_supercells|strong_tornadoes|large_hail|significant_wind|cap_conditional,southeast Texas warm sector|midlevel shortwave ascent|Louisiana low-level jet corridor,quasi-discrete supercells|broken line|clusters,tornadoes|damaging winds|large hail,storm_coverage_uncertain|mode_transition|cap_conditional,"Southeast Texas supercells produced the day's highest tornado potential, including a possible strong tornado or two. The severe threat spread into Louisiana with broken lines and clusters."
2024-12-28,MDT,high_end_tornado_outbreak,core,high,mixed_discrete_to_qlcs_outbreak|qlcs_bowing_wind_tornado,cold_front|warm_front|mcs|qlcs|discrete_supercells|strong_tornadoes|violent_tornado_possible|significant_wind|widespread_wind_damage,cold front|low-level jet and moist axis|confluence bands|central Gulf Coast warm sector,QLCS|preceding supercells|embedded supercells|severe linear MCS,tornadoes|damaging winds|large hail,mode_transition|mcs_timing|storm_coverage_uncertain|boundary_interaction,A late-December southern severe outbreak evolved from Texas into the lower Mississippi Valley and central Gulf Coast. The forecast called for long-track strong tornadoes and severe wind with a QLCS likely preceded by supercells.
2025-01-05,ENH,mixed_discrete_to_qlcs_outbreak,none,high,qlcs_bowing_wind_tornado|warm_front_baroclinic_tornado,cold_front|warm_front|mixed_mode|discrete_supercells|qlcs|strong_tornadoes|damaging_wind|cap_conditional,surging cold front|warm front over central LA/MS|pre-frontal confluence bands|intense low-level jet,semi-discrete supercells|QLCS|embedded rotating cells,tornadoes|damaging wind|hail,cap_conditional|instability_recovery|mode_transition|moisture_quality,"A strong trough and surface cyclone drove a narrow but strongly sheared warm sector from east Texas into the lower Mississippi Valley. Pre-frontal cells offered the best chance for a strong tornado, while the frontal QLCS maintained damaging-wind and embedded-tornado potential eastward. Limited instability and poor moisture quality constrained the northern and eastern extent of the risk."
2025-02-12,ENH,warm_front_baroclinic_tornado,none,high,classic_discrete_tornadic_supercells|mixed_discrete_to_qlcs_outbreak,warm_front|cold_front|discrete_supercells|strong_tornadoes|damaging_wind|boundary_interaction|instability_recovery,slow northward-moving warm front|surface cold front|Gulf moisture axis,discrete supercells|semi-discrete supercells|broken line,strong tornadoes|damaging wind|hail,warm_front_placement|instability_recovery|prior_convection|mode_transition,"The event centered on a slow-moving Gulf Coast warm front from Mississippi and Alabama into western Georgia. Supercells crossing or anchoring near the boundary carried the greatest strong-tornado risk, while a later frontal/broken-line mode maintained damaging-wind potential overnight. Early precipitation and shallow cool air made the northward recovery of surface-based instability a key forecast issue."
2025-02-15,ENH,qlcs_bowing_wind_tornado,none,high,mixed_discrete_to_qlcs_outbreak|classic_discrete_tornadic_supercells,cold_front|warm_front|qlcs|bow_echo|discrete_supercells|strong_tornadoes|widespread_wind_damage|nocturnal_evolution,surface cold front|baroclinic zone on warm-return edge|pre-frontal warm sector,pre-frontal supercells|extensive QLCS|bowing line segments,damaging wind|tornadoes|hail,mode_transition|nocturnal_evolution|cap_conditional|instability_recovery,"A broad Southeast warm sector became increasingly sheared ahead of a strong shortwave and cold front. Initial supercells were possible from the Ark-La-Tex into Mississippi and Tennessee, but the dominant overnight evolution was an extensive QLCS with damaging winds and embedded tornadoes. The main uncertainty was how long discrete or semi-discrete storms could mature ahead of the line."
2025-03-03,ENH,mixed_discrete_to_qlcs_outbreak,none,high,elevated_nocturnal_hail_mcs|qlcs_bowing_wind_tornado,cold_front|nocturnal_evolution|mixed_mode|discrete_supercells|qlcs|large_hail|damaging_wind|tornadoes,advancing cold front|warm/moist advection zone|southern Plains shortwave trough,evening supercells|overnight QLCS|elevated hail storms,damaging wind|large hail|tornadoes,nocturnal_evolution|mode_transition|cap_conditional|storm_coverage_uncertain,"Thunderstorms developed across the southern and central Plains during the evening and expanded overnight. Initial storms posed all hazards, including hail and tornadoes, before the main risk increasingly became damaging winds with a growing line or complex across Oklahoma and north Texas. The timing of nocturnal initiation and upscale growth was the main challenge."
2025-03-04,ENH,qlcs_bowing_wind_tornado,none,high,mixed_discrete_to_qlcs_outbreak,cold_front|warm_front|qlcs|bow_echo|damaging_wind|qlcs_tornadoes|nocturnal_evolution,cold front|warm front|strongly forced pre-frontal zone,squall line|QLCS|embedded circulations,damaging wind|tornadoes|hail,instability_recovery|mode_transition|nocturnal_evolution,"A strongly forced squall line crossed the lower Mississippi Valley and Southeast. Modest instability limited the ceiling somewhat, but very strong flow fields supported damaging winds and embedded tornadoes. The Gulf Coast and southern Alabama/Florida Panhandle corridor retained the greater tornado potential where surface-based inflow was more likely."
2025-03-05,ENH,qlcs_bowing_wind_tornado,none,high,cold_core_low_cape|southeast_multicell_or_clusters,cold_front|occluded_front|qlcs|bow_echo|damaging_wind|qlcs_tornadoes|instability_recovery,deep occluded cyclone|cold front|triple point,broken squall line|embedded circulations|low-CAPE line segments,damaging wind|brief tornadoes|hail,instability_recovery|low_cape_high_shear|mode_transition,"The Carolinas and southeast Virginia severe risk was dominated by a strongly forced convective line. Downstream low-level moisture recovery determined how much lightning and deeper convection could develop, but observed damaging gusts and transient circulations supported the ENH corridor. A secondary low-CAPE threat also existed near the occluded cyclone farther north."
2025-03-14,MDT,mixed_discrete_to_qlcs_outbreak,possible,high,high_end_tornado_outbreak|qlcs_bowing_wind_tornado|dryline_supercell_hail_tornado,dryline|cold_front|warm_front|discrete_supercells|qlcs|strong_tornadoes|significant_wind|very_large_hail|mode_transition,deep cyclone|dryline|cold front|warm front,discrete supercells|broken squall line with embedded supercells|QLCS,strong to intense tornadoes|widespread damaging wind|large hail,prior_convection|mode_transition|instability_recovery|storm_coverage_uncertain,"A regional severe outbreak unfolded from the Mississippi Valley into the Mid-South. The environment supported both significant tornado-producing supercells and a damaging-wind-producing broken line, with some 60-100 mph wind potential and baseball-size hail. The event hinged on thermodynamic recovery and storm mode as richer boundary-layer moisture advanced northward."
2025-03-15,HIGH,high_end_tornado_outbreak,possible,high,classic_discrete_tornadic_supercells|mixed_discrete_to_qlcs_outbreak,warm_front|discrete_supercells|cyclic_supercells|strong_tornadoes|violent_tornado_possible|very_large_hail|damaging_wind|mode_transition,deep synoptic trough|Gulf warm sector|warm frontal/baroclinic zone|pre-frontal confluence,long-track supercells|cyclic supercells|broken convective band|embedded QLCS circulations,violent tornadoes|strong tornadoes|damaging wind|large hail,mode_transition|instability_recovery|boundary_interaction|nocturnal_evolution,"This was a high-end tornado outbreak day across Mississippi, Alabama, and adjacent areas. PDS discussions highlighted multiple intense to violent, long-track tornadoes, with supercells persisting into the evening before the threat transitioned eastward into embedded and linear modes. The main failure modes were storm interactions and whether convective mode would remain sufficiently discrete in the most favorable corridor."
2025-03-16,ENH,qlcs_bowing_wind_tornado,possible,high,derecho_or_serial_mcs_wind|cold_core_low_cape,cold_front|qlcs|bow_echo|significant_wind|qlcs_tornadoes|widespread_wind_damage|instability_recovery,sweeping cold front|amplified upper trough|pre-frontal moist axis,line segments|fast-moving squall line|embedded circulations,damaging wind|tornadoes|hail,instability_recovery|mode_transition|low_cape_high_shear,"The day after the major outbreak featured a broad eastern CONUS wind and tornado risk from the Ohio Valley into the Mid-Atlantic and Southeast. Strong flow and a sweeping front favored fast-moving lines and clusters, with scattered damaging wind swaths and a few tornadoes. Instability was modest in places, so recovery ahead of ongoing convection was important."
2025-03-19,ENH,dryline_supercell_hail_tornado,none,high,mixed_discrete_to_qlcs_outbreak|cold_core_low_cape,dryline|cold_front|discrete_supercells|mixed_mode|tornadoes|large_hail|damaging_wind|moisture_quality,dryline|deep surface low|Pacific/cold frontal wind shift|low-level confluence axis,discrete supercells|broken line|clusters,tornadoes|damaging wind|large hail,moisture_quality|cap_conditional|storm_coverage_uncertain|mode_transition,"A deep cyclone and intense midlevel jet supported a focused Illinois and Indiana severe corridor. Modest moisture and cloud/dust issues made destabilization uncertain, but storms that formed near the dryline and frontal zone could become supercells before evolving into broken bands. The strongest tornado focus shifted from east-central Illinois into western Indiana and Kentucky/Tennessee as convection evolved."
2025-03-30,ENH,qlcs_bowing_wind_tornado,likely,medium,mcv_mcs_outflow_reintensification|forward_propagating_mcs_wind,cold_front|outflow_boundary|mcs|qlcs|bow_echo|damaging_wind|qlcs_tornadoes|mcs_timing,ongoing Ohio Valley squall line|lower Mississippi Valley frontal zone|convective outflow/cold pool,squall line|MCS|embedded tornado circulations,damaging wind|tornadoes|large hail,mcs_timing|instability_recovery|mode_transition|prior_convection,"The day featured an ongoing Ohio Valley squall line and a separate lower Mississippi Valley severe episode later in the evening. Damaging winds were the primary hazard, with a couple of tornadoes possible where line segments interacted with richer instability. Convective timing and whether downstream air masses could recover controlled the magnitude of the ENH threat."
2025-03-31,ENH,qlcs_bowing_wind_tornado,likely,high,forward_propagating_mcs_wind|southeast_multicell_or_clusters,cold_front|outflow_boundary|qlcs|bow_echo|mcs|damaging_wind|qlcs_tornadoes|instability_recovery,squall-line cold pool|trailing cold front|convective outflow,linearly organized clusters|squall line|QLCS,damaging wind|brief tornadoes|hail,prior_convection|instability_recovery|mode_transition|outflow_placement,"Severe storms overspread the Southeast and Carolinas as multiple linearly organized clusters moved east and northeast. The primary hazard was swaths of damaging wind, with QLCS tornado potential embedded in the line. Cloud cover and prior convection modulated recovery, but the cold pool and line propagation sustained the ENH wind threat."
2025-04-01,ENH,dryline_supercell_hail_tornado,possible,high,elevated_nocturnal_hail_mcs|conditional_capped_supercells,dryline|cold_front|warm_front|discrete_supercells|very_large_hail|strong_tornadoes|nocturnal_evolution|cap_conditional,Kansas/Oklahoma dryline|northwest Kansas surface low|warm front|cold front,splitting supercells|discrete supercells|overnight line/MCS,large hail|tornadoes|damaging wind,cap_conditional|nocturnal_evolution|mode_transition|storm_coverage_uncertain,"A southern and central Plains dryline/front setup supported isolated evening supercells with very large hail and a conditional tornado risk. Later, increasing ascent and the low-level jet favored a more organized line or cluster across Kansas and Oklahoma. Timing of initiation, cap erosion, and nocturnal mode transition were key uncertainties."
2025-04-02,HIGH,high_end_tornado_outbreak,likely,high,classic_discrete_tornadic_supercells|mixed_discrete_to_qlcs_outbreak|mcv_mcs_outflow_reintensification,warm_front|outflow_boundary|discrete_supercells|cyclic_supercells|strong_tornadoes|violent_tornado_possible|very_large_hail|significant_wind|mcs,elongated baroclinic corridor|warm front|outflow-modified boundaries|low-level jet,numerous discrete supercells|long-lived supercells|organized MCS|QLCS,strong to violent tornadoes|damaging wind|very large hail,boundary_interaction|ofb_placement|mode_transition|nocturnal_evolution,"A HIGH-risk tornado outbreak unfolded from the lower Mississippi Valley into the Mid-South and lower Ohio Valley. Numerous tornadic supercells, including long-lived strong to intense tornado producers, evolved along a broad severe corridor while an MCS/QLCS wind and tornado threat expanded northeast. The main classification is high-end tornadic supercells, with meaningful MCS and boundary modulation."
2025-04-03,ENH,warm_front_baroclinic_tornado,likely,high,elevated_nocturnal_hail_mcs|ofb_differential_heating_supercells,warm_front|outflow_boundary|effective_boundary|elevated_convection|discrete_supercells|very_large_hail|strong_tornadoes|boundary_interaction,stalled frontal zone|rain-reinforced baroclinic zone|remnant outflow boundaries,surface-based supercells|elevated supercells|elevated bow echoes,very large hail|tornadoes|damaging wind,boundary_interaction|ofb_placement|storm_coverage_uncertain|nocturnal_evolution,"Severe storms formed along a stalled, rain-reinforced frontal zone from northeast Texas into the Mid-South and Tennessee Valley. Surface-based storms near the boundary carried strong-tornado potential, while elevated nocturnal supercells from southwest Texas into Oklahoma favored very large hail. Boundary placement and whether storms remained on the warm side of the baroclinic zone were central to the forecast."
2025-04-04,MDT,classic_discrete_tornadic_supercells,possible,high,warm_front_baroclinic_tornado|mixed_discrete_to_qlcs_outbreak,warm_front|cold_front|discrete_supercells|cluster_supercells|strong_tornadoes|very_large_hail|damaging_wind|boundary_interaction,ArkLaTex warm-sector boundary|warm front|slow-moving frontal corridor,maturing supercells|storm clusters|line segments,strong tornadoes|large hail|damaging wind,boundary_interaction|mode_transition|storm_coverage_uncertain|nocturnal_evolution,"The main corridor extended from the ArkLaTex into Arkansas and southeast Missouri, where supercells and clusters produced all hazards. Tornado potential, including strong or intense tornadoes, was maximized across far northeast Texas, southwest Arkansas, and into Arkansas. Hail and damaging winds remained important as storms clustered and moved northeast along the boundary."
2025-04-05,MDT,mixed_discrete_to_qlcs_outbreak,likely,high,qlcs_bowing_wind_tornado|warm_front_baroclinic_tornado,cold_front|warm_front|outflow_boundary|mcs|qlcs|bow_echo|strong_tornadoes|significant_wind|mode_transition,surface boundary from the Sabine Valley to Tennessee|front/outflow corridor|pre-frontal warm sector,embedded supercells|broken line|bowing segments|QLCS,tornadoes|damaging wind|large hail,mode_transition|prior_convection|boundary_interaction|nocturnal_evolution,"A broken line with embedded bows and supercells persisted from Louisiana and Mississippi into Alabama and the Tennessee Valley. Strong tornadoes remained possible in the Southeast and Mid-South, while damaging winds increased as bowing segments matured. The main classification is mixed discrete-to-QLCS, with boundary and convective-line evolution strongly shaping the hazards."
2025-04-14,ENH,cold_core_low_cape,none,high,southeast_multicell_or_clusters|classic_discrete_tornadic_supercells,cold_front|cluster_supercells|mixed_mode|large_hail|damaging_wind|low_cape_high_shear|steep_lapse_rates,maturing mid-latitude cyclone|cold front|upper low/vorticity maxima,supercells|clusters|low-topped convection,large hail|damaging wind|tornadoes,low_cape_high_shear|storm_coverage_uncertain|mode_transition,"Severe storms formed beneath a broad upper low and along a cold front from the Ohio Valley into the Mid-Atlantic. Steep lapse rates and 40-50 kt effective shear supported supercells and clusters with hail and damaging wind, with a lower-end tornado risk. A separate shallow convection wind/hail threat occurred in the Midwest under cold midlevel temperatures."
2025-04-17,ENH,classic_discrete_tornadic_supercells,none,high,elevated_nocturnal_hail_mcs|conditional_capped_supercells,warm_front|discrete_supercells|very_large_hail|tornadoes|damaging_wind|nocturnal_evolution|cap_conditional,weak shortwave trough|retreating warm front|nocturnal low-level jet,isolated supercells|elevated storms|small clusters,very large hail|tornadoes|damaging wind,storm_coverage_uncertain|nocturnal_evolution|cap_conditional|mode_transition,"Eastern Nebraska into western and central Iowa saw isolated to scattered supercells during the evening and early night. Very large hail was the most consistent hazard, with a localized tornado corridor near eastern Nebraska and southwest Iowa as low-level shear improved. Later elevated storms persisted but became less organized with time."
2025-04-19,ENH,dryline_supercell_hail_tornado,likely,high,ofb_differential_heating_supercells|forward_propagating_mcs_wind,dryline|outflow_boundary|warm_front|discrete_supercells|very_large_hail|strong_tornadoes|mcs|boundary_interaction,surface cold front|Red River/baroclinic boundary|outflow-modified inflow corridor,semi-discrete supercells|dominant supercell|MCS/QLCS,strong tornadoes|very large hail|damaging wind,boundary_interaction|surface_based_inflow|mode_transition|nocturnal_evolution,"North-central Texas into southeast Oklahoma became the focus for a late-day and nocturnal supercell tornado threat. Large hail and severe winds were common in west and central Texas, but the strongest tornado potential increased near the Red River and adjacent boundaries. Upscale growth into an MCS/QLCS later shifted the hazard toward severe winds and QLCS tornadoes."
2025-04-20,ENH,mixed_discrete_to_qlcs_outbreak,possible,high,warm_front_baroclinic_tornado|qlcs_bowing_wind_tornado,warm_front|cold_front|discrete_supercells|qlcs|strong_tornadoes|significant_wind|mode_transition|boundary_interaction,developing surface low|lifting warm front|cold front|ArkLaTex warm sector,line with embedded supercells|QLCS|discrete storms near warm front,tornadoes|damaging wind|hail,mode_transition|boundary_interaction|storm_coverage_uncertain|nocturnal_evolution,"A compact upper low and surface cyclone produced a severe corridor from the ArkLaTex into the Ozarks and mid-Mississippi Valley. Tornadoes, including some strong, and damaging winds were maximized from Arkansas into Missouri where storms interacted with the warm front and line segments. The event had both embedded-line and supercell character."
2025-04-24,ENH,ofb_differential_heating_supercells,core,high,dryline_supercell_hail_tornado|high_plains_upslope_supercells,dryline|outflow_boundary|effective_boundary|differential_heating_boundary|discrete_supercells|very_large_hail|strong_tornadoes|giant_hail,effective warm front/outflow boundary|dryline|differential heating zone|central/southern Plains lee trough,isolated supercells|cluster supercells|evolving linear segments,very large hail|tornadoes|damaging wind,ofb_placement|boundary_interaction|storm_coverage_uncertain|mode_transition,"Central and southern Plains convection focused on boundaries from eastern Colorado and southwest Kansas into western Oklahoma, the Panhandles, and west Texas. Supercells produced very large to giant hail and locally enhanced tornado potential near effective/outflow boundaries. Upscale growth and downstream longevity were uncertain but important for severe wind spread."
2025-04-25,ENH,ofb_differential_heating_supercells,core,high,high_plains_upslope_supercells|dryline_supercell_hail_tornado,outflow_boundary|discrete_supercells|cyclic_supercells|very_large_hail|giant_hail|tornadoes|boundary_interaction|nocturnal_evolution,west/east-oriented outflow boundary|southern High Plains lee trough|nocturnally strengthening low-level jet,cyclic supercell|splitting supercells|storm clusters,very large hail|tornadoes|damaging wind,ofb_placement|storm_interactions|mode_transition|nocturnal_evolution,"Eastern New Mexico into the Texas South Plains and Permian Basin saw several supercells in a strongly buoyant evening environment. The most notable threat was very large to giant hail, with tornado potential increasing locally as storms interacted with an outflow boundary and the low-level jet strengthened. Later clustering and storm interactions complicated longevity and wind potential."
2025-04-28,MDT,multi_region_multi_mode,possible,high,dryline_supercell_hail_tornado|classic_discrete_tornadic_supercells|forward_propagating_mcs_wind,dryline|cold_front|discrete_supercells|cluster_supercells|very_large_hail|strong_tornadoes|damaging_wind|mode_transition,Upper Midwest frontal zone|northeast Kansas storm cluster|southern Plains dryline,discrete supercells|supercell clusters|linear mode|MCS,tornadoes|very large hail|damaging wind,storm_coverage_uncertain|mode_transition|mcs_timing|boundary_interaction,"Multiple severe corridors evolved from the Upper Midwest into the central and southern Plains. Supercells produced large to very large hail and increasing tornado potential, including localized strong-tornado risk, while northern storms tended to grow upscale into linear clusters. The day is best classified as multi-region and multi-mode rather than a single-boundary event."
2025-04-29,ENH,mcv_mcs_outflow_reintensification,likely,high,forward_propagating_mcs_wind|dryline_supercell_hail_tornado,outflow_boundary|mcs|bow_echo|cluster_supercells|very_large_hail|damaging_wind|tornadoes|prior_convection,remnant outflow boundary|southern Plains storm cluster|Ohio Valley prior MCS corridors,intense storm cluster|embedded supercells|bowing MCS|marginal supercells,damaging wind|very large hail|tornadoes,prior_convection|ofb_placement|mcs_timing|mode_transition,"Multiple storm clusters affected the southern Plains and the Ohio Valley. In north Texas and southern Oklahoma, an intense cluster with embedded supercells moved into an environment near a remnant outflow boundary, supporting large hail, significant wind, and localized tornado potential. Farther east, prior MCSs left pockets of recovery for additional damaging-wind clusters."
2025-04-30,ENH,forward_propagating_mcs_wind,core,high,qlcs_bowing_wind_tornado|mcv_mcs_outflow_reintensification,outflow_boundary|cold_pool|mcs|bow_echo|qlcs|significant_wind|qlcs_tornadoes|prior_convection,large organized MCS|substantial cold pool/wake low|warm front in southern Illinois/Indiana|outflow boundary,organized MCS|bowing line|embedded mesovortices|isolated supercells,damaging wind|tornadoes|large hail,mcs_timing|cold_pool_strength|embedded_tornadoes|boundary_interaction,"A large, organized MCS moved from southeast Oklahoma and northeast Texas toward Arkansas and the Mississippi Valley. Its cold pool and wake low supported damaging winds and a few embedded tornadoes, while separate warm-front and west Texas storms posed more localized hail/tornado threats. The dominant signature was forward-propagating MCS wind."
2025-05-02,ENH,multi_region_multi_mode,likely,high,forward_propagating_mcs_wind|southeast_multicell_or_clusters,cold_front|outflow_boundary|mcs|bow_echo|cluster_supercells|very_large_hail|damaging_wind|prior_convection,broad frontal zone|convectively modified front|southward-sagging boundary|cell cold pools,multicell clusters|bowing line segments|supercells|squall line,damaging wind|large hail|tornadoes,prior_convection|outflow_placement|mode_transition|storm_coverage_uncertain,"A broad, messy severe-weather day stretched from Texas and Louisiana into the Tennessee and Ohio Valleys. Storms developed along a convectively modified frontal zone, with very large CAPE supporting hail in Texas and numerous clusters/bowing segments producing damaging winds farther east. The setup was multi-region and multi-mode, with outflow placement and cold-pool amalgamation important."
2025-05-05,ENH,high_plains_upslope_supercells,possible,high,dryline_supercell_hail_tornado|multi_region_multi_mode,dryline|warm_front|sea_breeze|discrete_supercells|very_large_hail|significant_wind|tornadoes|cap_conditional,southern High Plains lee trough|warm front|stationary front in the Mid-Atlantic|sea breeze boundary,supercells|clusters|multicells,very large hail|damaging wind|tornadoes,cap_conditional|storm_coverage_uncertain|boundary_interaction|nocturnal_evolution,"The main ENH corridor centered on southern High Plains supercells during the evening and night, with very large hail and 70+ mph wind potential. Additional, more localized severe storms occurred along Mid-Atlantic, Dakotas, and Florida boundaries. The southern Plains tornado risk increased with time as supercells interacted with the warm front and low-level jet."
2025-05-06,ENH,mixed_discrete_to_qlcs_outbreak,likely,high,warm_front_baroclinic_tornado|southeast_multicell_or_clusters,warm_front|cold_front|outflow_boundary|discrete_supercells|qlcs|strong_tornadoes|very_large_hail|damaging_wind,surface warm front|pre-frontal boundary|squall line|cold front/outflow boundary,supercells|squall line|slow-moving clusters,tornadoes|large hail|damaging wind,prior_convection|boundary_interaction|mode_transition|storm_coverage_uncertain,"Supercells were ongoing along and near a warm front across Texas, with a favorable environment extending into Louisiana. The day evolved into a mixed discrete and line/cluster event with large hail, damaging winds, and a few potentially strong tornadoes. Multiple other regions had secondary hail and wind threats, but east/southeast Texas into Louisiana was the main ENH focus."
2025-05-15,ENH,mixed_discrete_to_qlcs_outbreak,possible,high,classic_discrete_tornadic_supercells|forward_propagating_mcs_wind,dryline|cold_front|occluded_front|discrete_supercells|mcs|strong_tornadoes|very_large_hail|significant_wind|mode_transition,occluded front|cold front|dryline feature|surface convergence zones,semi-discrete supercells|arcing band of supercells|MCS with embedded supercells|line segments,damaging wind|tornadoes|very large hail,mode_transition|mcs_timing|storm_coverage_uncertain|ofb_placement,"A deep upper low and occluded/cold frontal system produced a widespread severe event from the upper Mississippi Valley into the Great Lakes. Initial supercells brought strong tornado and very large hail potential, then storms merged into lines/MCSs with significant wind, especially into lower Michigan and Indiana. A secondary overnight hail/wind threat developed from Arkansas toward the Tennessee Valley."
2025-05-16,MDT,high_end_tornado_outbreak,possible,high,classic_discrete_tornadic_supercells|mixed_discrete_to_qlcs_outbreak,cold_front|warm_front|dryline|discrete_supercells|strong_tornadoes|very_large_hail|significant_wind|mode_transition,seasonally deep cyclone|surface cold front|warm sector boundaries|dryline/frontal zone,intense supercells|supercell line|clusters|QLCS,strong tornadoes|very large hail|damaging wind,mode_transition|prior_convection|boundary_interaction|storm_coverage_uncertain,"A regional outbreak continued across the mid-Mississippi, Ohio, and Tennessee Valleys. Intense supercells produced strong, potentially long-track tornadoes and very large hail, with damaging winds increasing as storms clustered. The strongest corridor shifted from Missouri/Arkansas into Kentucky, Tennessee, and adjacent states during the evening."
2025-05-17,ENH,dryline_supercell_hail_tornado,likely,high,mcv_mcs_outflow_reintensification|forward_propagating_mcs_wind,dryline|warm_front|outflow_boundary|mcs|discrete_supercells|very_large_hail|damaging_wind|tornadoes,southern Plains dryline/frontal zone|retreating warm front|remnant MCS/outflow corridors,supercells|clusters|long-lived MCS|multicell storms,very large hail|damaging wind|tornadoes,prior_convection|ofb_placement|storm_coverage_uncertain|mode_transition,"The main severe focus was the southern Plains, where extreme buoyancy and shear supported supercells with very large hail, damaging winds, and a couple of tornadoes. Earlier and later MCS activity complicated the setup and also produced damaging winds farther east. Oklahoma, north Texas, and the ArkLaTex were the key all-hazards corridors."
2025-05-18,MDT,classic_discrete_tornadic_supercells,possible,high,dryline_supercell_hail_tornado|high_plains_upslope_supercells,dryline|warm_front|outflow_boundary|discrete_supercells|cyclic_supercells|strong_tornadoes|violent_tornado_possible|very_large_hail,dryline|warm front|central High Plains upslope/baroclinic corridor|outflow-modified boundaries,discrete supercells|supercell clusters|merging storms,strong to intense tornadoes|very large hail|damaging wind,storm_coverage_uncertain|boundary_interaction|mode_transition|mcs_timing,"Central and southern Plains supercells were capable of all severe hazards, including several strong to intense tornadoes. Northwest Oklahoma into southwest Kansas and the central High Plains had the most concerning tornado/hail environment, while mergers and clusters gradually complicated storm mode. The day retained a classic discrete supercell signal despite localized outflow modulation."
2025-05-19,MDT,mixed_discrete_to_qlcs_outbreak,likely,high,high_end_tornado_outbreak|qlcs_bowing_wind_tornado,dryline|warm_front|outflow_boundary|qlcs|discrete_supercells|strong_tornadoes|widespread_wind_damage|very_large_hail,dryline|warm front|QLCS gust front|Ozark/Red River severe corridor,discrete supercells|QLCS with embedded supercells|clusters,strong tornadoes|widespread damaging wind|very large hail,mode_transition|prior_convection|mcs_timing|boundary_interaction,"A significant severe episode continued across the south-central states. Earlier discrete supercells produced giant hail and strong tornado potential, then a broad southwest-northeast QLCS with embedded supercells maintained strong tornado and significant wind potential from Oklahoma/Arkansas toward the Ozarks. The balance between discrete storm intensity and linear upscale growth defined the day."
2025-05-20,ENH,qlcs_bowing_wind_tornado,likely,high,mixed_discrete_to_qlcs_outbreak|southeast_multicell_or_clusters,cold_front|warm_front|mcs|qlcs|bow_echo|damaging_wind|tornadoes|very_large_hail,cold front|warm-sector instability axis|ongoing convective line|southern Appalachians boundary zone,line of storms|embedded supercells|clusters,damaging wind|tornadoes|large hail,prior_convection|mode_transition|mcs_timing|instability_recovery,"The main severe risk persisted from eastern Tennessee into Alabama and northwest Georgia. A line and associated embedded storms produced scattered damaging winds, a few tornadoes, and isolated large hail as activity spread east. Several MDs highlighted tornado potential within increasingly favorable low-level shear before the threat weakened overnight."
2025-05-22,ENH,ofb_differential_heating_supercells,core,high,forward_propagating_mcs_wind|high_plains_upslope_supercells,outflow_boundary|differential_heating_boundary|mcs|discrete_supercells|very_large_hail|damaging_wind|mcs_timing|ofb_placement,southwestward-drifting outflow boundary|baroclinic gradient|Red River/southern Plains boundary|Florida sea breeze,isolated supercells|supercell cluster|small MCS|linear cluster,large to very large hail|damaging wind|tornadoes,ofb_placement|mcs_timing|storm_coverage_uncertain|mode_transition,"Morning storms over Oklahoma left an outflow boundary that drifted into northwest Texas and the Low Rolling Plains. New storms along that boundary and baroclinic gradient produced large to very large hail and damaging winds, with a few tornadoes possible. Later clustering into a small MCS shifted the threat toward severe wind."
2025-05-24,ENH,ofb_differential_heating_supercells,core,high,mcv_mcs_outflow_reintensification|high_plains_upslope_supercells,outflow_boundary|effective_boundary|warm_front|mcs|discrete_supercells|very_large_hail|tornadoes|prior_convection,stationary effective warm front/outflow boundary|remnant MCS from Oklahoma/ArkLaTex|southern Plains shortwave trough,supercells|MCS remnants|squall line|clusters,large hail|damaging wind|tornadoes,ofb_placement|prior_convection|storm_coverage_uncertain|mcs_timing,"The evening severe focus shifted to the southern Plains, especially Oklahoma, where all hazards were possible along an effective warm front/outflow boundary. Earlier MCS remnants also propagated across Alabama and Mississippi, prompting downstream probability adjustments. The day was therefore strongly outflow and MCS modulated."
2025-05-25,ENH,mcv_mcs_outflow_reintensification,likely,high,forward_propagating_mcs_wind|ofb_differential_heating_supercells,outflow_boundary|warm_front|mcs|discrete_supercells|very_large_hail|damaging_wind|tornadoes|mcs_timing,frontal zone|multiple outflow boundaries|southern Plains shortwave trough|MCS cold pools,supercells|MCS|convective line|clusters,very large hail|damaging wind|tornadoes,mcs_timing|ofb_placement|mode_transition|storm_coverage_uncertain,"Southern Plains storms again dominated the ENH day, with very large hail, severe winds, and a few tornadoes most concentrated in Oklahoma and Texas. Elevated storms grew upscale into an MCS while additional supercells formed near the Caprock and along frontal zones. Multiple boundaries and storm interactions governed the timing and hazard transition."
2025-05-26,ENH,mcv_mcs_outflow_reintensification,core,high,forward_propagating_mcs_wind|ofb_differential_heating_supercells,outflow_boundary|differential_heating_boundary|mcs|qlcs|discrete_supercells|giant_hail|significant_wind|tornadoes,rapidly modifying remnant outflow|south-central Texas MCS/QLCS cold pool|High Plains trough,supercells|emerging MCS|intense QLCS|clusters,damaging wind|large to giant hail|tornadoes,ofb_placement|mode_transition|mcs_timing|storm_coverage_uncertain,South-central Texas storms initiated along a rapidly modifying remnant outflow boundary. Early supercells supported very large to giant hail and tornado potential before an emerging MCS/QLCS produced significant to destructive wind gusts. The day is best classified as outflow-driven supercells transitioning into forward-propagating MCS wind.
2025-05-29,ENH,dryline_supercell_hail_tornado,possible,medium,conditional_capped_supercells|forward_propagating_mcs_wind,cold_front|outflow_boundary|discrete_supercells|cluster_supercells|very_large_hail|significant_wind|tornadoes|storm_coverage_uncertain,southward-moving cold front|west/central Texas boundary|ArkLaTex surface low/shortwave,intense supercell|supercell clusters|possible upscale growth,very large hail|damaging wind|tornadoes,storm_coverage_uncertain|mode_transition|mcs_timing|boundary_interaction,"West and central Texas severe weather centered on an intense supercell and possible additional storms along a southward-moving front. Large to very large hail, significant gusts, and a couple of tornadoes remained possible, with some chance of upscale growth if coverage increased. A secondary ArkLaTex-to-Tennessee Valley threat was tied to modest instability and stronger wind profiles."
2025-05-30,ENH,warm_front_baroclinic_tornado,none,high,qlcs_bowing_wind_tornado|southeast_multicell_or_clusters,warm_front|cold_front|quasi_stationary_front|qlcs|cluster_supercells|damaging_wind|tornadoes|low_cape_high_shear,deepening surface cyclone|quasi-stationary front|trailing cold front|warm-front corridor,line segments|clusters|low-topped supercells,damaging wind|tornadoes|hail,warm_front_placement|instability_recovery|mode_transition|low_cape_high_shear,"A surface low tracking along a quasi-stationary front supported a Mid-Atlantic and Carolinas severe corridor. Damaging winds were the dominant hazard, but low-level shear near the warm front supported a few tornadoes from Virginia toward the Tidewater and Carolinas. Western extent was limited as the surface low and cold front passed."
2025-06-02,ENH,forward_propagating_mcs_wind,likely,high,high_plains_upslope_supercells|mcv_mcs_outflow_reintensification,dryline|outflow_boundary|mcs|bow_echo|significant_wind|large_hail|mcv_track|mcs_timing,pronounced High Plains boundary|MCV over Minnesota|surface cold front|outflow/gust front,organizing convective cluster|MCS|supercells|bowing segments,severe wind|large hail|tornadoes,mcv_track|mcs_timing|mode_transition|boundary_interaction,"The main ENH corridor was the southern High Plains into western Kansas, where an organizing cluster along a boundary was expected to produce 60-75 mph winds and localized 75-90 mph gusts. A separate MCV over Minnesota also produced a shorter-lived severe wind threat. Hail and an isolated tornado were secondary hazards during the transition from storms to MCS."
2025-06-05,ENH,dryline_supercell_hail_tornado,possible,high,high_plains_upslope_supercells|mcv_mcs_outflow_reintensification,warm_front|mcs|discrete_supercells|giant_hail|strong_tornadoes|significant_wind|mcv_track|cap_conditional,High Plains shortwave|increasing low-level jet|western Oklahoma/southern Kansas boundary|weak MCV in the Northeast,supercells|intense supercell structure|MCS|clusters,very large to giant hail|tornadoes|damaging wind,storm_coverage_uncertain|cap_conditional|mode_transition|mcs_timing,"Southern and central Plains supercells produced several tornadoes, possibly strong, and large to giant hail. A low-level jet strengthened ahead of a weak shortwave, supporting an evening corridor from western Oklahoma into southern Kansas while some storms grew upscale into an MCS. The Northeast had a smaller MCV-related severe threat."
2025-06-06,ENH,high_plains_upslope_supercells,possible,high,forward_propagating_mcs_wind|dryline_supercell_hail_tornado,dryline|outflow_boundary|mcs|discrete_supercells|very_large_hail|damaging_wind|tornadoes|mode_transition,lee trough|southern Rockies/High Plains moisture axis|cold front/outflow boundaries,supercells|organizing clusters|squall line|MCS,large hail|damaging wind|tornadoes,storm_coverage_uncertain|mode_transition|mcs_timing|cap_conditional,"A corridor from southeast Colorado into central Oklahoma supported supercells and one or two organizing clusters. Large hail and damaging winds were the main hazards, with a couple tornadoes possible during the supercell phase. Later, storms organized into a squall line across southern Kansas and Oklahoma with severe wind and embedded tornado potential."
2025-06-07,ENH,mcv_mcs_outflow_reintensification,core,high,forward_propagating_mcs_wind|qlcs_bowing_wind_tornado,outflow_boundary|remnant_mcv|cold_pool|mcs|bow_echo|significant_wind|qlcs_tornadoes|prior_convection,morning MCS/MCV|cold pool|remnant outflow|dryline/outflow intersection in Texas,mature MCS|bowing line|embedded tornado circulations|isolated supercells,damaging wind|tornadoes|hail,mcs_timing|prior_convection|outflow_placement|storm_coverage_uncertain,"An MCS and associated MCV moved from the Mid-South into the Southeast, maturing into a damaging-wind-producing bowing system. The cold pool trimmed the western risk but sustained a corridor of wind damage and isolated tornado potential into Alabama, Georgia, and the southern Appalachians. Additional conditional supercell threats existed near High Plains and Texas outflow intersections."
2025-06-08,MDT,derecho_or_serial_mcs_wind,core,high,forward_propagating_mcs_wind|dryline_supercell_hail_tornado,cold_front|warm_front|outflow_boundary|mcs|bow_echo|derecho|widespread_wind_damage|very_large_hail|tornadoes,diffuse baroclinic boundary|cold front|southern Plains outflow/frontal zone|low-level jet,supercells|merging multicells|bow echo|derecho-producing MCS,widespread damaging wind|very large hail|tornadoes,mcs_timing|mode_transition|boundary_interaction|derecho_evolution,"Supercells and clusters from the Texas Panhandle into the Red River Valley were expected to consolidate into a prominent MCS. The wind threat increased markedly as merging storms developed bowing structure, with derecho potential and 80-100 mph gusts in northern Texas and southern Oklahoma. Large hail and tornadoes were important early, but widespread wind became dominant overnight."
2025-06-13,ENH,high_plains_upslope_supercells,possible,high,forward_propagating_mcs_wind|southeast_multicell_or_clusters,outflow_boundary|differential_heating_boundary|upslope|cluster_supercells|very_large_hail|damaging_wind|tornadoes|multi_region_multi_mode,central/southern Montana baroclinic zone|High Plains upslope flow|residual outflow/differential heating zone|Lower Mississippi cold pool,supercells|outflow-dominant clusters|bowing line segments|multicells,large to very large hail|damaging wind|tornadoes,storm_coverage_uncertain|outflow_placement|mode_transition|moisture_quality,"The greatest severe concentration was across central and southern Montana, where supercells produced large to very large hail, severe gusts, and a couple tornadoes. Separate High Plains and lower Mississippi/Tennessee Valley clusters produced damaging winds, with outflow boundaries influencing storm placement. The setup was multi-region, but High Plains/northern Rockies supercells were the primary signal."
2025-06-15,ENH,forward_propagating_mcs_wind,possible,high,high_plains_upslope_supercells|northwest_flow_mcs,cold_front|mcs|bow_echo|cluster_supercells|very_large_hail|significant_wind|mcs_timing|mode_transition,low-amplitude wave over Montana|northern High Plains baroclinic zone|southern High Plains terrain/upslope flow,supercells|organized clusters|MCS|lines,damaging wind|large hail|tornadoes,mode_transition|mcs_timing|storm_coverage_uncertain,"Severe storms spread from Montana into northeast Wyoming and the western Dakotas, with large hail early and increasing severe wind as storms organized. Additional severe storms occurred across the central and southern Plains. The main ENH signal was supercells growing upscale into clusters with potential severe wind swaths through the night."
2025-06-16,ENH,forward_propagating_mcs_wind,likely,high,northwest_flow_mcs|mixed_discrete_to_qlcs_outbreak,cold_front|warm_front|outflow_boundary|mcs|bow_echo|significant_wind|very_large_hail|tornadoes,central Plains boundary|surface cyclone/front|MCS cold pool|low-level jet,supercells|MCS|clusters|bowing segments,damaging wind|large hail|tornadoes,mcs_timing|mode_transition|boundary_interaction|outflow_placement,"Scattered severe storms developed across the northern and central Plains into the Upper Mississippi Valley. Early supercells brought hail and tornado potential, but severe wind became more prominent as storms grew into clusters and MCSs. The ENH area shifted south and east with evolving boundaries and cold-pool propagation."
2025-06-17,MDT,forward_propagating_mcs_wind,core,high,ofb_differential_heating_supercells|qlcs_bowing_wind_tornado,cold_front|outflow_boundary|effective_boundary|mcs|bow_echo|significant_wind|large_hail|tornadoes,surface front/composite outflow|strengthening low-level jet|southern Kansas/northern Oklahoma boundary,small bows|thunderstorm clusters|supercells|MCS,damaging wind|large hail|tornadoes,ofb_placement|mcs_timing|mode_transition|boundary_interaction,"Southern Kansas and northern Oklahoma became the primary focus for swaths of damaging winds, some over 80 mph, with large hail and a couple tornadoes. Storms organized along a surface front/composite outflow as the low-level jet strengthened, favoring small bows and MCS evolution. Earlier supercells along the boundary added localized tornado and large-hail risk."
2025-06-18,ENH,qlcs_bowing_wind_tornado,core,high,mcv_mcs_outflow_reintensification|mixed_discrete_to_qlcs_outbreak,outflow_boundary|remnant_mcv|mcs|qlcs|bow_echo|damaging_wind|qlcs_tornadoes|large_hail,well-developed QLCS|MCV/shortwave over Missouri/Illinois|low-level confluence axis|outflow boundary in southern Plains,mature QLCS|embedded bows|supercells|line segments,damaging wind|tornadoes|large hail,mcv_track|mode_transition|mcs_timing|embedded_tornadoes,"A well-developed QLCS with embedded bows tracked across Indiana and southern Lower Michigan toward Ohio, producing scattered to numerous damaging winds and tornado potential. Farther south, new storms along confluence and outflow boundaries from the lower Ohio Valley into the southern Plains added hail and wind risk. The event was strongly MCV/MCS driven."
2025-06-19,ENH,southeast_multicell_or_clusters,possible,high,qlcs_bowing_wind_tornado|multi_region_multi_mode,cold_front|outflow_boundary|cluster_supercells|mixed_mode|damaging_wind|large_hail|brief_tornadoes|instability_recovery,weak cold front/upper trough|Blue Ridge terrain initiation|southeast outflow boundary|northern Plains dryline,clusters|line segments|bowing segments|isolated supercells,damaging wind|large hail|brief tornadoes,instability_recovery|storm_coverage_uncertain|mode_transition|outflow_placement,"The main severe corridor extended across the Mid-Atlantic into parts of the Northeast, where moderate buoyancy and sufficient shear supported organized clusters and line segments. Damaging winds were the primary hazard, with isolated hail and brief tornadoes possible. A separate northern Plains/Upper Midwest nighttime hail and wind risk developed along the stronger westerlies."
2025-06-20,MDT,derecho_or_serial_mcs_wind,core,high,forward_propagating_mcs_wind|qlcs_bowing_wind_tornado,cold_front|mcs|bow_echo|derecho|widespread_wind_damage|significant_wind|qlcs_tornadoes|very_large_hail,northern Plains shortwave trough|MCS cold pool|bow-echo apex|pre-MCS supercells,supercells|mature bow echo|derecho-producing MCS|embedded mesovortices,widespread damaging wind|tornadoes|large hail,derecho_evolution|mcs_timing|embedded_tornadoes|mode_transition,"A significant swath of severe winds developed from the northern Plains into the upper Mississippi Valley. Supercells and multicells grew upscale into a mature bow echo/derecho, with 75-100+ mph gusts and mesovortex tornado potential. The MCS wind hazard was dominant, though very large hail and tornadoes occurred with early supercells."
2025-06-25,ENH,multi_region_multi_mode,core,high,forward_propagating_mcs_wind|warm_front_baroclinic_tornado,warm_front|outflow_boundary|cold_pool|mcs|cluster_supercells|damaging_wind|tornadoes|large_hail,Southeast cold pool/outflow mergers|southwest Wisconsin warm front|effective frontal boundary|northern High Plains terrain boundary,loosely organized MCS|embedded supercells|low-topped supercells|multicell clusters,damaging wind|tornadoes|large hail,outflow_placement|boundary_interaction|mode_transition|mcs_timing,"Two main severe regimes shared the day. In the Southeast, outflow mergers consolidated a cold pool and supported a loosely organized MCS with damaging winds and hail. In southwest Wisconsin and nearby areas, supercells along a warm front produced tornadoes before trending more linear."
2025-06-27,ENH,classic_discrete_tornadic_supercells,possible,high,forward_propagating_mcs_wind|high_plains_upslope_supercells,dryline|outflow_boundary|discrete_supercells|cluster_supercells|giant_hail|strong_tornadoes|severe_gusts|mode_transition,northern edge of strong buoyancy|weak Rockies/High Plains disturbances|eastern Montana/western North Dakota boundary zone,supercells|bowing cluster|severe clusters,very large to giant hail|tornadoes|damaging wind,storm_coverage_uncertain|mode_transition|boundary_interaction|mcs_timing,"Northern Plains supercells developed along the northern edge of strong buoyancy across North Dakota and nearby areas. The strongest storms were capable of very large to giant hail, a few tornadoes, and damaging gusts, with a couple strong tornadoes possible during the evening. Later clustering introduced a more wind-dominant threat."
2025-07-05,ENH,forward_propagating_mcs_wind,core,high,northwest_flow_mcs|tropical_cyclone_tornado_rainbands,mcs|bow_echo|cold_front|tropical_cyclone|severe_gusts|large_hail|rear_inflow_jet|mcs_timing,progressive northern High Plains shortwave|organized MCS cold pool|Black Hills/northern High Plains boundary|Tropical Storm Chantal rainbands,upscale-growing MCS|small MCS/supercell|high-based clusters|low-topped tropical rainband cells,severe wind|large hail|brief tornadoes,mcs_timing|storm_coverage_uncertain|mode_transition|tropical_rainband_overlap,"The northern High Plains severe threat was dominated by an upscale-growing cluster/MCS moving from southeast Montana and northeast Wyoming into western South Dakota. Severe wind gusts were the main hazard, with isolated large hail in stronger storms. A separate low-end tropical rainband tornado threat existed near Tropical Storm Chantal along the Carolina coast."
2025-07-07,ENH,forward_propagating_mcs_wind,core,high,northwest_flow_mcs|high_plains_upslope_supercells,cold_front|outflow_boundary|upslope|mcs|bow_echo|large_hail|damaging_wind|mcs_timing,surging outflow boundary|central High Plains upslope flow|cold front|weak Midwest/OH Valley boundaries,supercells|clusters|MCS|pulse multicells,damaging wind|large hail|tornadoes,outflow_placement|mcs_timing|storm_coverage_uncertain|mode_transition,"The central and northern Plains severe threat involved storms developing along outflow and upslope boundaries, then consolidating into one or more damaging-wind clusters. Large hail and a brief tornado were possible during the supercell phase, but severe wind became the main nighttime hazard. Farther east, scattered pulse and multicell storms produced more isolated damaging gusts."
2025-07-09,ENH,multi_region_multi_mode,possible,medium,forward_propagating_mcs_wind|southeast_multicell_or_clusters,cold_front|outflow_boundary|mcs|bow_echo|damaging_wind|large_hail|downburst_wind|storm_coverage_uncertain,northern/central Plains moisture gradient|low-level jet focus|Mid-Atlantic shortwave/front|northern Rockies shortwave,severe clusters|squall line|weak supercells|multicells,damaging wind|large hail,storm_coverage_uncertain|mcs_timing|mode_transition|boundary_interaction,"Severe wind and isolated large hail were possible in both the northern/central Plains and the Mid-Atlantic/Southeast. Confidence in a farther-south Plains corridor depended on whether storms moving out of the Nebraska Panhandle could organize with the low-level jet. The event was multi-region, with damaging wind the primary hazard."
2025-07-10,ENH,mcv_mcs_outflow_reintensification,core,high,forward_propagating_mcs_wind|mixed_discrete_to_qlcs_outbreak,remnant_mcv|outflow_boundary|warm_front|mcs|cluster_supercells|large_hail|damaging_wind|tornadoes,MCV over southern Minnesota/western Wisconsin|surface low near Nebraska/Colorado border|warm/moist central Plains corridor|south flank of MCV,supercells|larger storm complex|MCS|clusters,damaging wind|large hail|tornadoes,mcv_track|storm_coverage_uncertain|mcs_timing|mode_transition,"A midlevel MCV over the Upper Midwest interacted with a moist, unstable warm sector to produce renewed severe storms from Iowa into the Midwest. Farther west, central Plains storms developed near the surface low and later grew into a complex. Large hail and a couple tornadoes were possible early, with damaging winds increasing as storms organized."
2025-07-11,ENH,warm_front_baroclinic_tornado,likely,high,mixed_discrete_to_qlcs_outbreak|forward_propagating_mcs_wind,warm_front|cold_front|outflow_boundary|cluster_supercells|mcs|damaging_wind|hail|tornadoes,warm-front-like baroclinic zone|reinforcing residual showers/clouds|central High Plains post-frontal boundary|Upper Midwest cold front,clusters|supercells|organized convective cluster|line segments,damaging wind|hail|tornadoes,boundary_interaction|outflow_placement|mode_transition|storm_coverage_uncertain,"A sharpened warm-front-like zone from the lower Missouri Valley into the Midwest was the main severe focus. Storms near this boundary produced damaging wind, hail, and some tornado potential, while clusters later moved into the Great Lakes. Additional severe storms occurred across the central and southern High Plains and Upper Midwest."
2025-07-15,ENH,forward_propagating_mcs_wind,core,high,northwest_flow_mcs|high_plains_upslope_supercells,cold_front|mcs|qlcs|bow_echo|severe_gusts|significant_wind|large_hail|mcs_timing,cold front|South Dakota/Nebraska instability corridor|organized linear MCS|Upper Midwest front,organized linear MCS|QLCS|high-based storms|clusters,severe wind|large hail,mcs_timing|mode_transition|storm_coverage_uncertain,"An organized linear MCS became established from eastern South Dakota into central Nebraska. Scattered severe gusts, some 75+ mph, and large hail were probable as the system moved east-southeast into Iowa and southeast Nebraska. Other severe wind pockets occurred in the Upper Midwest, Wyoming, and southeast Arizona, but the Plains MCS drove the ENH classification."
2025-07-27,ENH,forward_propagating_mcs_wind,core,high,northwest_flow_mcs|mcv_mcs_outflow_reintensification,mcs|outflow_boundary|cluster_supercells|bow_echo|damaging_wind|large_hail|prior_convection|mcs_timing,Upper Mississippi Valley MCS|ridge-embedded perturbations|MCS gust front/outflow|northern Plains instability axis,loosely organized MCS|embedded multicells|embedded supercells|clusters,damaging wind|large hail|tornadoes,mcs_timing|storm_coverage_uncertain|mode_transition|prior_convection,"An Upper Mississippi Valley MCS with intense embedded multicells and supercells produced a severe-wind threat into the night. Hail and localized tornado potential accompanied the strongest embedded storms, while the system gradually weakened toward Iowa. A separate, more isolated northern Plains severe threat remained secondary."
2025-07-28,MDT,derecho_or_serial_mcs_wind,core,high,forward_propagating_mcs_wind|classic_discrete_tornadic_supercells,outflow_boundary|mcs|bow_echo|derecho|widespread_wind_damage|significant_wind|large_hail|tornadoes,South Dakota/Nebraska border storm corridor|larger-scale damaging-wind MCS evolution|Montana storm complex,supercells|complex mixed mode|MCS|bowing segments,significant damaging wind|large hail|tornadoes,mode_transition|mcs_timing|boundary_interaction|derecho_evolution,"A significant damaging-wind corridor evolved from southeast South Dakota into southern Minnesota and northern Iowa. Earlier tornadic supercells transitioned into a complex mixture of modes, then larger-scale wind damage became the primary concern as cells filled in and merged. Hail and isolated tornadoes remained possible but were secondary to severe wind."
2025-08-07,ENH,forward_propagating_mcs_wind,core,high,northwest_flow_mcs|elevated_nocturnal_hail_mcs,warm_front|mcs|bow_echo|cluster_supercells|significant_wind|very_large_hail|tornadoes|nocturnal_evolution,northern Plains warm front|Montana storm clusters|North Dakota weak surface boundary|steep lapse-rate/moisture corridor,storm clusters|developing MCS|elevated thunderstorms|isolated supercells,significant severe wind|large to very large hail|tornadoes,mcs_timing|nocturnal_evolution|storm_coverage_uncertain|mode_transition,"Northern Plains storms organized across Montana into North Dakota during the evening and night. The downstream environment was volatile, supporting one or more swaths of significant severe winds along with large to very large hail and a few tornadoes. Elevated storms along the warm front complicated mode and timing but still supported severe potential."
2025-09-23,ENH,ofb_differential_heating_supercells,core,high,warm_front_baroclinic_tornado|southeast_multicell_or_clusters,outflow_boundary|effective_boundary|differential_heating_boundary|discrete_supercells|strong_tornadoes|damaging_wind|large_hail|boundary_interaction,convectively reinforced baroclinic zone|east Oklahoma/west Arkansas differential heating corridor|midlevel vorticity maximum,supercells|clusters|linear segments,tornadoes|damaging wind|large hail,ofb_placement|boundary_interaction|storm_coverage_uncertain|mode_transition,"Eastern Oklahoma into western Arkansas became the focused severe corridor as heating occurred along and south of a convectively reinforced baroclinic zone. Supercells and clusters posed a few tornadoes, one or two potentially strong, along with scattered damaging winds and hail. The key forecast issue was storm development and interaction with the reinforced boundary."
2026-02-19,ENH,classic_discrete_tornadic_supercells,none,high,warm_front_baroclinic_tornado|conditional_capped_supercells|dryline_supercell_hail_tornado,dryline|warm_front|discrete_supercells|cluster_supercells|very_large_hail|strong_tornadoes|cap_conditional|moisture_quality|storm_coverage_uncertain,surface low moving from Kansas toward Lake Michigan|warm front across Missouri/Illinois/Indiana|surging dryline into Missouri|shortwave trough,early elevated storms|discrete to semi-discrete supercells|supercell cluster,tornadoes including a strong tornado risk|large hail|damaging wind gusts,moisture_quality|cap_conditional|storm_coverage_uncertain|instability_recovery,"A compact cool-season Midwest/OH Valley setup relied on modest moisture returning beneath strong flow aloft. Outlooks and MDs emphasized supercells near the warm front and dryline, with large hail and tornadoes possible despite limited buoyancy. Later MDs confirmed discrete and clustered supercells, including a strong-tornado concern, while also noting uncertainty from poor thermodynamics."
2026-03-05,ENH,dryline_supercell_hail_tornado,none,high,conditional_capped_supercells|elevated_nocturnal_hail_mcs|qlcs_bowing_wind_tornado,dryline|warm_front|discrete_supercells|cluster_supercells|bow_echo|very_large_hail|cap_conditional|nocturnal_evolution|mode_transition,southern High Plains dryline|lee cyclone over eastern Colorado|northward-moving warm front|low-level jet,initial discrete supercells|supercell clusters|late bowing structures|overnight elevated storms north of the warm front,very large hail|tornadoes|damaging winds,cap_conditional|storm_coverage_uncertain|nocturnal_evolution|mode_transition,"The southern High Plains risk hinged on dryline initiation into an improving moist sector. Forecasts consistently favored a few supercells with very large hail and tornado potential, then clustering or bowing structures as the low-level jet strengthened. Capping and weak forcing limited confidence in storm number and timing, especially before evening."
2026-03-06,ENH,mixed_discrete_to_qlcs_outbreak,possible,high,dryline_supercell_hail_tornado|qlcs_bowing_wind_tornado|elevated_nocturnal_hail_mcs,cold_front|dryline|warm_front|discrete_supercells|mixed_mode|bow_echo|very_large_hail|strong_tornadoes|prior_convection|cap_conditional|mode_transition,cold front across the Plains and Midwest|dryline in Oklahoma/Texas|warm front into the Great Lakes|surface low and low-level jet,initial supercells|bowing clusters|squall line|elevated hail storms north of the front,strong tornadoes|very large hail|damaging winds,prior_convection|cap_conditional|mode_transition|mcs_timing|storm_coverage_uncertain,"A broad Plains-to-Midwest severe day had several foci, including a cold front/warm front zone in the central Plains and Midwest and a conditional southern Plains dryline. The outlook raised tornado probabilities near the surface low/warm-front interface while also expecting bowing clusters and hail north of the front. MDs documented supercells and a later squall line, with prior convection and capping keeping confidence more conditional in some corridors."
2026-03-10,MDT,mixed_discrete_to_qlcs_outbreak,possible,high,classic_discrete_tornadic_supercells|warm_front_baroclinic_tornado|dryline_supercell_hail_tornado|qlcs_bowing_wind_tornado,warm_front|dryline|cold_front|discrete_supercells|qlcs|mcs|giant_hail|strong_tornadoes|significant_wind|mode_transition|nocturnal_evolution|boundary_interaction,sharp warm front from northern Illinois into Lower Michigan|Texas/Oklahoma dryline|cold front across Kansas/Missouri|surface low and strengthening low-level jet,intense warm-front supercells|dryline supercells|supercell clusters|bowing line segments|overnight QLCS,strong to intense tornadoes|very large to giant hail|damaging winds,mode_transition|cap_conditional|boundary_interaction|nocturnal_evolution|storm_coverage_uncertain,"This was a broad, multi-corridor MDT day from the southern Plains to the southern Great Lakes. The most focused tornado corridor was along the Midwest warm front, while Texas/Oklahoma dryline storms brought giant hail and tornado risk before transitioning toward linear wind-producing structures. MDs later showed several intense supercells and QLCS segments, preserving an all-hazards character deep into the night."
2026-03-15,ENH,qlcs_bowing_wind_tornado,possible,high,mixed_discrete_to_qlcs_outbreak|derecho_or_serial_mcs_wind|classic_discrete_tornadic_supercells,cold_front|prefrontal_trough|qlcs|bow_echo|discrete_supercells|significant_wind|widespread_wind_damage|qlcs_tornadoes|strong_tornadoes|mode_transition,surging cold front|deep surface cyclone|prefrontal warm sector convergence|low-level jet,intense squall line|embedded supercells|warm-sector supercells|bowing line segments,widespread damaging winds|embedded tornadoes|strong tornadoes|large hail,mode_transition|storm_coverage_uncertain|instability_recovery|nocturnal_evolution,"A powerful cyclone and cold front produced a large lower/mid Mississippi Valley to Ohio Valley severe-wind episode. Outlooks emphasized widespread damaging winds with embedded tornadoes in a fast-moving squall line, while acknowledging a conditional strong-tornado risk in any storms that could stay ahead of the line. The threat persisted overnight into the Southeast as the line advanced eastward."
2026-03-16,MDT,qlcs_bowing_wind_tornado,core,high,mcv_mcs_outflow_reintensification|mixed_discrete_to_qlcs_outbreak|ofb_differential_heating_supercells,cold_front|warm_front|outflow_boundary|qlcs|bow_echo|mcs|significant_wind|widespread_wind_damage|qlcs_tornadoes|strong_tornadoes|prior_convection|instability_recovery,remnant QLCS east of the Appalachians|large-scale outflow from broken linear bands|warm front near the Carolinas and Mid-Atlantic|synoptic cold front and prefrontal trough,remnant and renewing QLCS|broken linear bands|supercell clusters|low-topped squall line,damaging winds|tornadoes including strong tornado potential|hail,prior_convection|instability_recovery|ofb_placement|mode_transition|storm_coverage_uncertain,"The day began as a Mid-Atlantic MDT for fast-moving storms, damaging winds, and possible strong long-track tornadoes. Ongoing broken lines, remnant QLCS activity, and large-scale outflow strongly limited destabilization and led to removal of the Moderate Risk by 20Z. Severe continued in several rounds, but the event was mainly a QLCS and low-topped wind/tornado regime rather than a cleaner discrete outbreak."
2026-03-22,ENH,cold_front_supercell_hail_wind,none,high,classic_discrete_tornadic_supercells|qlcs_bowing_wind_tornado,cold_front|discrete_supercells|bow_echo|very_large_hail|significant_wind|cap_conditional|moisture_quality|storm_coverage_uncertain,cold front from Ohio Valley into Mid-Atlantic|steep lapse-rate plume|prefrontal warm sector,initial discrete supercells|small bowing segments|elevated hail storms later,large to very large hail|damaging winds|isolated tornado,moisture_quality|storm_coverage_uncertain|cap_conditional|instability_recovery,"This Ohio Valley to Mid-Atlantic ENH was a steep-lapse-rate, cold-front severe hail and wind day. Moisture was limited, but surface heating was expected to erode inhibition and support discrete supercells at first. MDs favored severe hail and damaging gusts, with a tornado possible but not the main hazard."
2026-03-26,ENH,northwest_flow_frontal_supercells,none,high,cold_front_supercell_hail_wind|elevated_nocturnal_hail_mcs,cold_front|stationary_front|sea_breeze|discrete_supercells|cluster_supercells|elevated_convection|very_large_hail|significant_wind|cap_conditional|storm_coverage_uncertain,southward-moving cold front|weak surface wave along southern Great Lakes front|lake breeze boundaries|subtle northwest-flow shortwave,frontal supercells|line segments|elevated cells north of the front,large to very large hail|damaging winds|a few tornadoes,cap_conditional|storm_coverage_uncertain|boundary_interaction|mode_transition,"A fast northwest-flow disturbance and southward-moving front supported severe storms from the Midwest into the Ohio Valley. The main signal was supercell hail, including greater than 2 inch stones, with damaging winds and a conditional tornado risk near better low-level shear and lake-breeze effects. Some storms became elevated as the front undercut the warm sector."
2026-04-01,ENH,mixed_discrete_to_qlcs_outbreak,likely,high,dryline_supercell_hail_tornado|mcv_mcs_outflow_reintensification|elevated_nocturnal_hail_mcs,dryline|warm_front|stationary_front|remnant_mcv|mcs|cluster_supercells|discrete_supercells|very_large_hail|significant_wind|strong_tornadoes|mode_transition|nocturnal_evolution,southern Plains dryline/front intersection|retreating warm front into Oklahoma/Kansas/Missouri|stationary boundary in the Ohio Valley|mesolow/MCV over western Oklahoma,semi-discrete supercells|clusters|broken line segments|MCS/mesolow complex,damaging winds|large to very large hail|tornadoes,prior_convection|mode_transition|mcs_timing|boundary_interaction|storm_coverage_uncertain,"Southern Plains storms initiated along a broad front/dryline zone and then grew upscale as forcing increased. Supercells and clusters brought all hazards, with the 01Z outlook emphasizing a southwest Oklahoma complex aided by a mesolow/MCV. The Ohio Valley/Mid-Atlantic had a secondary frontal wind/hail risk, making the day multi-region and mixed-mode."
2026-04-02,ENH,warm_front_baroclinic_tornado,possible,high,classic_discrete_tornadic_supercells|qlcs_bowing_wind_tornado|multi_region_multi_mode,warm_front|cold_front|dryline|discrete_supercells|bow_echo|cluster_supercells|strong_tornadoes|significant_wind|instability_recovery|storm_coverage_uncertain,deep surface low tracking across Iowa|northward-lifting warm front|advancing cold front|midlevel dry slot,fast-moving supercells|bowing segment near the surface low|clusters|line segments,tornadoes including strong fast-moving tornadoes|damaging winds|hail,instability_recovery|storm_coverage_uncertain|mode_transition|boundary_interaction,"A negatively tilted trough and rapidly moving low created a narrow warm-sector recovery corridor across Iowa, Illinois, and southern Wisconsin. Strong low-level shear near the warm front favored fast supercells and a tornado threat, while bowing segments and clusters added damaging-wind potential. The main uncertainty was whether weak buoyancy after morning precipitation would be enough for sustained mature storms."
2026-04-03,ENH,mixed_discrete_to_qlcs_outbreak,likely,high,warm_front_baroclinic_tornado|dryline_supercell_hail_tornado|forward_propagating_mcs_wind,warm_front|cold_front|dryline|outflow_boundary|mcs|discrete_supercells|qlcs|bow_echo|very_large_hail|significant_wind|mode_transition|storm_coverage_uncertain,warm front from Missouri into Iowa/Illinois|surface low and triple point|advancing cold front|dryline/Pacific front into Oklahoma and Texas,warm-front supercells|cold-front line|discrete to semi-discrete supercells|expansive MCS,damaging winds|large to very large hail|tornadoes,mode_transition|storm_coverage_uncertain|boundary_interaction|mcs_timing,"The day featured a northern warm-front supercell/tornado corridor and a broader cold-front/dryline line from Iowa to Texas. Outlooks emphasized large hail and damaging winds, with tornadoes conditional on discrete cells near the warm front or ahead of the line. MDs later documented a transition to wind swaths and an expansive MCS, with outflow modulating the remaining tornado risk."
2026-04-13,ENH,warm_front_baroclinic_tornado,possible,high,classic_discrete_tornadic_supercells|dryline_supercell_hail_tornado|multi_region_multi_mode,warm_front|stationary_front|dryline|discrete_supercells|cluster_supercells|very_large_hail|strong_tornadoes|cap_conditional|storm_coverage_uncertain|mode_transition,stationary/warm front across Minnesota/Wisconsin/Iowa|surface low moving into southern Minnesota/Wisconsin|southern Plains dryline|subtle midlevel waves,initial discrete supercells|storms north of the warm front|supercell clusters|isolated dryline supercells,very large hail|tornadoes|damaging winds,cap_conditional|storm_coverage_uncertain|boundary_interaction|mode_transition,"The primary severe risk focused on the Upper Mississippi Valley warm front, where late-day supercells were expected to produce large to very large hail and tornadoes. A conditional southern Plains dryline risk provided a separate all-hazards corridor if storms could sustain. The main uncertainty was storm residence time near the boundary versus rapid clustering north of the front."
2026-04-14,ENH,ofb_differential_heating_supercells,core,high,classic_discrete_tornadic_supercells|dryline_supercell_hail_tornado|mcv_mcs_outflow_reintensification|forward_propagating_mcs_wind,outflow_boundary|warm_front|dryline|remnant_mcv|cold_pool|discrete_supercells|mcs|bow_echo|giant_hail|strong_tornadoes|significant_wind|boundary_interaction|mode_transition,composite outflow boundary/warm front across Iowa/Wisconsin/Illinois|MCV and outflow from Great Lakes MCS|southern/central Plains dryline|cold pools from initial storm clusters,boundary-anchored supercells|splitting supercells|dryline supercells|MCS/bowing clusters|QLCS with mesovortices,giant hail|strong tornadoes|damaging winds,ofb_placement|boundary_interaction|mode_transition|prior_convection|storm_coverage_uncertain,"This was a highly convectively modulated Plains-to-Great Lakes day. The Midwest ENH corridor formed along a composite outflow/warm-front zone, while southern Plains dryline supercells produced giant hail before cold pools and clustering shifted hazards toward wind. MDs repeatedly tied tornado and hail corridors to outflow, warm fronts, and MCV/cold-pool interactions."
2026-04-17,MDT,mixed_discrete_to_qlcs_outbreak,core,high,forward_propagating_mcs_wind|dryline_supercell_hail_tornado|classic_discrete_tornadic_supercells|qlcs_bowing_wind_tornado,cold_front|dryline|warm_front|outflow_boundary|discrete_supercells|qlcs|mcs|bow_echo|giant_hail|strong_tornadoes|significant_wind|widespread_wind_damage|mode_transition,cold front from Upper Midwest to Plains|warm front across Iowa/Wisconsin/Illinois|Kansas/Oklahoma dryline and triple point|coalescing storm cold pools,initial discrete supercells|supercell clusters|forward-propagating MCS|QLCS/bowing segments,severe wind swaths|giant hail|strong tornadoes|QLCS tornadoes,mode_transition|mcs_timing|boundary_interaction|ofb_placement|storm_coverage_uncertain,"A broad Midwest-to-Plains MDT began with supercells capable of giant hail and strong tornadoes, then evolved toward a damaging-wind-dominant MCS/QLCS. The southern Plains/lower Missouri Valley corridor had the clearest forward-propagating MCS signal, with 80+ mph gust potential. Farther north, warm-front supercells transitioned into a broken line with embedded mesovortices and severe wind."
2026-04-23,ENH,mixed_discrete_to_qlcs_outbreak,possible,high,dryline_supercell_hail_tornado|classic_discrete_tornadic_supercells|qlcs_bowing_wind_tornado,cold_front|dryline|discrete_supercells|mixed_mode|bow_echo|very_large_hail|strong_tornadoes|significant_wind|cap_conditional|storm_coverage_uncertain,trailing cold front from Minnesota/Iowa/Kansas/Missouri into Oklahoma|Oklahoma dryline|surface cyclone over southern Manitoba|low-level jet,mixed frontal modes|discrete to semi-discrete supercells|squall line|bowing line segments,very large hail|tornadoes|damaging winds,cap_conditional|storm_coverage_uncertain|mode_transition|prior_convection,"A frontal severe corridor stretched from Minnesota/Iowa southward into Kansas and Oklahoma, with mixed modes along and ahead of the cold front. The more substantial evening threat focused from eastern Kansas into Oklahoma, where supercells produced very large hail and tornado potential before some upscale growth. Oklahoma dryline initiation remained conditional but potentially high-end if sustained."
2026-04-24,ENH,ofb_differential_heating_supercells,core,high,mcv_mcs_outflow_reintensification|classic_discrete_tornadic_supercells|qlcs_bowing_wind_tornado,outflow_boundary|dryline|cold_front|mcs|discrete_supercells|cluster_supercells|qlcs|very_large_hail|qlcs_tornadoes|boundary_interaction|mode_transition,residual outflow from morning convection across Oklahoma/Arkansas/Mississippi|modifying outflow/triple point near southeast Oklahoma/ArkLaTex|Texas dryline|weak surface low,outflow-focused supercells|clusters|QLCS/upscale-growing storms|conditional dryline supercells,very large hail|tornadoes|damaging winds,ofb_placement|boundary_interaction|storm_coverage_uncertain|cap_conditional|mode_transition,"The ENH risk was anchored to an outflow-dominated corridor from southeast Oklahoma into the ArkLaTex. Heating south of a morning convective band and its stalling/modifying outflow supported intense supercells with very large hail and tornado risk, while parts of the line could re-intensify into a QLCS wind/tornado threat. The Texas dryline was a separate, more conditional hail-focused risk."
2026-04-25,MDT,dryline_supercell_hail_tornado,core,high,ofb_differential_heating_supercells|warm_front_baroclinic_tornado|classic_discrete_tornadic_supercells|elevated_nocturnal_hail_mcs,dryline|warm_front|outflow_boundary|cold_front|discrete_supercells|elevated_convection|giant_hail|strong_tornadoes|cap_conditional|boundary_interaction|mode_transition,Red River vicinity warm front|outflow-influenced boundary lifting north|dryline/surface trough in Oklahoma and Texas|cold front into northwest Oklahoma/Kansas,boundary-anchored supercells|splitting supercells|elevated supercells|supercell clusters,giant hail|strong tornadoes|damaging winds,ofb_placement|boundary_interaction|cap_conditional|storm_coverage_uncertain|nocturnal_evolution,"A volatile southern Plains MDT focused on the warm front/outflow boundary and dryline intersection in Oklahoma and north Texas. Extreme buoyancy and steep lapse rates supported giant hail, with the strongest tornado risk tied to discrete, boundary-anchored supercells. Elevated supercells and clusters continued into the night, but storm interactions and cold pools complicated the dominant hazard corridor."
2026-04-26,ENH,multi_region_multi_mode,likely,medium,dryline_supercell_hail_tornado|elevated_nocturnal_hail_mcs|forward_propagating_mcs_wind,dryline|warm_front|outflow_boundary|mcs|discrete_supercells|elevated_convection|cluster_supercells|very_large_hail|strong_tornadoes|significant_wind|prior_convection|nocturnal_evolution|storm_coverage_uncertain,effective warm front advancing north through Oklahoma/Kansas|dryline in Oklahoma/Texas|central Plains frontal zone|outflow/baroclinic zones from prior convection,elevated supercells|dryline supercells|compact MCS/bow echo|clusters with embedded supercells,very large hail|tornadoes including strong tornado potential|damaging winds,prior_convection|ofb_placement|cap_conditional|nocturnal_evolution|storm_coverage_uncertain,"The day combined elevated central Plains hail convection, conditional southern Plains dryline supercells, and later warm-front/low-level-jet development. Outlooks emphasized complex subregional details, with the strongest possible storms in northern Oklahoma and south-central Kansas later in the evening. MDs showed MCSs and outflow zones shaping both the wind threat and renewed supercell/tornado potential."
2026-04-27,MDT,mixed_discrete_to_qlcs_outbreak,core,medium,high_end_tornado_outbreak|ofb_differential_heating_supercells|qlcs_bowing_wind_tornado|classic_discrete_tornadic_supercells,outflow_boundary|cold_front|dryline|warm_front|discrete_supercells|qlcs|bow_echo|mcs|very_large_hail|strong_tornadoes|widespread_wind_damage|mode_transition|instability_recovery,morning MCS and remnant outflow near Missouri/Illinois/Kentucky|prefrontal confluence zones|cold front through Mid-Mississippi Valley|retreating dryline in Texas/ArkLaTex,discrete and semi-discrete warm-sector supercells|embedded supercells along cold front|elongated convective system|QLCS/bowing line segments,strong to intense tornadoes|widespread damaging winds|large to very large hail,prior_convection|ofb_placement|instability_recovery|mode_transition|storm_coverage_uncertain,"This MDT day was a classic high-risk-parameter but messy-boundary setup. Forecasts highlighted strong to intense tornado potential from the Missouri Bootheel into southern Illinois/western Kentucky, but that corridor depended on recovery south of morning MCS outflow and whether storms could remain discrete. By 01Z, a persistent convective system with embedded and preceding supercells was ongoing, with tornado potential still possible but not as cleanly realized as the earlier forecast suggested."
2026-04-28,MDT,ofb_differential_heating_supercells,core,high,multi_region_multi_mode|dryline_supercell_hail_tornado|mcv_mcs_outflow_reintensification,outflow_boundary|warm_front|dryline|remnant_mcv|discrete_supercells|cluster_supercells|bow_echo|giant_hail|strong_tornadoes|significant_wind|boundary_interaction|prior_convection|mode_transition,remnant outflow boundary across north Texas|retreating warm front from north Texas into Arkansas|surface low and dryline in northwest Texas|MCVs and storm clusters over the Mid-South,elevated morning supercells|surface-based outflow-boundary supercells|splitting supercells|bowing clusters|MCV-related storms,giant hail|damaging winds|tornadoes,ofb_placement|prior_convection|boundary_interaction|mode_transition|storm_coverage_uncertain,"Multiple severe rounds affected the southern Plains, ArkLaTex, and lower Mississippi/Tennessee Valleys. The Moderate Risk focused on north Texas supercells along a remnant outflow/warm-front zone, where giant hail and a locally higher tornado risk were expected. Downstream MCVs and clusters kept all hazards going into the evening, while the north Texas MDT was later reduced after storms moved southeast out of the corridor."
2026-04-29,ENH,conditional_capped_supercells,possible,medium,dryline_supercell_hail_tornado|forward_propagating_mcs_wind|multi_region_multi_mode,stationary_front|upslope|outflow_boundary|mcs|discrete_supercells|splitter_supercells|giant_hail|very_large_hail|significant_wind|cap_conditional|storm_coverage_uncertain,west-central Texas to southern Arkansas surface front|upslope enhancement over the Edwards Plateau|Chihuahua perturbation|Gulf Coast outflow/MCS boundary,isolated discrete and splitting supercells|elevated supercells north of the front|MCS across the Gulf Coast states,giant hail|damaging winds|isolated tornado,cap_conditional|storm_coverage_uncertain|boundary_interaction|prior_convection,"The day was upgraded late for an Edwards Plateau/south-central Texas giant-hail threat. Isolated to widely scattered storms were expected to form near a surface front with upslope enhancement and move into extreme buoyancy with long, straight hodographs. Farther east, an MCS and outflow boundaries produced a separate wind/hail risk from Louisiana into the Gulf Coast states."
2026-05-06,ENH,mixed_discrete_to_qlcs_outbreak,likely,high,classic_discrete_tornadic_supercells|qlcs_bowing_wind_tornado|southeast_multicell_or_clusters,cold_front|outflow_boundary|discrete_supercells|cluster_supercells|bow_echo|strong_tornadoes|significant_wind|mode_transition|storm_coverage_uncertain|prior_convection,southward-sagging cold front from Texas into the Southeast|convectively augmented front by evening|filtered-heating corridor in Mississippi/Alabama|low-level jet,discrete supercells|supercell clusters|upscale-growing clusters|bowing line segments,tornadoes including strong tornadoes|damaging winds|large hail,prior_convection|storm_coverage_uncertain|mode_transition|instability_recovery|boundary_interaction,"The lower Mississippi Valley/Southeast ENH was a filtered-heating supercell setup ahead of a southward-moving front. Outlooks focused on Mississippi and Alabama supercells capable of all hazards, including strong tornadoes, before upscale growth shifted the overnight hazard toward damaging wind and isolated tornadoes. MDs confirmed intense tornadic supercells, followed by a more complicated convective environment with clusters and bowing segments."
2026-05-10,ENH,forward_propagating_mcs_wind,core,high,dryline_supercell_hail_tornado|mcv_mcs_outflow_reintensification|elevated_nocturnal_hail_mcs,cold_front|dryline|outflow_boundary|effective_boundary|mcs|bow_echo|discrete_supercells|very_large_hail|significant_wind|widespread_wind_damage|cap_conditional|instability_recovery,convectively reinforced cold front across north Texas|morning MCS outflow into ArkLaTex/lower Mississippi Valley|west Texas dryline|common cold pool from merging supercells,initial supercells|HP supercell|elevated supercells north of boundary|bowing MCS,severe wind gusts over 75 mph|large to very large hail|isolated tornadoes,prior_convection|ofb_placement|instability_recovery|mode_transition|mcs_timing,"Texas severe potential was strongly shaped by morning convection and a reinforced frontal/outflow boundary. Supercells developed near and north of the boundary with large hail and a tornado risk, then merged into a south-southeast-moving bowing MCS. By evening, the hazard profile shifted toward corridors of 75+ mph wind across central Texas while very large hail persisted with dominant supercell structures."
2026-05-15,ENH,forward_propagating_mcs_wind,core,high,cold_front_supercell_hail_wind|high_plains_upslope_supercells|northwest_flow_mcs,cold_front|dryline|mcs|bow_echo|discrete_supercells|cluster_supercells|very_large_hail|significant_wind|widespread_wind_damage|mode_transition,cold front/surface trough from Nebraska into Iowa and Wisconsin|secondary low and dryline over the southern High Plains|low-level theta-e plume|nocturnally strengthening low-level jet,initial supercells|linear clusters|bowing MCS|high-based downburst storms,damaging winds|large to very large hail|isolated tornadoes,mode_transition|mcs_timing|storm_coverage_uncertain|cap_conditional,"The main ENH corridor centered on Iowa and nearby areas, where late-day frontal supercells were expected to evolve into damaging-wind-producing clusters. Large hail was favored early, then the nocturnal low-level jet and outflow aggregation supported bowing MCS organization. A separate southern High Plains corridor produced high-based severe wind gusts in a deeply mixed boundary layer."
2026-05-16,ENH,forward_propagating_mcs_wind,likely,high,high_plains_upslope_supercells|ofb_differential_heating_supercells|mcv_mcs_outflow_reintensification,warm_front|outflow_boundary|remnant_mcv|upslope|discrete_supercells|bow_echo|mcs|very_large_hail|significant_wind|strong_tornadoes|boundary_interaction|mode_transition,central High Plains upslope/frontal zone|stalled front across Nebraska/Iowa/Missouri|modifying outflow boundary|MCV moving through southeast Missouri/OH Valley,high-based supercells|intense bowing cluster|organized multicells|isolated supercells near boundaries,significant damaging winds|large to very large hail|a few tornadoes,ofb_placement|mcv_track|mode_transition|storm_coverage_uncertain|boundary_interaction,"Central High Plains storms were expected to begin as supercells with very large hail before quickly organizing into a significant-wind bowing cluster across Nebraska/Kansas. Farther east, an MCV and outflow/baroclinic zone supported damaging-wind and brief-tornado potential in the Ohio Valley. The strongest Plains wind corridor depended on timing of upscale growth and how storms interacted with the stalled front and modifying outflow."
2026-05-17,ENH,mixed_discrete_to_qlcs_outbreak,core,high,forward_propagating_mcs_wind|classic_discrete_tornadic_supercells|mcv_mcs_outflow_reintensification|dryline_supercell_hail_tornado,dryline|warm_front|cold_front|outflow_boundary|remnant_mcv|discrete_supercells|qlcs|bow_echo|mcs|very_large_hail|strong_tornadoes|significant_wind|widespread_wind_damage|mode_transition,residual outflow boundary across Nebraska|warm front across Nebraska/Iowa/South Dakota/Minnesota and Great Lakes|cold front merging with dryline|overnight MCS and MCV,discrete supercells|supercell clusters|bowing QLCS|elongated MCS|dryline supercells,damaging winds|strong tornadoes|very large hail,prior_convection|ofb_placement|mcv_track|mode_transition|cap_conditional,"A central Plains to Upper Midwest ENH evolved from supercell potential into a stronger bowing cluster/QLCS wind threat. Residual outflow in Nebraska and warm-front placement controlled the strongest tornado corridor, while storm mergers and cold-front/dryline interaction accelerated upscale growth. MDs documented both a strong tornado with maturing Nebraska supercells and later severe-wind/QLCS tornado swaths as storms consolidated."
2026-05-18,MDT,high_end_tornado_outbreak,core,high,ofb_differential_heating_supercells|mixed_discrete_to_qlcs_outbreak|forward_propagating_mcs_wind|dryline_supercell_hail_tornado,outflow_boundary|cold_pool|warm_front|cold_front|dryline|discrete_supercells|cyclic_supercells|mcs|qlcs|bow_echo|giant_hail|strong_tornadoes|significant_wind|mode_transition,pronounced outflow boundary from overnight convection|retreating outflow/cold-front triple point|mid-Missouri Valley surface boundary|Oklahoma/west Texas dryline|large cold pool over the Midwest,intense discrete supercells|organized clusters|squall line|bowing line segments|dryline supercells,strong to intense tornadoes|very large to giant hail|significant damaging winds,ofb_placement|prior_convection|instability_recovery|mode_transition|storm_coverage_uncertain,"This MDT day focused on intense central Plains/Mid-Missouri Valley supercells along a retreating outflow boundary and cold-front triple point. Very unstable air and strong shear supported strong to intense tornadoes and giant hail before storms grew upscale into clusters and a squall line. A separate Great Lakes MCS and its cold pool strongly reduced recovery downstream, while the Oklahoma/Texas dryline remained more conditional."
