convective_day,max_risk,primary_class,ofb_mcs_boundary_regime,dominant_hazards,storm_modes,boundary_drivers,forecast_challenges,ofb_mcs_boundary_reason,day_narrative
2009-02-27,ENH_EQ,qlcs_bowing_wind_tornado,likely,tornadoes|large hail|damaging winds,cluster supercells|elevated storms|MCS/convective complex|bowing line segments,cold front|outflow/effective boundary,ofb_placement|instability_recovery|cap_conditional|mode_transition|mcs_timing|boundary_interaction,"Outflow or an effective boundary clearly modulated storm focus, while synoptic forcing also remained important.","A ENH_EQ day was classified as qlcs_bowing_wind_tornado, with the risk focused mainly along cold front, outflow/effective boundary. The dominant modes were cluster supercells, elevated storms, supporting tornadoes, large hail, damaging winds. Outflow, cold-pool, or effective-boundary placement was a meaningful part of the severe evolution."
2009-03-25,ENH_EQ,qlcs_bowing_wind_tornado,likely,strong tornadoes|very large hail|damaging winds,cluster supercells|elevated storms|MCS/convective complex|bowing line segments|squall line/QLCS,cold front|warm front|stationary/baroclinic front|outflow/effective boundary,ofb_placement|instability_recovery|cap_conditional|mode_transition|mcs_timing|boundary_interaction,"Outflow or an effective boundary clearly modulated storm focus, while synoptic forcing also remained important.","A ENH_EQ day was classified as qlcs_bowing_wind_tornado, with the risk focused mainly along cold front, warm front. The dominant modes were cluster supercells, elevated storms, supporting strong tornadoes, very large hail, damaging winds. Outflow, cold-pool, or effective-boundary placement was a meaningful part of the severe evolution."
2009-03-26,ENH_EQ,dryline_supercell_hail_tornado,core,tornadoes|very large hail|damaging winds,discrete supercells|cluster supercells|elevated storms|MCS/convective complex|bowing line segments,dryline|cold front|warm front|outflow/effective boundary|surface low/triple point,ofb_placement|instability_recovery|cap_conditional|mcs_timing|mcv_track|boundary_interaction,"Prior or ongoing MCS/cold-pool features were central to the enhanced-equivalent risk placement, mode, or hazard evolution.","A ENH_EQ day was classified as dryline_supercell_hail_tornado, with the risk focused mainly along dryline, cold front. The dominant modes were discrete supercells, cluster supercells, supporting tornadoes, very large hail, damaging winds. Outflow, cold-pool, or effective-boundary placement was a meaningful part of the severe evolution."
2009-03-27,MDT,mcv_mcs_outflow_reintensification,core,tornadoes|large hail|damaging winds,cluster supercells|MCS/convective complex|low-topped convection,dryline|cold front|warm front|stationary/baroclinic front|prefrontal trough/confluence zone|outflow/effective boundary,ofb_placement|instability_recovery|cap_conditional|mode_transition|mcs_timing|boundary_interaction,"Prior or ongoing MCS/cold-pool features were central to the enhanced-equivalent risk placement, mode, or hazard evolution.","A MDT day was classified as mcv_mcs_outflow_reintensification, with the risk focused mainly along dryline, cold front. The dominant modes were cluster supercells, MCS/convective complex, supporting tornadoes, large hail, damaging winds. Outflow, cold-pool, or effective-boundary placement was a meaningful part of the severe evolution."
2009-03-28,ENH_EQ,qlcs_bowing_wind_tornado,core,tornadoes|large hail|damaging winds,cluster supercells|elevated storms|MCS/convective complex|bowing line segments|low-topped convection,cold front|warm front|stationary/baroclinic front|outflow/effective boundary|surface low/triple point,prior_convection|instability_recovery|cap_conditional|mode_transition|mcs_timing|mcv_track,"Prior or ongoing MCS/cold-pool features were central to the enhanced-equivalent risk placement, mode, or hazard evolution.","A ENH_EQ day was classified as qlcs_bowing_wind_tornado, with the risk focused mainly along cold front, warm front. The dominant modes were cluster supercells, elevated storms, supporting tornadoes, large hail, damaging winds. Outflow, cold-pool, or effective-boundary placement was a meaningful part of the severe evolution."
2009-04-02,MDT,qlcs_bowing_wind_tornado,core,strong tornadoes|large hail|damaging winds,cluster supercells|elevated storms|MCS/convective complex|bowing line segments|squall line/QLCS,cold front|warm front|outflow/effective boundary|surface low/triple point,prior_convection|ofb_placement|instability_recovery|cap_conditional|mode_transition|mcs_timing,"Prior or ongoing MCS/cold-pool features were central to the enhanced-equivalent risk placement, mode, or hazard evolution.","A MDT day was classified as qlcs_bowing_wind_tornado, with the risk focused mainly along cold front, warm front. The dominant modes were cluster supercells, elevated storms, supporting strong tornadoes, large hail, damaging winds. Outflow, cold-pool, or effective-boundary placement was a meaningful part of the severe evolution."
2009-04-05,ENH_EQ,qlcs_bowing_wind_tornado,likely,tornadoes|large hail|damaging winds,cluster supercells|elevated storms|MCS/convective complex|bowing line segments|squall line/QLCS,cold front|warm front|prefrontal trough/confluence zone|outflow/effective boundary|surface low/triple point|sea breeze,ofb_placement|instability_recovery|cap_conditional|mode_transition|mcs_timing|boundary_interaction,"Outflow or an effective boundary clearly modulated storm focus, while synoptic forcing also remained important.","A ENH_EQ day was classified as qlcs_bowing_wind_tornado, with the risk focused mainly along cold front, warm front. The dominant modes were cluster supercells, elevated storms, supporting tornadoes, large hail, damaging winds. Outflow, cold-pool, or effective-boundary placement was a meaningful part of the severe evolution."
2009-04-10,HIGH,high_end_tornado_outbreak,likely,strong tornadoes|very large hail|damaging winds,cluster supercells,cold front|warm front|prefrontal trough/confluence zone|outflow/effective boundary|surface low/triple point,prior_convection|ofb_placement|instability_recovery|cap_conditional|mode_transition|boundary_interaction,"Outflow or an effective boundary clearly modulated storm focus, while synoptic forcing also remained important.","A HIGH day was classified as high_end_tornado_outbreak, with the risk focused mainly along cold front, warm front. The dominant modes were cluster supercells, supporting strong tornadoes, very large hail, damaging winds. Outflow, cold-pool, or effective-boundary placement was a meaningful part of the severe evolution."
2009-04-12,MDT,qlcs_bowing_wind_tornado,core,strong tornadoes|large hail|damaging winds,cluster supercells|elevated storms|bowing line segments|squall line/QLCS,cold front|warm front|surface low/triple point,instability_recovery|cap_conditional|mode_transition|boundary_interaction|nocturnal_evolution|moisture_quality,"Prior or ongoing MCS/cold-pool features were central to the enhanced-equivalent risk placement, mode, or hazard evolution.","A MDT day was classified as qlcs_bowing_wind_tornado, with the risk focused mainly along cold front, warm front. The dominant modes were cluster supercells, elevated storms, supporting strong tornadoes, large hail, damaging winds. Outflow, cold-pool, or effective-boundary placement was a meaningful part of the severe evolution."
2009-04-13,ENH_EQ,qlcs_bowing_wind_tornado,core,tornadoes|large hail|damaging winds,discrete supercells|cluster supercells|elevated storms|MCS/convective complex|bowing line segments,cold front|warm front|prefrontal trough/confluence zone|outflow/effective boundary|surface low/triple point|sea breeze,ofb_placement|instability_recovery|cap_conditional|mode_transition|boundary_interaction|nocturnal_evolution,"Prior or ongoing MCS/cold-pool features were central to the enhanced-equivalent risk placement, mode, or hazard evolution.","A ENH_EQ day was classified as qlcs_bowing_wind_tornado, with the risk focused mainly along cold front, warm front. The dominant modes were discrete supercells, cluster supercells, supporting tornadoes, large hail, damaging winds. Outflow, cold-pool, or effective-boundary placement was a meaningful part of the severe evolution."
2009-04-18,ENH_EQ,dryline_supercell_hail_tornado,likely,tornadoes|very large hail|damaging winds,cluster supercells|elevated storms|MCS/convective complex|bowing line segments,dryline|cold front|outflow/effective boundary,prior_convection|ofb_placement|instability_recovery|cap_conditional|mode_transition|mcs_timing,"Outflow or an effective boundary clearly modulated storm focus, while synoptic forcing also remained important.","A ENH_EQ day was classified as dryline_supercell_hail_tornado, with the risk focused mainly along dryline, cold front. The dominant modes were cluster supercells, elevated storms, supporting tornadoes, very large hail, damaging winds. Outflow, cold-pool, or effective-boundary placement was a meaningful part of the severe evolution."
2009-04-29,ENH_EQ,dryline_supercell_hail_tornado,core,tornadoes|very large hail|damaging winds,discrete supercells|cluster supercells|elevated storms|MCS/convective complex|bowing line segments,dryline|cold front|warm front|outflow/effective boundary|surface low/triple point,ofb_placement|instability_recovery|cap_conditional|mode_transition|mcs_timing|boundary_interaction,"Prior or ongoing MCS/cold-pool features were central to the enhanced-equivalent risk placement, mode, or hazard evolution.","A ENH_EQ day was classified as dryline_supercell_hail_tornado, with the risk focused mainly along dryline, cold front. The dominant modes were discrete supercells, cluster supercells, supporting tornadoes, very large hail, damaging winds. Outflow, cold-pool, or effective-boundary placement was a meaningful part of the severe evolution."
2009-04-30,ENH_EQ,qlcs_bowing_wind_tornado,core,tornadoes|very large hail,cluster supercells|MCS/convective complex|bowing line segments|multicell clusters,cold front|warm front|outflow/effective boundary|upslope/terrain circulation,ofb_placement|instability_recovery|cap_conditional|mode_transition|mcs_timing|mcv_track,"Prior or ongoing MCS/cold-pool features were central to the enhanced-equivalent risk placement, mode, or hazard evolution.","A ENH_EQ day was classified as qlcs_bowing_wind_tornado, with the risk focused mainly along cold front, warm front. The dominant modes were cluster supercells, MCS/convective complex, supporting tornadoes, very large hail. Outflow, cold-pool, or effective-boundary placement was a meaningful part of the severe evolution."
2009-05-01,MDT,qlcs_bowing_wind_tornado,core,tornadoes|very large hail|damaging winds,discrete supercells|cluster supercells|elevated storms|MCS/convective complex|squall line/QLCS,dryline|cold front|stationary/baroclinic front|outflow/effective boundary|surface low/triple point,ofb_placement|instability_recovery|cap_conditional|mode_transition|mcs_timing|mcv_track,"Prior or ongoing MCS/cold-pool features were central to the enhanced-equivalent risk placement, mode, or hazard evolution.","A MDT day was classified as qlcs_bowing_wind_tornado, with the risk focused mainly along dryline, cold front. The dominant modes were discrete supercells, cluster supercells, supporting tornadoes, very large hail, damaging winds. Outflow, cold-pool, or effective-boundary placement was a meaningful part of the severe evolution."
2009-05-02,ENH_EQ,dryline_supercell_hail_tornado,core,strong tornadoes|large hail|widespread damaging winds,discrete supercells|cluster supercells|elevated storms|MCS/convective complex|bowing line segments,dryline|cold front|stationary/baroclinic front|outflow/effective boundary,ofb_placement|instability_recovery|cap_conditional|mode_transition|mcs_timing|mcv_track,"Prior or ongoing MCS/cold-pool features were central to the enhanced-equivalent risk placement, mode, or hazard evolution.","A ENH_EQ day was classified as dryline_supercell_hail_tornado, with the risk focused mainly along dryline, cold front. The dominant modes were discrete supercells, cluster supercells, supporting strong tornadoes, large hail, widespread damaging winds. Outflow, cold-pool, or effective-boundary placement was a meaningful part of the severe evolution."
2009-05-03,MDT,derecho_or_serial_mcs_wind,core,tornadoes|large hail|widespread damaging winds,discrete supercells|cluster supercells|elevated storms|MCS/convective complex|bowing line segments,warm front|outflow/effective boundary|upslope/terrain circulation,ofb_placement|instability_recovery|cap_conditional|mode_transition|mcs_timing|mcv_track,"Prior or ongoing MCS/cold-pool features were central to the enhanced-equivalent risk placement, mode, or hazard evolution.","A MDT day was classified as derecho_or_serial_mcs_wind, with the risk focused mainly along warm front, outflow/effective boundary. The dominant modes were discrete supercells, cluster supercells, supporting tornadoes, large hail, widespread damaging winds. Outflow, cold-pool, or effective-boundary placement was a meaningful part of the severe evolution."
2009-05-05,MDT,dryline_supercell_hail_tornado,core,tornadoes|very large hail|damaging winds,discrete supercells|cluster supercells|elevated storms|MCS/convective complex|bowing line segments,dryline|warm front|stationary/baroclinic front|outflow/effective boundary|surface low/triple point|upslope/terrain circulation,ofb_placement|instability_recovery|cap_conditional|mode_transition|mcs_timing|boundary_interaction,"Prior or ongoing MCS/cold-pool features were central to the enhanced-equivalent risk placement, mode, or hazard evolution.","A MDT day was classified as dryline_supercell_hail_tornado, with the risk focused mainly along dryline, warm front. The dominant modes were discrete supercells, cluster supercells, supporting tornadoes, very large hail, damaging winds. Outflow, cold-pool, or effective-boundary placement was a meaningful part of the severe evolution."
2009-05-06,ENH_EQ,qlcs_bowing_wind_tornado,core,tornadoes|large hail|damaging winds,discrete supercells|cluster supercells|elevated storms|MCS/convective complex|bowing line segments,cold front|warm front|outflow/effective boundary|surface low/triple point|upslope/terrain circulation|sea breeze,instability_recovery|cap_conditional|mode_transition|mcs_timing|mcv_track|boundary_interaction,"Prior or ongoing MCS/cold-pool features were central to the enhanced-equivalent risk placement, mode, or hazard evolution.","A ENH_EQ day was classified as qlcs_bowing_wind_tornado, with the risk focused mainly along cold front, warm front. The dominant modes were discrete supercells, cluster supercells, supporting tornadoes, large hail, damaging winds. Outflow, cold-pool, or effective-boundary placement was a meaningful part of the severe evolution."
2009-05-07,ENH_EQ,qlcs_bowing_wind_tornado,likely,tornadoes|very large hail|damaging winds,cluster supercells|elevated storms|MCS/convective complex|bowing line segments|squall line/QLCS,cold front|stationary/baroclinic front|outflow/effective boundary|surface low/triple point,ofb_placement|instability_recovery|cap_conditional|mode_transition|mcs_timing|boundary_interaction,"Outflow or an effective boundary clearly modulated storm focus, while synoptic forcing also remained important.","A ENH_EQ day was classified as qlcs_bowing_wind_tornado, with the risk focused mainly along cold front, stationary/baroclinic front. The dominant modes were cluster supercells, elevated storms, supporting tornadoes, very large hail, damaging winds. Outflow, cold-pool, or effective-boundary placement was a meaningful part of the severe evolution."
2009-05-08,MDT,derecho_or_serial_mcs_wind,likely,tornadoes|very large hail|widespread damaging winds,discrete supercells|cluster supercells|MCS/convective complex|bowing line segments|squall line/QLCS,cold front|outflow/effective boundary,prior_convection|ofb_placement|instability_recovery|cap_conditional|mode_transition|mcs_timing,"Outflow or an effective boundary clearly modulated storm focus, while synoptic forcing also remained important.","A MDT day was classified as derecho_or_serial_mcs_wind, with the risk focused mainly along cold front, outflow/effective boundary. The dominant modes were discrete supercells, cluster supercells, supporting tornadoes, very large hail, widespread damaging winds. Outflow, cold-pool, or effective-boundary placement was a meaningful part of the severe evolution."
2009-05-13,MDT,dryline_supercell_hail_tornado,core,strong tornadoes|very large hail|damaging winds,discrete supercells|cluster supercells|elevated storms|MCS/convective complex|bowing line segments,dryline|cold front|warm front|outflow/effective boundary|surface low/triple point|sea breeze,ofb_placement|instability_recovery|cap_conditional|mode_transition|mcs_timing|mcv_track,"Prior or ongoing MCS/cold-pool features were central to the enhanced-equivalent risk placement, mode, or hazard evolution.","A MDT day was classified as dryline_supercell_hail_tornado, with the risk focused mainly along dryline, cold front. The dominant modes were discrete supercells, cluster supercells, supporting strong tornadoes, very large hail, damaging winds. Outflow, cold-pool, or effective-boundary placement was a meaningful part of the severe evolution."
2009-05-15,MDT,dryline_supercell_hail_tornado,likely,tornadoes|very large hail|damaging winds,cluster supercells|elevated storms|MCS/convective complex|bowing line segments|squall line/QLCS,dryline|cold front|warm front|prefrontal trough/confluence zone|outflow/effective boundary|surface low/triple point,ofb_placement|instability_recovery|cap_conditional|mode_transition|mcs_timing|boundary_interaction,"Outflow or an effective boundary clearly modulated storm focus, while synoptic forcing also remained important.","A MDT day was classified as dryline_supercell_hail_tornado, with the risk focused mainly along dryline, cold front. The dominant modes were cluster supercells, elevated storms, supporting tornadoes, very large hail, damaging winds. Outflow, cold-pool, or effective-boundary placement was a meaningful part of the severe evolution."
2009-06-01,ENH_EQ,mcv_mcs_outflow_reintensification,core,large hail|damaging winds|heavy rain,cluster supercells|elevated storms|MCS/convective complex|multicell clusters,dryline|cold front|outflow/effective boundary|upslope/terrain circulation,ofb_placement|instability_recovery|cap_conditional|mcs_timing|boundary_interaction|nocturnal_evolution,"Prior or ongoing MCS/cold-pool features were central to the enhanced-equivalent risk placement, mode, or hazard evolution.","A ENH_EQ day was classified as mcv_mcs_outflow_reintensification, with the risk focused mainly along dryline, cold front. The dominant modes were cluster supercells, elevated storms, supporting large hail, damaging winds, heavy rain. Outflow, cold-pool, or effective-boundary placement was a meaningful part of the severe evolution."
2009-06-02,ENH_EQ,mcv_mcs_outflow_reintensification,core,tornadoes|very large hail|damaging winds,cluster supercells|elevated storms|multicell clusters,cold front|outflow/effective boundary|upslope/terrain circulation,ofb_placement|instability_recovery|cap_conditional|mcv_track|boundary_interaction|nocturnal_evolution,"Prior or ongoing MCS/cold-pool features were central to the enhanced-equivalent risk placement, mode, or hazard evolution.","A ENH_EQ day was classified as mcv_mcs_outflow_reintensification, with the risk focused mainly along cold front, outflow/effective boundary. The dominant modes were cluster supercells, elevated storms, supporting tornadoes, very large hail, damaging winds. Outflow, cold-pool, or effective-boundary placement was a meaningful part of the severe evolution."
2009-06-03,ENH_EQ,qlcs_bowing_wind_tornado,core,tornadoes|large hail|damaging winds,cluster supercells|elevated storms|MCS/convective complex|bowing line segments|multicell clusters,cold front|outflow/effective boundary|surface low/triple point|upslope/terrain circulation|sea breeze,ofb_placement|instability_recovery|cap_conditional|mode_transition|mcs_timing|mcv_track,"Prior or ongoing MCS/cold-pool features were central to the enhanced-equivalent risk placement, mode, or hazard evolution.","A ENH_EQ day was classified as qlcs_bowing_wind_tornado, with the risk focused mainly along cold front, outflow/effective boundary. The dominant modes were cluster supercells, elevated storms, supporting tornadoes, large hail, damaging winds. Outflow, cold-pool, or effective-boundary placement was a meaningful part of the severe evolution."
2009-06-05,ENH_EQ,qlcs_bowing_wind_tornado,core,tornadoes|large hail|damaging winds,cluster supercells|bowing line segments,dryline|cold front|stationary/baroclinic front|outflow/effective boundary|surface low/triple point|upslope/terrain circulation,ofb_placement|instability_recovery|cap_conditional|mode_transition|mcv_track|boundary_interaction,"Prior or ongoing MCS/cold-pool features were central to the enhanced-equivalent risk placement, mode, or hazard evolution.","A ENH_EQ day was classified as qlcs_bowing_wind_tornado, with the risk focused mainly along dryline, cold front. The dominant modes were cluster supercells, bowing line segments, supporting tornadoes, large hail, damaging winds. Outflow, cold-pool, or effective-boundary placement was a meaningful part of the severe evolution."
2009-06-06,ENH_EQ,qlcs_bowing_wind_tornado,core,tornadoes|large hail|damaging winds,cluster supercells|elevated storms|MCS/convective complex|bowing line segments|multicell clusters,dryline|cold front|outflow/effective boundary|sea breeze,prior_convection|ofb_placement|instability_recovery|cap_conditional|mode_transition|mcs_timing,"Prior or ongoing MCS/cold-pool features were central to the enhanced-equivalent risk placement, mode, or hazard evolution.","A ENH_EQ day was classified as qlcs_bowing_wind_tornado, with the risk focused mainly along dryline, cold front. The dominant modes were cluster supercells, elevated storms, supporting tornadoes, large hail, damaging winds. Outflow, cold-pool, or effective-boundary placement was a meaningful part of the severe evolution."
2009-06-07,MDT,dryline_supercell_hail_tornado,likely,tornadoes|very large hail|damaging winds,cluster supercells|elevated storms|MCS/convective complex|bowing line segments,dryline|cold front|stationary/baroclinic front|outflow/effective boundary|surface low/triple point|upslope/terrain circulation,ofb_placement|instability_recovery|cap_conditional|mode_transition|mcs_timing|boundary_interaction,"Outflow or an effective boundary clearly modulated storm focus, while synoptic forcing also remained important.","A MDT day was classified as dryline_supercell_hail_tornado, with the risk focused mainly along dryline, cold front. The dominant modes were cluster supercells, elevated storms, supporting tornadoes, very large hail, damaging winds. Outflow, cold-pool, or effective-boundary placement was a meaningful part of the severe evolution."
2009-06-09,MDT,dryline_supercell_hail_tornado,core,strong tornadoes|very large hail|damaging winds,discrete supercells|cluster supercells|elevated storms|MCS/convective complex|bowing line segments,dryline|cold front|warm front|stationary/baroclinic front|outflow/effective boundary|surface low/triple point,ofb_placement|instability_recovery|cap_conditional|mode_transition|mcs_timing|boundary_interaction,"Prior or ongoing MCS/cold-pool features were central to the enhanced-equivalent risk placement, mode, or hazard evolution.","A MDT day was classified as dryline_supercell_hail_tornado, with the risk focused mainly along dryline, cold front. The dominant modes were discrete supercells, cluster supercells, supporting strong tornadoes, very large hail, damaging winds. Outflow, cold-pool, or effective-boundary placement was a meaningful part of the severe evolution."
2009-06-10,ENH_EQ,qlcs_bowing_wind_tornado,core,tornadoes|large hail|damaging winds,discrete supercells|cluster supercells|MCS/convective complex|bowing line segments|multicell clusters,dryline|stationary/baroclinic front|prefrontal trough/confluence zone|outflow/effective boundary|surface low/triple point|upslope/terrain circulation,prior_convection|ofb_placement|instability_recovery|cap_conditional|mcs_timing|boundary_interaction,"Prior or ongoing MCS/cold-pool features were central to the enhanced-equivalent risk placement, mode, or hazard evolution.","A ENH_EQ day was classified as qlcs_bowing_wind_tornado, with the risk focused mainly along dryline, stationary/baroclinic front. The dominant modes were discrete supercells, cluster supercells, supporting tornadoes, large hail, damaging winds. Outflow, cold-pool, or effective-boundary placement was a meaningful part of the severe evolution."
2009-06-11,ENH_EQ,dryline_supercell_hail_tornado,core,tornadoes|very large hail|damaging winds,discrete supercells|cluster supercells|elevated storms|MCS/convective complex|bowing line segments,dryline|cold front|outflow/effective boundary|surface low/triple point|upslope/terrain circulation|sea breeze,prior_convection|ofb_placement|instability_recovery|cap_conditional|mode_transition|mcs_timing,"Prior or ongoing MCS/cold-pool features were central to the enhanced-equivalent risk placement, mode, or hazard evolution.","A ENH_EQ day was classified as dryline_supercell_hail_tornado, with the risk focused mainly along dryline, cold front. The dominant modes were discrete supercells, cluster supercells, supporting tornadoes, very large hail, damaging winds. Outflow, cold-pool, or effective-boundary placement was a meaningful part of the severe evolution."
2009-06-12,MDT,dryline_supercell_hail_tornado,core,tornadoes|very large hail|widespread damaging winds|heavy rain,cluster supercells|MCS/convective complex,dryline|cold front|stationary/baroclinic front|outflow/effective boundary|upslope/terrain circulation,ofb_placement|instability_recovery|cap_conditional|mode_transition|mcs_timing|boundary_interaction,"Prior or ongoing MCS/cold-pool features were central to the enhanced-equivalent risk placement, mode, or hazard evolution.","A MDT day was classified as dryline_supercell_hail_tornado, with the risk focused mainly along dryline, cold front. The dominant modes were cluster supercells, MCS/convective complex, supporting tornadoes, very large hail, widespread damaging winds. Outflow, cold-pool, or effective-boundary placement was a meaningful part of the severe evolution."
2009-06-14,ENH_EQ,dryline_supercell_hail_tornado,core,tornadoes|very large hail|damaging winds,discrete supercells|cluster supercells|elevated storms|MCS/convective complex|bowing line segments,dryline|warm front|surface low/triple point|upslope/terrain circulation,instability_recovery|cap_conditional|mode_transition|mcs_timing|boundary_interaction|model_guidance_mismatch,"Prior or ongoing MCS/cold-pool features were central to the enhanced-equivalent risk placement, mode, or hazard evolution.","A ENH_EQ day was classified as dryline_supercell_hail_tornado, with the risk focused mainly along dryline, warm front. The dominant modes were discrete supercells, cluster supercells, supporting tornadoes, very large hail, damaging winds. Outflow, cold-pool, or effective-boundary placement was a meaningful part of the severe evolution."
2009-06-15,MDT,dryline_supercell_hail_tornado,core,tornadoes|very large hail|damaging winds,discrete supercells|cluster supercells|MCS/convective complex|bowing line segments|multicell clusters,dryline|outflow/effective boundary|surface low/triple point|upslope/terrain circulation|sea breeze,ofb_placement|instability_recovery|cap_conditional|mcs_timing|mcv_track|boundary_interaction,"Prior or ongoing MCS/cold-pool features were central to the enhanced-equivalent risk placement, mode, or hazard evolution.","A MDT day was classified as dryline_supercell_hail_tornado, with the risk focused mainly along dryline, outflow/effective boundary. The dominant modes were discrete supercells, cluster supercells, supporting tornadoes, very large hail, damaging winds. Outflow, cold-pool, or effective-boundary placement was a meaningful part of the severe evolution."
2009-06-16,ENH_EQ,qlcs_bowing_wind_tornado,core,tornadoes|large hail|damaging winds,cluster supercells|MCS/convective complex|bowing line segments,outflow/effective boundary|surface low/triple point,ofb_placement|instability_recovery|cap_conditional|mcs_timing|mcv_track|boundary_interaction,"Prior or ongoing MCS/cold-pool features were central to the enhanced-equivalent risk placement, mode, or hazard evolution.","A ENH_EQ day was classified as qlcs_bowing_wind_tornado, with the risk focused mainly along outflow/effective boundary, surface low/triple point. The dominant modes were cluster supercells, MCS/convective complex, supporting tornadoes, large hail, damaging winds. Outflow, cold-pool, or effective-boundary placement was a meaningful part of the severe evolution."
2009-06-17,MDT,dryline_supercell_hail_tornado,core,tornadoes|very large hail|widespread damaging winds,discrete supercells|cluster supercells|elevated storms|MCS/convective complex|bowing line segments,dryline|cold front|warm front|stationary/baroclinic front|surface low/triple point|upslope/terrain circulation,instability_recovery|cap_conditional|mode_transition|mcs_timing|mcv_track|boundary_interaction,"Prior or ongoing MCS/cold-pool features were central to the enhanced-equivalent risk placement, mode, or hazard evolution.","A MDT day was classified as dryline_supercell_hail_tornado, with the risk focused mainly along dryline, cold front. The dominant modes were discrete supercells, cluster supercells, supporting tornadoes, very large hail, widespread damaging winds. Outflow, cold-pool, or effective-boundary placement was a meaningful part of the severe evolution."
2009-06-18,MDT,dryline_supercell_hail_tornado,core,tornadoes|very large hail|widespread damaging winds,cluster supercells|elevated storms|MCS/convective complex|bowing line segments|multicell clusters,dryline|cold front|warm front|stationary/baroclinic front|prefrontal trough/confluence zone|outflow/effective boundary,prior_convection|ofb_placement|instability_recovery|cap_conditional|mode_transition|mcs_timing,"Prior or ongoing MCS/cold-pool features were central to the enhanced-equivalent risk placement, mode, or hazard evolution.","A MDT day was classified as dryline_supercell_hail_tornado, with the risk focused mainly along dryline, cold front. The dominant modes were cluster supercells, elevated storms, supporting tornadoes, very large hail, widespread damaging winds. Outflow, cold-pool, or effective-boundary placement was a meaningful part of the severe evolution."
2009-06-19,MDT,derecho_or_serial_mcs_wind,core,tornadoes|large hail|widespread damaging winds,discrete supercells|cluster supercells|elevated storms|MCS/convective complex|bowing line segments,cold front|warm front|stationary/baroclinic front|outflow/effective boundary|upslope/terrain circulation,prior_convection|ofb_placement|instability_recovery|cap_conditional|mode_transition|mcs_timing,"Prior or ongoing MCS/cold-pool features were central to the enhanced-equivalent risk placement, mode, or hazard evolution.","A MDT day was classified as derecho_or_serial_mcs_wind, with the risk focused mainly along cold front, warm front. The dominant modes were discrete supercells, cluster supercells, supporting tornadoes, large hail, widespread damaging winds. Outflow, cold-pool, or effective-boundary placement was a meaningful part of the severe evolution."
2009-06-21,ENH_EQ,qlcs_bowing_wind_tornado,core,tornadoes|large hail|damaging winds,cluster supercells|elevated storms|MCS/convective complex|bowing line segments,warm front,instability_recovery|cap_conditional|mode_transition|mcv_track|nocturnal_evolution|moisture_quality,"Prior or ongoing MCS/cold-pool features were central to the enhanced-equivalent risk placement, mode, or hazard evolution.","A ENH_EQ day was classified as qlcs_bowing_wind_tornado, with the risk focused mainly along warm front. The dominant modes were cluster supercells, elevated storms, supporting tornadoes, large hail, damaging winds. Outflow, cold-pool, or effective-boundary placement was a meaningful part of the severe evolution."
2009-06-24,ENH_EQ,qlcs_bowing_wind_tornado,core,tornadoes|large hail|damaging winds,cluster supercells|elevated storms|MCS/convective complex|squall line/QLCS|multicell clusters,cold front|warm front|outflow/effective boundary|surface low/triple point,ofb_placement|instability_recovery|cap_conditional|mode_transition|mcs_timing|boundary_interaction,"Prior or ongoing MCS/cold-pool features were central to the enhanced-equivalent risk placement, mode, or hazard evolution.","A ENH_EQ day was classified as qlcs_bowing_wind_tornado, with the risk focused mainly along cold front, warm front. The dominant modes were cluster supercells, elevated storms, supporting tornadoes, large hail, damaging winds. Outflow, cold-pool, or effective-boundary placement was a meaningful part of the severe evolution."
2009-06-25,ENH_EQ,qlcs_bowing_wind_tornado,core,tornadoes|large hail|damaging winds,discrete supercells|cluster supercells|MCS/convective complex|bowing line segments|squall line/QLCS,dryline|cold front|warm front|outflow/effective boundary|surface low/triple point|upslope/terrain circulation,ofb_placement|instability_recovery|cap_conditional|mode_transition|mcs_timing|boundary_interaction,"Prior or ongoing MCS/cold-pool features were central to the enhanced-equivalent risk placement, mode, or hazard evolution.","A ENH_EQ day was classified as qlcs_bowing_wind_tornado, with the risk focused mainly along dryline, cold front. The dominant modes were discrete supercells, cluster supercells, supporting tornadoes, large hail, damaging winds. Outflow, cold-pool, or effective-boundary placement was a meaningful part of the severe evolution."
2009-06-26,ENH_EQ,qlcs_bowing_wind_tornado,core,tornadoes|large hail|damaging winds,discrete supercells|cluster supercells|MCS/convective complex|bowing line segments|squall line/QLCS,cold front|warm front|prefrontal trough/confluence zone|outflow/effective boundary|surface low/triple point|upslope/terrain circulation,prior_convection|ofb_placement|instability_recovery|cap_conditional|mode_transition|mcs_timing,"Prior or ongoing MCS/cold-pool features were central to the enhanced-equivalent risk placement, mode, or hazard evolution.","A ENH_EQ day was classified as qlcs_bowing_wind_tornado, with the risk focused mainly along cold front, warm front. The dominant modes were discrete supercells, cluster supercells, supporting tornadoes, large hail, damaging winds. Outflow, cold-pool, or effective-boundary placement was a meaningful part of the severe evolution."
2009-07-04,ENH_EQ,mcv_mcs_outflow_reintensification,core,large hail,cluster supercells|elevated storms|MCS/convective complex|squall line/QLCS,warm front|outflow/effective boundary|surface low/triple point|upslope/terrain circulation,ofb_placement|instability_recovery|cap_conditional|mode_transition|mcs_timing|mcv_track,"Prior or ongoing MCS/cold-pool features were central to the enhanced-equivalent risk placement, mode, or hazard evolution.","A ENH_EQ day was classified as mcv_mcs_outflow_reintensification, with the risk focused mainly along warm front, outflow/effective boundary. The dominant modes were cluster supercells, elevated storms, supporting large hail. Outflow, cold-pool, or effective-boundary placement was a meaningful part of the severe evolution."
2009-07-05,ENH_EQ,qlcs_bowing_wind_tornado,core,tornadoes|large hail|damaging winds|heavy rain,discrete supercells|cluster supercells|elevated storms|bowing line segments|multicell clusters,cold front|outflow/effective boundary|surface low/triple point|upslope/terrain circulation,prior_convection|ofb_placement|instability_recovery|cap_conditional|mode_transition|boundary_interaction,"Prior or ongoing MCS/cold-pool features were central to the enhanced-equivalent risk placement, mode, or hazard evolution.","A ENH_EQ day was classified as qlcs_bowing_wind_tornado, with the risk focused mainly along cold front, outflow/effective boundary. The dominant modes were discrete supercells, cluster supercells, supporting tornadoes, large hail, damaging winds. Outflow, cold-pool, or effective-boundary placement was a meaningful part of the severe evolution."
2009-07-06,ENH_EQ,qlcs_bowing_wind_tornado,core,tornadoes|large hail|damaging winds,cluster supercells|MCS/convective complex|bowing line segments|squall line/QLCS,cold front|Pacific front|outflow/effective boundary|upslope/terrain circulation,ofb_placement|instability_recovery|cap_conditional|mode_transition|mcs_timing|mcv_track,"Prior or ongoing MCS/cold-pool features were central to the enhanced-equivalent risk placement, mode, or hazard evolution.","A ENH_EQ day was classified as qlcs_bowing_wind_tornado, with the risk focused mainly along cold front, Pacific front. The dominant modes were cluster supercells, MCS/convective complex, supporting tornadoes, large hail, damaging winds. Outflow, cold-pool, or effective-boundary placement was a meaningful part of the severe evolution."
2009-07-07,ENH_EQ,ofb_differential_heating_supercells,likely,tornadoes|very large hail|damaging winds,cluster supercells|elevated storms|MCS/convective complex,cold front|stationary/baroclinic front|outflow/effective boundary|upslope/terrain circulation,ofb_placement|instability_recovery|cap_conditional|mode_transition|mcs_timing|boundary_interaction,"Outflow or an effective boundary clearly modulated storm focus, while synoptic forcing also remained important.","A ENH_EQ day was classified as ofb_differential_heating_supercells, with the risk focused mainly along cold front, stationary/baroclinic front. The dominant modes were cluster supercells, elevated storms, supporting tornadoes, very large hail, damaging winds. Outflow, cold-pool, or effective-boundary placement was a meaningful part of the severe evolution."
2009-07-08,MDT,derecho_or_serial_mcs_wind,core,tornadoes|very large hail|widespread damaging winds,cluster supercells|elevated storms|MCS/convective complex|bowing line segments|multicell clusters,cold front|stationary/baroclinic front|outflow/effective boundary|surface low/triple point|upslope/terrain circulation,prior_convection|ofb_placement|instability_recovery|cap_conditional|mode_transition|mcs_timing,"Prior or ongoing MCS/cold-pool features were central to the enhanced-equivalent risk placement, mode, or hazard evolution.","A MDT day was classified as derecho_or_serial_mcs_wind, with the risk focused mainly along cold front, stationary/baroclinic front. The dominant modes were cluster supercells, elevated storms, supporting tornadoes, very large hail, widespread damaging winds. Outflow, cold-pool, or effective-boundary placement was a meaningful part of the severe evolution."
2009-07-09,ENH_EQ,mcv_mcs_outflow_reintensification,core,tornadoes|large hail|damaging winds,cluster supercells|elevated storms|MCS/convective complex|multicell clusters,cold front|warm front|outflow/effective boundary|upslope/terrain circulation,ofb_placement|instability_recovery|cap_conditional|mode_transition|mcs_timing|boundary_interaction,"Prior or ongoing MCS/cold-pool features were central to the enhanced-equivalent risk placement, mode, or hazard evolution.","A ENH_EQ day was classified as mcv_mcs_outflow_reintensification, with the risk focused mainly along cold front, warm front. The dominant modes were cluster supercells, elevated storms, supporting tornadoes, large hail, damaging winds. Outflow, cold-pool, or effective-boundary placement was a meaningful part of the severe evolution."
2009-07-13,ENH_EQ,derecho_or_serial_mcs_wind,core,tornadoes|very large hail|widespread damaging winds,discrete supercells|cluster supercells|elevated storms|MCS/convective complex|bowing line segments,cold front|warm front|outflow/effective boundary|surface low/triple point,ofb_placement|instability_recovery|cap_conditional|mode_transition|mcs_timing|mcv_track,"Prior or ongoing MCS/cold-pool features were central to the enhanced-equivalent risk placement, mode, or hazard evolution.","A ENH_EQ day was classified as derecho_or_serial_mcs_wind, with the risk focused mainly along cold front, warm front. The dominant modes were discrete supercells, cluster supercells, supporting tornadoes, very large hail, widespread damaging winds. Outflow, cold-pool, or effective-boundary placement was a meaningful part of the severe evolution."
2009-07-14,ENH_EQ,qlcs_bowing_wind_tornado,core,tornadoes|large hail|damaging winds,cluster supercells|MCS/convective complex|bowing line segments,cold front|warm front|outflow/effective boundary|surface low/triple point,prior_convection|ofb_placement|instability_recovery|cap_conditional|mcs_timing|mcv_track,"Prior or ongoing MCS/cold-pool features were central to the enhanced-equivalent risk placement, mode, or hazard evolution.","A ENH_EQ day was classified as qlcs_bowing_wind_tornado, with the risk focused mainly along cold front, warm front. The dominant modes were cluster supercells, MCS/convective complex, supporting tornadoes, large hail, damaging winds. Outflow, cold-pool, or effective-boundary placement was a meaningful part of the severe evolution."
2009-07-16,ENH_EQ,qlcs_bowing_wind_tornado,core,tornadoes|large hail|damaging winds,cluster supercells|MCS/convective complex|squall line/QLCS|multicell clusters,cold front|outflow/effective boundary|upslope/terrain circulation,prior_convection|ofb_placement|instability_recovery|cap_conditional|mode_transition|mcs_timing,"Prior or ongoing MCS/cold-pool features were central to the enhanced-equivalent risk placement, mode, or hazard evolution.","A ENH_EQ day was classified as qlcs_bowing_wind_tornado, with the risk focused mainly along cold front, outflow/effective boundary. The dominant modes were cluster supercells, MCS/convective complex, supporting tornadoes, large hail, damaging winds. Outflow, cold-pool, or effective-boundary placement was a meaningful part of the severe evolution."
2009-07-17,ENH_EQ,qlcs_bowing_wind_tornado,core,tornadoes|very large hail|damaging winds,cluster supercells|elevated storms|MCS/convective complex|bowing line segments|squall line/QLCS,cold front|stationary/baroclinic front|outflow/effective boundary|surface low/triple point|upslope/terrain circulation,ofb_placement|instability_recovery|cap_conditional|mode_transition|mcs_timing|mcv_track,"Prior or ongoing MCS/cold-pool features were central to the enhanced-equivalent risk placement, mode, or hazard evolution.","A ENH_EQ day was classified as qlcs_bowing_wind_tornado, with the risk focused mainly along cold front, stationary/baroclinic front. The dominant modes were cluster supercells, elevated storms, supporting tornadoes, very large hail, damaging winds. Outflow, cold-pool, or effective-boundary placement was a meaningful part of the severe evolution."
2009-07-19,ENH_EQ,mcv_mcs_outflow_reintensification,core,large hail|damaging winds,cluster supercells,cold front|outflow/effective boundary|upslope/terrain circulation,ofb_placement|instability_recovery|cap_conditional|boundary_interaction|moisture_quality|storm_coverage_uncertain,"Prior or ongoing MCS/cold-pool features were central to the enhanced-equivalent risk placement, mode, or hazard evolution.","A ENH_EQ day was classified as mcv_mcs_outflow_reintensification, with the risk focused mainly along cold front, outflow/effective boundary. The dominant modes were cluster supercells, supporting large hail, damaging winds. Outflow, cold-pool, or effective-boundary placement was a meaningful part of the severe evolution."
2009-07-20,MDT,qlcs_bowing_wind_tornado,core,tornadoes|very large hail|damaging winds,discrete supercells|cluster supercells|elevated storms|MCS/convective complex|squall line/QLCS,cold front|prefrontal trough/confluence zone|outflow/effective boundary|upslope/terrain circulation,ofb_placement|instability_recovery|cap_conditional|mode_transition|mcs_timing|mcv_track,"Prior or ongoing MCS/cold-pool features were central to the enhanced-equivalent risk placement, mode, or hazard evolution.","A MDT day was classified as qlcs_bowing_wind_tornado, with the risk focused mainly along cold front, prefrontal trough/confluence zone. The dominant modes were discrete supercells, cluster supercells, supporting tornadoes, very large hail, damaging winds. Outflow, cold-pool, or effective-boundary placement was a meaningful part of the severe evolution."
2009-07-24,ENH_EQ,qlcs_bowing_wind_tornado,likely,tornadoes|large hail|damaging winds,cluster supercells|elevated storms|MCS/convective complex|bowing line segments|squall line/QLCS,cold front|warm front|stationary/baroclinic front|prefrontal trough/confluence zone|outflow/effective boundary|upslope/terrain circulation,ofb_placement|instability_recovery|cap_conditional|mode_transition|mcs_timing|boundary_interaction,"Outflow or an effective boundary clearly modulated storm focus, while synoptic forcing also remained important.","A ENH_EQ day was classified as qlcs_bowing_wind_tornado, with the risk focused mainly along cold front, warm front. The dominant modes were cluster supercells, elevated storms, supporting tornadoes, large hail, damaging winds. Outflow, cold-pool, or effective-boundary placement was a meaningful part of the severe evolution."
2009-07-25,ENH_EQ,qlcs_bowing_wind_tornado,core,tornadoes|large hail|damaging winds,cluster supercells|MCS/convective complex|bowing line segments,cold front|outflow/effective boundary|surface low/triple point|upslope/terrain circulation,ofb_placement|instability_recovery|cap_conditional|mode_transition|mcs_timing|mcv_track,"Prior or ongoing MCS/cold-pool features were central to the enhanced-equivalent risk placement, mode, or hazard evolution.","A ENH_EQ day was classified as qlcs_bowing_wind_tornado, with the risk focused mainly along cold front, outflow/effective boundary. The dominant modes were cluster supercells, MCS/convective complex, supporting tornadoes, large hail, damaging winds. Outflow, cold-pool, or effective-boundary placement was a meaningful part of the severe evolution."
2009-07-26,ENH_EQ,qlcs_bowing_wind_tornado,core,tornadoes|large hail|damaging winds,discrete supercells|cluster supercells|elevated storms|MCS/convective complex|bowing line segments,cold front|outflow/effective boundary|upslope/terrain circulation|sea breeze,ofb_placement|instability_recovery|cap_conditional|mcs_timing|mcv_track|boundary_interaction,"Prior or ongoing MCS/cold-pool features were central to the enhanced-equivalent risk placement, mode, or hazard evolution.","A ENH_EQ day was classified as qlcs_bowing_wind_tornado, with the risk focused mainly along cold front, outflow/effective boundary. The dominant modes were discrete supercells, cluster supercells, supporting tornadoes, large hail, damaging winds. Outflow, cold-pool, or effective-boundary placement was a meaningful part of the severe evolution."
2009-07-28,ENH_EQ,qlcs_bowing_wind_tornado,core,tornadoes|large hail|damaging winds,cluster supercells|MCS/convective complex|bowing line segments|squall line/QLCS|multicell clusters,cold front|prefrontal trough/confluence zone|outflow/effective boundary|surface low/triple point|upslope/terrain circulation,prior_convection|ofb_placement|instability_recovery|cap_conditional|mode_transition|mcs_timing,"Prior or ongoing MCS/cold-pool features were central to the enhanced-equivalent risk placement, mode, or hazard evolution.","A ENH_EQ day was classified as qlcs_bowing_wind_tornado, with the risk focused mainly along cold front, prefrontal trough/confluence zone. The dominant modes were cluster supercells, MCS/convective complex, supporting tornadoes, large hail, damaging winds. Outflow, cold-pool, or effective-boundary placement was a meaningful part of the severe evolution."
2009-07-29,ENH_EQ,qlcs_bowing_wind_tornado,core,tornadoes|large hail|damaging winds,cluster supercells|MCS/convective complex|bowing line segments|squall line/QLCS|multicell clusters,cold front|outflow/effective boundary|surface low/triple point|upslope/terrain circulation,ofb_placement|instability_recovery|cap_conditional|mode_transition|mcs_timing|mcv_track,"Prior or ongoing MCS/cold-pool features were central to the enhanced-equivalent risk placement, mode, or hazard evolution.","A ENH_EQ day was classified as qlcs_bowing_wind_tornado, with the risk focused mainly along cold front, outflow/effective boundary. The dominant modes were cluster supercells, MCS/convective complex, supporting tornadoes, large hail, damaging winds. Outflow, cold-pool, or effective-boundary placement was a meaningful part of the severe evolution."
2009-07-30,ENH_EQ,qlcs_bowing_wind_tornado,core,tornadoes|large hail,cluster supercells|MCS/convective complex|bowing line segments|multicell clusters,cold front|upslope/terrain circulation,cap_conditional|mcs_timing|nocturnal_evolution|moisture_quality,"Prior or ongoing MCS/cold-pool features were central to the enhanced-equivalent risk placement, mode, or hazard evolution.","A ENH_EQ day was classified as qlcs_bowing_wind_tornado, with the risk focused mainly along cold front, upslope/terrain circulation. The dominant modes were cluster supercells, MCS/convective complex, supporting tornadoes, large hail. Outflow, cold-pool, or effective-boundary placement was a meaningful part of the severe evolution."
2009-07-31,ENH_EQ,qlcs_bowing_wind_tornado,core,tornadoes|large hail|damaging winds,cluster supercells|bowing line segments|squall line/QLCS|low-topped convection,cold front|warm front|surface low/triple point|upslope/terrain circulation,instability_recovery|cap_conditional|mode_transition|boundary_interaction|nocturnal_evolution|moisture_quality,"Prior or ongoing MCS/cold-pool features were central to the enhanced-equivalent risk placement, mode, or hazard evolution.","A ENH_EQ day was classified as qlcs_bowing_wind_tornado, with the risk focused mainly along cold front, warm front. The dominant modes were cluster supercells, bowing line segments, supporting tornadoes, large hail, damaging winds. Outflow, cold-pool, or effective-boundary placement was a meaningful part of the severe evolution."
2009-08-04,ENH_EQ,derecho_or_serial_mcs_wind,core,tornadoes|very large hail|widespread damaging winds,cluster supercells|elevated storms|MCS/convective complex|bowing line segments,cold front|outflow/effective boundary|surface low/triple point|upslope/terrain circulation,ofb_placement|instability_recovery|cap_conditional|mode_transition|mcs_timing|mcv_track,"Prior or ongoing MCS/cold-pool features were central to the enhanced-equivalent risk placement, mode, or hazard evolution.","A ENH_EQ day was classified as derecho_or_serial_mcs_wind, with the risk focused mainly along cold front, outflow/effective boundary. The dominant modes were cluster supercells, elevated storms, supporting tornadoes, very large hail, widespread damaging winds. Outflow, cold-pool, or effective-boundary placement was a meaningful part of the severe evolution."
2009-08-06,ENH_EQ,qlcs_bowing_wind_tornado,core,tornadoes|large hail|damaging winds,cluster supercells|elevated storms|MCS/convective complex|bowing line segments,cold front|outflow/effective boundary|surface low/triple point|upslope/terrain circulation,ofb_placement|instability_recovery|cap_conditional|mode_transition|mcs_timing|mcv_track,"Prior or ongoing MCS/cold-pool features were central to the enhanced-equivalent risk placement, mode, or hazard evolution.","A ENH_EQ day was classified as qlcs_bowing_wind_tornado, with the risk focused mainly along cold front, outflow/effective boundary. The dominant modes were cluster supercells, elevated storms, supporting tornadoes, large hail, damaging winds. Outflow, cold-pool, or effective-boundary placement was a meaningful part of the severe evolution."
2009-08-09,MDT,derecho_or_serial_mcs_wind,core,tornadoes|very large hail|widespread damaging winds,discrete supercells|cluster supercells|elevated storms|MCS/convective complex|bowing line segments,cold front|warm front|outflow/effective boundary|upslope/terrain circulation,prior_convection|ofb_placement|instability_recovery|cap_conditional|mode_transition|mcs_timing,"Prior or ongoing MCS/cold-pool features were central to the enhanced-equivalent risk placement, mode, or hazard evolution.","A MDT day was classified as derecho_or_serial_mcs_wind, with the risk focused mainly along cold front, warm front. The dominant modes were discrete supercells, cluster supercells, supporting tornadoes, very large hail, widespread damaging winds. Outflow, cold-pool, or effective-boundary placement was a meaningful part of the severe evolution."
2009-08-10,ENH_EQ,derecho_or_serial_mcs_wind,core,large hail|widespread damaging winds,cluster supercells|MCS/convective complex|bowing line segments,cold front|outflow/effective boundary|upslope/terrain circulation,ofb_placement|instability_recovery|cap_conditional|mode_transition|mcs_timing|mcv_track,"Prior or ongoing MCS/cold-pool features were central to the enhanced-equivalent risk placement, mode, or hazard evolution.","A ENH_EQ day was classified as derecho_or_serial_mcs_wind, with the risk focused mainly along cold front, outflow/effective boundary. The dominant modes were cluster supercells, MCS/convective complex, supporting large hail, widespread damaging winds. Outflow, cold-pool, or effective-boundary placement was a meaningful part of the severe evolution."
2009-08-17,ENH_EQ,qlcs_bowing_wind_tornado,likely,tornadoes|very large hail|damaging winds,cluster supercells|elevated storms|MCS/convective complex|bowing line segments|squall line/QLCS,stationary/baroclinic front|outflow/effective boundary|surface low/triple point|upslope/terrain circulation,prior_convection|ofb_placement|instability_recovery|cap_conditional|mode_transition|mcs_timing,"Outflow or an effective boundary clearly modulated storm focus, while synoptic forcing also remained important.","A ENH_EQ day was classified as qlcs_bowing_wind_tornado, with the risk focused mainly along stationary/baroclinic front, outflow/effective boundary. The dominant modes were cluster supercells, elevated storms, supporting tornadoes, very large hail, damaging winds. Outflow, cold-pool, or effective-boundary placement was a meaningful part of the severe evolution."
2009-08-18,ENH_EQ,mcv_mcs_outflow_reintensification,core,very large hail|damaging winds,cluster supercells|MCS/convective complex|multicell clusters,outflow/effective boundary|upslope/terrain circulation,prior_convection|ofb_placement|instability_recovery|cap_conditional|mode_transition|mcs_timing,"Prior or ongoing MCS/cold-pool features were central to the enhanced-equivalent risk placement, mode, or hazard evolution.","A ENH_EQ day was classified as mcv_mcs_outflow_reintensification, with the risk focused mainly along outflow/effective boundary, upslope/terrain circulation. The dominant modes were cluster supercells, MCS/convective complex, supporting very large hail, damaging winds. Outflow, cold-pool, or effective-boundary placement was a meaningful part of the severe evolution."
2009-08-19,ENH_EQ,mcv_mcs_outflow_reintensification,core,tornadoes|large hail,cluster supercells|elevated storms|MCS/convective complex,cold front|warm front|stationary/baroclinic front|outflow/effective boundary|surface low/triple point,prior_convection|ofb_placement|instability_recovery|cap_conditional|mcv_track|boundary_interaction,"Prior or ongoing MCS/cold-pool features were central to the enhanced-equivalent risk placement, mode, or hazard evolution.","A ENH_EQ day was classified as mcv_mcs_outflow_reintensification, with the risk focused mainly along cold front, warm front. The dominant modes were cluster supercells, elevated storms, supporting tornadoes, large hail. Outflow, cold-pool, or effective-boundary placement was a meaningful part of the severe evolution."
2009-08-20,ENH_EQ,ofb_differential_heating_supercells,likely,tornadoes|large hail|damaging winds,cluster supercells|multicell clusters|low-topped convection,cold front|warm front|outflow/effective boundary,prior_convection|ofb_placement|instability_recovery|cap_conditional|mode_transition|boundary_interaction,"Outflow or an effective boundary clearly modulated storm focus, while synoptic forcing also remained important.","A ENH_EQ day was classified as ofb_differential_heating_supercells, with the risk focused mainly along cold front, warm front. The dominant modes were cluster supercells, multicell clusters, supporting tornadoes, large hail, damaging winds. Outflow, cold-pool, or effective-boundary placement was a meaningful part of the severe evolution."
2009-09-08,ENH_EQ,mcv_mcs_outflow_reintensification,core,large hail|heavy rain,cluster supercells|MCS/convective complex|bowing line segments|squall line/QLCS,cold front|outflow/effective boundary|upslope/terrain circulation,ofb_placement|instability_recovery|cap_conditional|mcv_track|boundary_interaction|nocturnal_evolution,"Prior or ongoing MCS/cold-pool features were central to the enhanced-equivalent risk placement, mode, or hazard evolution.","A ENH_EQ day was classified as mcv_mcs_outflow_reintensification, with the risk focused mainly along cold front, outflow/effective boundary. The dominant modes were cluster supercells, MCS/convective complex, supporting large hail, heavy rain. Outflow, cold-pool, or effective-boundary placement was a meaningful part of the severe evolution."
2009-10-08,ENH_EQ,qlcs_bowing_wind_tornado,core,tornadoes|large hail|damaging winds|heavy rain,cluster supercells|elevated storms|MCS/convective complex|bowing line segments|squall line/QLCS,cold front|warm front|prefrontal trough/confluence zone|surface low/triple point,instability_recovery|cap_conditional|mode_transition|mcs_timing|boundary_interaction|nocturnal_evolution,"Prior or ongoing MCS/cold-pool features were central to the enhanced-equivalent risk placement, mode, or hazard evolution.","A ENH_EQ day was classified as qlcs_bowing_wind_tornado, with the risk focused mainly along cold front, warm front. The dominant modes were cluster supercells, elevated storms, supporting tornadoes, large hail, damaging winds. Outflow, cold-pool, or effective-boundary placement was a meaningful part of the severe evolution."
2010-03-28,ENH_EQ,warm_front_baroclinic_tornado,likely,tornadoes|damaging winds|large to very large hail,discrete to semi-discrete supercells|clusters/multicells|bowing MCS / forward-propagating complex,warm front|outflow/effective boundary,ofb_placement|instability_recovery|cap_conditional|mode_transition|mcs_timing|boundary_interaction|model_guidance_mismatch|nocturnal_evolution,"MCS/outflow processes were evident, but synoptic fronts, the dryline, or instability gradients shared control of the ENH+ corridor.","The 2010-03-28 Day 1 risk focused on warm front with discrete to semi-discrete supercells, clusters/multicells. Outlooks and attached MD context favored a warm front baroclinic tornado regime, with tornadoes, damaging winds, large to very large hail as the dominant hazards. Key uncertainties involved ofb placement, instability recovery, cap conditional."
2010-04-02,ENH_EQ,derecho_or_serial_mcs_wind,likely,damaging winds|isolated tornadoes|large to very large hail,bowing MCS / forward-propagating complex|elevated/nocturnal convection,dryline|cold front|outflow/effective boundary,prior_convection|ofb_placement|instability_recovery|cap_conditional|mode_transition|boundary_interaction|model_guidance_mismatch|nocturnal_evolution,"MCS/outflow processes were evident, but synoptic fronts, the dryline, or instability gradients shared control of the ENH+ corridor.","The 2010-04-02 Day 1 risk focused on dryline with bowing MCS / forward-propagating complex, elevated/nocturnal convection. Outlooks and attached MD context favored a derecho or serial mcs wind regime, with damaging winds, isolated tornadoes, large to very large hail as the dominant hazards. Key uncertainties involved prior convection, ofb placement, instability recovery."
2010-04-05,ENH_EQ,dryline_supercell_hail_tornado,likely,tornadoes|damaging winds|large to very large hail,discrete to semi-discrete supercells|elevated/nocturnal convection,dryline|warm front|outflow/effective boundary,ofb_placement|instability_recovery|cap_conditional|mode_transition|boundary_interaction|model_guidance_mismatch|nocturnal_evolution|moisture_quality,"MCS/outflow processes were evident, but synoptic fronts, the dryline, or instability gradients shared control of the ENH+ corridor.","The 2010-04-05 Day 1 risk focused on dryline with discrete to semi-discrete supercells, elevated/nocturnal convection. Outlooks and attached MD context favored a dryline supercell hail tornado regime, with tornadoes, damaging winds, large to very large hail as the dominant hazards. Key uncertainties involved ofb placement, instability recovery, cap conditional."
2010-04-06,ENH_EQ,dryline_supercell_hail_tornado,likely,tornadoes|damaging winds|large to very large hail,discrete to semi-discrete supercells|QLCS/squall-line segments|bowing MCS / forward-propagating complex|elevated/nocturnal convection,dryline|cold front|warm front|remnant MCS/MCV or cold pool,instability_recovery|cap_conditional|mode_transition|mcs_timing|mcv_track|boundary_interaction|model_guidance_mismatch|nocturnal_evolution,"MCS/outflow processes were evident, but synoptic fronts, the dryline, or instability gradients shared control of the ENH+ corridor.","The 2010-04-06 Day 1 risk focused on dryline with discrete to semi-discrete supercells, QLCS/squall-line segments. Outlooks and attached MD context favored a dryline supercell hail tornado regime, with tornadoes, damaging winds, large to very large hail as the dominant hazards. Key uncertainties involved instability recovery, cap conditional, mode transition."
2010-04-29,ENH_EQ,conditional_capped_supercells,likely,tornadoes|large to very large hail,discrete to semi-discrete supercells|elevated/nocturnal convection,cold front|prefrontal trough/confluence,instability_recovery|cap_conditional|mode_transition|boundary_interaction|model_guidance_mismatch|nocturnal_evolution|moisture_quality|storm_coverage_uncertain,"MCS/outflow processes were evident, but synoptic fronts, the dryline, or instability gradients shared control of the ENH+ corridor.","The 2010-04-29 Day 1 risk focused on cold front with discrete to semi-discrete supercells, elevated/nocturnal convection. Outlooks and attached MD context favored a conditional capped supercells regime, with tornadoes, large to very large hail as the dominant hazards. Key uncertainties involved instability recovery, cap conditional, mode transition."
2010-04-30,HIGH,high_end_tornado_outbreak,likely,tornadoes|damaging winds|large to very large hail,discrete to semi-discrete supercells|clusters/multicells|QLCS/squall-line segments|bowing MCS / forward-propagating complex|elevated/nocturnal convection,cold front|outflow/effective boundary,ofb_placement|instability_recovery|cap_conditional|mode_transition|mcs_timing|boundary_interaction|nocturnal_evolution|moisture_quality,"MCS/outflow processes were evident, but synoptic fronts, the dryline, or instability gradients shared control of the ENH+ corridor.","The 2010-04-30 Day 1 risk focused on cold front with discrete to semi-discrete supercells, clusters/multicells. Outlooks and attached MD context favored a high end tornado outbreak regime, with tornadoes, damaging winds, large to very large hail as the dominant hazards. Key uncertainties involved ofb placement, instability recovery, cap conditional."
2010-05-01,HIGH,classic_discrete_tornadic_supercells,likely,tornadoes|large to very large hail,discrete to semi-discrete supercells|QLCS/squall-line segments|bowing MCS / forward-propagating complex|elevated/nocturnal convection,warm front|outflow/effective boundary,ofb_placement|instability_recovery|cap_conditional|mode_transition|mcs_timing|boundary_interaction|nocturnal_evolution|moisture_quality,"MCS/outflow processes were evident, but synoptic fronts, the dryline, or instability gradients shared control of the ENH+ corridor.","The 2010-05-01 Day 1 risk focused on warm front with discrete to semi-discrete supercells, QLCS/squall-line segments. Outlooks and attached MD context favored a classic discrete tornadic supercells regime, with tornadoes, large to very large hail as the dominant hazards. Key uncertainties involved ofb placement, instability recovery, cap conditional."
2010-05-05,ENH_EQ,derecho_or_serial_mcs_wind,likely,damaging winds|isolated tornadoes|large to very large hail,discrete to semi-discrete supercells|QLCS/squall-line segments|bowing MCS / forward-propagating complex,cold front|outflow/effective boundary,ofb_placement|instability_recovery|cap_conditional|mode_transition|boundary_interaction|model_guidance_mismatch|nocturnal_evolution|moisture_quality,"MCS/outflow processes were evident, but synoptic fronts, the dryline, or instability gradients shared control of the ENH+ corridor.","The 2010-05-05 Day 1 risk focused on cold front with discrete to semi-discrete supercells, QLCS/squall-line segments. Outlooks and attached MD context favored a derecho or serial mcs wind regime, with damaging winds, isolated tornadoes, large to very large hail as the dominant hazards. Key uncertainties involved ofb placement, instability recovery, cap conditional."
2010-05-12,ENH_EQ,dryline_supercell_hail_tornado,likely,tornadoes|damaging winds|large to very large hail,discrete to semi-discrete supercells|clusters/multicells|bowing MCS / forward-propagating complex|elevated/nocturnal convection,dryline|cold front|warm front|remnant MCS/MCV or cold pool,instability_recovery|cap_conditional|mode_transition|mcs_timing|mcv_track|boundary_interaction|nocturnal_evolution|moisture_quality,"MCS/outflow processes were evident, but synoptic fronts, the dryline, or instability gradients shared control of the ENH+ corridor.","The 2010-05-12 Day 1 risk focused on dryline with discrete to semi-discrete supercells, clusters/multicells. Outlooks and attached MD context favored a dryline supercell hail tornado regime, with tornadoes, damaging winds, large to very large hail as the dominant hazards. Key uncertainties involved instability recovery, cap conditional, mode transition."
2010-05-13,ENH_EQ,derecho_or_serial_mcs_wind,core,damaging winds|tornadoes|large to very large hail,discrete to semi-discrete supercells|clusters/multicells|bowing MCS / forward-propagating complex|elevated/nocturnal convection,cold front|warm front|outflow/effective boundary,prior_convection|ofb_placement|instability_recovery|cap_conditional|mode_transition|mcs_timing|boundary_interaction|nocturnal_evolution,"MCS remnants, outflow, MCV, or cold-pool processes were central to the risk placement or storm evolution described in the outlook excerpts.","The 2010-05-13 Day 1 risk focused on cold front with discrete to semi-discrete supercells, clusters/multicells. Outlooks and attached MD context favored a derecho or serial mcs wind regime, with damaging winds, tornadoes, large to very large hail as the dominant hazards. Key uncertainties involved prior convection, ofb placement, instability recovery."
2010-05-14,ENH_EQ,derecho_or_serial_mcs_wind,core,damaging winds|tornadoes|large to very large hail,discrete to semi-discrete supercells|clusters/multicells|QLCS/squall-line segments|bowing MCS / forward-propagating complex|elevated/nocturnal convection,cold front|stationary/quasi-stationary boundary|outflow/effective boundary|upslope/high terrain focus,ofb_placement|instability_recovery|cap_conditional|mode_transition|mcs_timing|boundary_interaction|nocturnal_evolution|moisture_quality,"MCS remnants, outflow, MCV, or cold-pool processes were central to the risk placement or storm evolution described in the outlook excerpts.","The 2010-05-14 Day 1 risk focused on cold front with discrete to semi-discrete supercells, clusters/multicells. Outlooks and attached MD context favored a derecho or serial mcs wind regime, with damaging winds, tornadoes, large to very large hail as the dominant hazards. Key uncertainties involved ofb placement, instability recovery, cap conditional."
2010-05-17,ENH_EQ,southeast_multicell_or_clusters,likely,damaging winds|large to very large hail,discrete to semi-discrete supercells|clusters/multicells|bowing MCS / forward-propagating complex,outflow/effective boundary|upslope/high terrain focus,ofb_placement|instability_recovery|cap_conditional|mcs_timing|boundary_interaction|moisture_quality,"MCS/outflow processes were evident, but synoptic fronts, the dryline, or instability gradients shared control of the ENH+ corridor.","The 2010-05-17 Day 1 risk focused on outflow/effective boundary with discrete to semi-discrete supercells, clusters/multicells. Outlooks and attached MD context favored a southeast multicell or clusters regime, with damaging winds, large to very large hail as the dominant hazards. Key uncertainties involved ofb placement, instability recovery, cap conditional."
2010-05-18,MDT,dryline_supercell_hail_tornado,likely,tornadoes|damaging winds|large to very large hail,discrete to semi-discrete supercells|clusters/multicells|bowing MCS / forward-propagating complex|elevated/nocturnal convection,dryline|cold front|warm front|outflow/effective boundary|upslope/high terrain focus,prior_convection|ofb_placement|instability_recovery|cap_conditional|mode_transition|mcs_timing|boundary_interaction|model_guidance_mismatch,"MCS/outflow processes were evident, but synoptic fronts, the dryline, or instability gradients shared control of the ENH+ corridor.","The 2010-05-18 Day 1 risk focused on dryline with discrete to semi-discrete supercells, clusters/multicells. Outlooks and attached MD context favored a dryline supercell hail tornado regime, with tornadoes, damaging winds, large to very large hail as the dominant hazards. Key uncertainties involved prior convection, ofb placement, instability recovery."
2010-05-19,HIGH,high_end_tornado_outbreak,likely,tornadoes|damaging winds|large to very large hail,discrete to semi-discrete supercells|bowing MCS / forward-propagating complex|elevated/nocturnal convection,dryline|cold front|warm front|stationary/quasi-stationary boundary|outflow/effective boundary,ofb_placement|instability_recovery|cap_conditional|mode_transition|mcs_timing|boundary_interaction|nocturnal_evolution|moisture_quality,"MCS/outflow processes were evident, but synoptic fronts, the dryline, or instability gradients shared control of the ENH+ corridor.","The 2010-05-19 Day 1 risk focused on dryline with discrete to semi-discrete supercells, bowing MCS / forward-propagating complex. Outlooks and attached MD context favored a high end tornado outbreak regime, with tornadoes, damaging winds, large to very large hail as the dominant hazards. Key uncertainties involved ofb placement, instability recovery, cap conditional."
2010-05-20,ENH_EQ,dryline_supercell_hail_tornado,likely,tornadoes|damaging winds|large to very large hail,discrete to semi-discrete supercells|clusters/multicells|bowing MCS / forward-propagating complex|elevated/nocturnal convection,dryline|cold front|warm front|outflow/effective boundary,ofb_placement|instability_recovery|cap_conditional|mode_transition|mcs_timing|boundary_interaction|moisture_quality|storm_coverage_uncertain,"MCS/outflow processes were evident, but synoptic fronts, the dryline, or instability gradients shared control of the ENH+ corridor.","The 2010-05-20 Day 1 risk focused on dryline with discrete to semi-discrete supercells, clusters/multicells. Outlooks and attached MD context favored a dryline supercell hail tornado regime, with tornadoes, damaging winds, large to very large hail as the dominant hazards. Key uncertainties involved ofb placement, instability recovery, cap conditional."
2010-05-21,ENH_EQ,dryline_supercell_hail_tornado,likely,tornadoes|damaging winds|large to very large hail,discrete to semi-discrete supercells|bowing MCS / forward-propagating complex|elevated/nocturnal convection,dryline|cold front|warm front|stationary/quasi-stationary boundary|outflow/effective boundary|upslope/high terrain focus,ofb_placement|instability_recovery|cap_conditional|mode_transition|mcs_timing|boundary_interaction|model_guidance_mismatch|nocturnal_evolution,"MCS/outflow processes were evident, but synoptic fronts, the dryline, or instability gradients shared control of the ENH+ corridor.","The 2010-05-21 Day 1 risk focused on dryline with discrete to semi-discrete supercells, bowing MCS / forward-propagating complex. Outlooks and attached MD context favored a dryline supercell hail tornado regime, with tornadoes, damaging winds, large to very large hail as the dominant hazards. Key uncertainties involved ofb placement, instability recovery, cap conditional."
2010-05-22,ENH_EQ,dryline_supercell_hail_tornado,likely,tornadoes|damaging winds|large to very large hail,discrete to semi-discrete supercells|clusters/multicells|bowing MCS / forward-propagating complex|elevated/nocturnal convection,dryline|cold front|warm front,prior_convection|instability_recovery|cap_conditional|mode_transition|mcs_timing|boundary_interaction|model_guidance_mismatch|nocturnal_evolution,"MCS/outflow processes were evident, but synoptic fronts, the dryline, or instability gradients shared control of the ENH+ corridor.","The 2010-05-22 Day 1 risk focused on dryline with discrete to semi-discrete supercells, clusters/multicells. Outlooks and attached MD context favored a dryline supercell hail tornado regime, with tornadoes, damaging winds, large to very large hail as the dominant hazards. Key uncertainties involved prior convection, instability recovery, cap conditional."
2010-05-24,MDT,dryline_supercell_hail_tornado,likely,tornadoes|damaging winds|large to very large hail,discrete to semi-discrete supercells|clusters/multicells|elevated/nocturnal convection,dryline|cold front|warm front,prior_convection|instability_recovery|cap_conditional|mode_transition|mcs_timing|boundary_interaction|model_guidance_mismatch|nocturnal_evolution,"MCS/outflow processes were evident, but synoptic fronts, the dryline, or instability gradients shared control of the ENH+ corridor.","The 2010-05-24 Day 1 risk focused on dryline with discrete to semi-discrete supercells, clusters/multicells. Outlooks and attached MD context favored a dryline supercell hail tornado regime, with tornadoes, damaging winds, large to very large hail as the dominant hazards. Key uncertainties involved prior convection, instability recovery, cap conditional."
2010-05-26,ENH_EQ,mcv_mcs_outflow_reintensification,core,damaging winds|tornadoes|large to very large hail,discrete to semi-discrete supercells|clusters/multicells|bowing MCS / forward-propagating complex|elevated/nocturnal convection,dryline|cold front|warm front|outflow/effective boundary|remnant MCS/MCV or cold pool|upslope/high terrain focus,ofb_placement|instability_recovery|cap_conditional|mode_transition|mcs_timing|mcv_track|boundary_interaction|model_guidance_mismatch,"MCS remnants, outflow, MCV, or cold-pool processes were central to the risk placement or storm evolution described in the outlook excerpts.","The 2010-05-26 Day 1 risk focused on dryline with discrete to semi-discrete supercells, clusters/multicells. Outlooks and attached MD context favored a mcv mcs outflow reintensification regime, with damaging winds, tornadoes, large to very large hail as the dominant hazards. Key uncertainties involved ofb placement, instability recovery, cap conditional."
2010-05-27,ENH_EQ,warm_front_baroclinic_tornado,likely,tornadoes|damaging winds|large to very large hail,discrete to semi-discrete supercells|clusters/multicells|bowing MCS / forward-propagating complex|elevated/nocturnal convection,cold front|warm front|outflow/effective boundary|remnant MCS/MCV or cold pool|upslope/high terrain focus|prefrontal trough/confluence,prior_convection|ofb_placement|instability_recovery|cap_conditional|mcs_timing|mcv_track|boundary_interaction|model_guidance_mismatch,"MCS/outflow processes were evident, but synoptic fronts, the dryline, or instability gradients shared control of the ENH+ corridor.","The 2010-05-27 Day 1 risk focused on cold front with discrete to semi-discrete supercells, clusters/multicells. Outlooks and attached MD context favored a warm front baroclinic tornado regime, with tornadoes, damaging winds, large to very large hail as the dominant hazards. Key uncertainties involved prior convection, ofb placement, instability recovery."
2010-05-29,ENH_EQ,derecho_or_serial_mcs_wind,likely,damaging winds|large to very large hail,clusters/multicells|bowing MCS / forward-propagating complex|elevated/nocturnal convection,cold front|warm front|outflow/effective boundary,ofb_placement|instability_recovery|cap_conditional|mode_transition|mcs_timing|boundary_interaction|nocturnal_evolution|moisture_quality,"MCS/outflow processes were evident, but synoptic fronts, the dryline, or instability gradients shared control of the ENH+ corridor.","The 2010-05-29 Day 1 risk focused on cold front with clusters/multicells, bowing MCS / forward-propagating complex. Outlooks and attached MD context favored a derecho or serial mcs wind regime, with damaging winds, large to very large hail as the dominant hazards. Key uncertainties involved ofb placement, instability recovery, cap conditional."
2010-06-01,MDT,warm_front_baroclinic_tornado,likely,tornadoes|damaging winds|large to very large hail,discrete to semi-discrete supercells|clusters/multicells|bowing MCS / forward-propagating complex|elevated/nocturnal convection,cold front|warm front|outflow/effective boundary|upslope/high terrain focus,ofb_placement|instability_recovery|cap_conditional|mode_transition|mcs_timing|boundary_interaction|model_guidance_mismatch|nocturnal_evolution,"MCS/outflow processes were evident, but synoptic fronts, the dryline, or instability gradients shared control of the ENH+ corridor.","The 2010-06-01 Day 1 risk focused on cold front with discrete to semi-discrete supercells, clusters/multicells. Outlooks and attached MD context favored a warm front baroclinic tornado regime, with tornadoes, damaging winds, large to very large hail as the dominant hazards. Key uncertainties involved ofb placement, instability recovery, cap conditional."
2010-06-02,ENH_EQ,derecho_or_serial_mcs_wind,core,damaging winds|isolated tornadoes|large to very large hail,clusters/multicells|bowing MCS / forward-propagating complex|elevated/nocturnal convection,cold front|outflow/effective boundary|upslope/high terrain focus,ofb_placement|instability_recovery|cap_conditional|mcs_timing|boundary_interaction|model_guidance_mismatch|nocturnal_evolution|moisture_quality,"MCS remnants, outflow, MCV, or cold-pool processes were central to the risk placement or storm evolution described in the outlook excerpts.","The 2010-06-02 Day 1 risk focused on cold front with clusters/multicells, bowing MCS / forward-propagating complex. Outlooks and attached MD context favored a derecho or serial mcs wind regime, with damaging winds, isolated tornadoes, large to very large hail as the dominant hazards. Key uncertainties involved ofb placement, instability recovery, cap conditional."
2010-06-03,ENH_EQ,derecho_or_serial_mcs_wind,core,damaging winds|isolated tornadoes|large to very large hail,discrete to semi-discrete supercells|clusters/multicells|bowing MCS / forward-propagating complex|elevated/nocturnal convection,cold front|outflow/effective boundary|remnant MCS/MCV or cold pool|prefrontal trough/confluence,ofb_placement|instability_recovery|cap_conditional|mode_transition|mcs_timing|mcv_track|boundary_interaction|nocturnal_evolution,"MCS remnants, outflow, MCV, or cold-pool processes were central to the risk placement or storm evolution described in the outlook excerpts.","The 2010-06-03 Day 1 risk focused on cold front with discrete to semi-discrete supercells, clusters/multicells. Outlooks and attached MD context favored a derecho or serial mcs wind regime, with damaging winds, isolated tornadoes, large to very large hail as the dominant hazards. Key uncertainties involved ofb placement, instability recovery, cap conditional."
2010-06-04,ENH_EQ,derecho_or_serial_mcs_wind,likely,damaging winds|tornadoes|large to very large hail,discrete to semi-discrete supercells|clusters/multicells|QLCS/squall-line segments|bowing MCS / forward-propagating complex|elevated/nocturnal convection,cold front|warm front|outflow/effective boundary|prefrontal trough/confluence,ofb_placement|instability_recovery|cap_conditional|mode_transition|mcs_timing|boundary_interaction|model_guidance_mismatch|nocturnal_evolution,"MCS/outflow processes were evident, but synoptic fronts, the dryline, or instability gradients shared control of the ENH+ corridor.","The 2010-06-04 Day 1 risk focused on cold front with discrete to semi-discrete supercells, clusters/multicells. Outlooks and attached MD context favored a derecho or serial mcs wind regime, with damaging winds, tornadoes, large to very large hail as the dominant hazards. Key uncertainties involved ofb placement, instability recovery, cap conditional."
2010-06-07,ENH_EQ,derecho_or_serial_mcs_wind,core,damaging winds|tornadoes|large to very large hail,discrete to semi-discrete supercells|clusters/multicells|bowing MCS / forward-propagating complex|elevated/nocturnal convection,cold front|warm front|outflow/effective boundary|upslope/high terrain focus,ofb_placement|instability_recovery|cap_conditional|mcs_timing|boundary_interaction|model_guidance_mismatch|nocturnal_evolution|moisture_quality,"MCS remnants, outflow, MCV, or cold-pool processes were central to the risk placement or storm evolution described in the outlook excerpts.","The 2010-06-07 Day 1 risk focused on cold front with discrete to semi-discrete supercells, clusters/multicells. Outlooks and attached MD context favored a derecho or serial mcs wind regime, with damaging winds, tornadoes, large to very large hail as the dominant hazards. Key uncertainties involved ofb placement, instability recovery, cap conditional."
2010-06-08,ENH_EQ,warm_front_baroclinic_tornado,likely,tornadoes|damaging winds|large to very large hail,discrete to semi-discrete supercells|clusters/multicells|bowing MCS / forward-propagating complex|elevated/nocturnal convection,cold front|warm front|outflow/effective boundary|remnant MCS/MCV or cold pool|upslope/high terrain focus,ofb_placement|instability_recovery|cap_conditional|mode_transition|mcs_timing|mcv_track|boundary_interaction|nocturnal_evolution,"MCS/outflow processes were evident, but synoptic fronts, the dryline, or instability gradients shared control of the ENH+ corridor.","The 2010-06-08 Day 1 risk focused on cold front with discrete to semi-discrete supercells, clusters/multicells. Outlooks and attached MD context favored a warm front baroclinic tornado regime, with tornadoes, damaging winds, large to very large hail as the dominant hazards. Key uncertainties involved ofb placement, instability recovery, cap conditional."
2010-06-09,ENH_EQ,high_plains_upslope_supercells,likely,tornadoes|damaging winds|large to very large hail,discrete to semi-discrete supercells|clusters/multicells|QLCS/squall-line segments|bowing MCS / forward-propagating complex,cold front|outflow/effective boundary|upslope/high terrain focus,ofb_placement|instability_recovery|cap_conditional|mode_transition|mcs_timing|boundary_interaction|nocturnal_evolution|moisture_quality,"MCS/outflow processes were evident, but synoptic fronts, the dryline, or instability gradients shared control of the ENH+ corridor.","The 2010-06-09 Day 1 risk focused on cold front with discrete to semi-discrete supercells, clusters/multicells. Outlooks and attached MD context favored a high plains upslope supercells regime, with tornadoes, damaging winds, large to very large hail as the dominant hazards. Key uncertainties involved ofb placement, instability recovery, cap conditional."
2010-06-10,MDT,dryline_supercell_hail_tornado,likely,tornadoes|damaging winds|large to very large hail,discrete to semi-discrete supercells|clusters/multicells|bowing MCS / forward-propagating complex|elevated/nocturnal convection,dryline|warm front|outflow/effective boundary|upslope/high terrain focus,ofb_placement|instability_recovery|cap_conditional|mode_transition|mcs_timing|boundary_interaction|nocturnal_evolution|moisture_quality,"MCS/outflow processes were evident, but synoptic fronts, the dryline, or instability gradients shared control of the ENH+ corridor.","The 2010-06-10 Day 1 risk focused on dryline with discrete to semi-discrete supercells, clusters/multicells. Outlooks and attached MD context favored a dryline supercell hail tornado regime, with tornadoes, damaging winds, large to very large hail as the dominant hazards. Key uncertainties involved ofb placement, instability recovery, cap conditional."
2010-06-11,ENH_EQ,dryline_supercell_hail_tornado,likely,tornadoes|damaging winds|large to very large hail,discrete to semi-discrete supercells|clusters/multicells|bowing MCS / forward-propagating complex|elevated/nocturnal convection,dryline|cold front|warm front|outflow/effective boundary|remnant MCS/MCV or cold pool|upslope/high terrain focus,ofb_placement|instability_recovery|cap_conditional|mode_transition|mcs_timing|mcv_track|boundary_interaction|model_guidance_mismatch,"MCS/outflow processes were evident, but synoptic fronts, the dryline, or instability gradients shared control of the ENH+ corridor.","The 2010-06-11 Day 1 risk focused on dryline with discrete to semi-discrete supercells, clusters/multicells. Outlooks and attached MD context favored a dryline supercell hail tornado regime, with tornadoes, damaging winds, large to very large hail as the dominant hazards. Key uncertainties involved ofb placement, instability recovery, cap conditional."
2010-06-12,ENH_EQ,derecho_or_serial_mcs_wind,core,damaging winds|isolated tornadoes|large to very large hail,discrete to semi-discrete supercells|clusters/multicells|bowing MCS / forward-propagating complex|elevated/nocturnal convection,dryline|cold front|warm front|stationary/quasi-stationary boundary|outflow/effective boundary|remnant MCS/MCV or cold pool,prior_convection|ofb_placement|instability_recovery|cap_conditional|mode_transition|mcs_timing|mcv_track|boundary_interaction,"MCS remnants, outflow, MCV, or cold-pool processes were central to the risk placement or storm evolution described in the outlook excerpts.","The 2010-06-12 Day 1 risk focused on dryline with discrete to semi-discrete supercells, clusters/multicells. Outlooks and attached MD context favored a derecho or serial mcs wind regime, with damaging winds, isolated tornadoes, large to very large hail as the dominant hazards. Key uncertainties involved prior convection, ofb placement, instability recovery."
2010-06-13,ENH_EQ,mcv_mcs_outflow_reintensification,core,damaging winds|isolated tornadoes|large to very large hail,discrete to semi-discrete supercells|clusters/multicells|bowing MCS / forward-propagating complex|elevated/nocturnal convection,dryline|stationary/quasi-stationary boundary|outflow/effective boundary|remnant MCS/MCV or cold pool,prior_convection|ofb_placement|instability_recovery|cap_conditional|mode_transition|mcs_timing|mcv_track|boundary_interaction,"MCS remnants, outflow, MCV, or cold-pool processes were central to the risk placement or storm evolution described in the outlook excerpts.","The 2010-06-13 Day 1 risk focused on dryline with discrete to semi-discrete supercells, clusters/multicells. Outlooks and attached MD context favored a mcv mcs outflow reintensification regime, with damaging winds, isolated tornadoes, large to very large hail as the dominant hazards. Key uncertainties involved prior convection, ofb placement, instability recovery."
2010-06-14,ENH_EQ,derecho_or_serial_mcs_wind,core,damaging winds|tornadoes|large to very large hail,discrete to semi-discrete supercells|clusters/multicells|bowing MCS / forward-propagating complex|elevated/nocturnal convection,cold front|warm front|stationary/quasi-stationary boundary|outflow/effective boundary|remnant MCS/MCV or cold pool,ofb_placement|instability_recovery|cap_conditional|mode_transition|mcs_timing|mcv_track|boundary_interaction|nocturnal_evolution,"MCS remnants, outflow, MCV, or cold-pool processes were central to the risk placement or storm evolution described in the outlook excerpts.","The 2010-06-14 Day 1 risk focused on cold front with discrete to semi-discrete supercells, clusters/multicells. Outlooks and attached MD context favored a derecho or serial mcs wind regime, with damaging winds, tornadoes, large to very large hail as the dominant hazards. Key uncertainties involved ofb placement, instability recovery, cap conditional."
2010-06-15,MDT,derecho_or_serial_mcs_wind,likely,damaging winds|tornadoes|large to very large hail,discrete to semi-discrete supercells|clusters/multicells|bowing MCS / forward-propagating complex|elevated/nocturnal convection,dryline|cold front|warm front|outflow/effective boundary,ofb_placement|instability_recovery|cap_conditional|mode_transition|mcs_timing|boundary_interaction|model_guidance_mismatch|nocturnal_evolution,"MCS/outflow processes were evident, but synoptic fronts, the dryline, or instability gradients shared control of the ENH+ corridor.","The 2010-06-15 Day 1 risk focused on dryline with discrete to semi-discrete supercells, clusters/multicells. Outlooks and attached MD context favored a derecho or serial mcs wind regime, with damaging winds, tornadoes, large to very large hail as the dominant hazards. Key uncertainties involved ofb placement, instability recovery, cap conditional."
2010-06-16,ENH_EQ,derecho_or_serial_mcs_wind,core,damaging winds|tornadoes|large to very large hail,discrete to semi-discrete supercells|clusters/multicells|bowing MCS / forward-propagating complex|elevated/nocturnal convection,cold front|remnant MCS/MCV or cold pool|prefrontal trough/confluence,prior_convection|instability_recovery|cap_conditional|mode_transition|mcs_timing|mcv_track|boundary_interaction|model_guidance_mismatch,"MCS remnants, outflow, MCV, or cold-pool processes were central to the risk placement or storm evolution described in the outlook excerpts.","The 2010-06-16 Day 1 risk focused on cold front with discrete to semi-discrete supercells, clusters/multicells. Outlooks and attached MD context favored a derecho or serial mcs wind regime, with damaging winds, tornadoes, large to very large hail as the dominant hazards. Key uncertainties involved prior convection, instability recovery, cap conditional."
2010-06-17,MDT,mixed_discrete_to_qlcs_outbreak,likely,tornadoes|damaging winds|large to very large hail,discrete to semi-discrete supercells|clusters/multicells|bowing MCS / forward-propagating complex|elevated/nocturnal convection,cold front|warm front|stationary/quasi-stationary boundary|remnant MCS/MCV or cold pool,prior_convection|instability_recovery|cap_conditional|mode_transition|mcs_timing|mcv_track|boundary_interaction|model_guidance_mismatch,"MCS/outflow processes were evident, but synoptic fronts, the dryline, or instability gradients shared control of the ENH+ corridor.","The 2010-06-17 Day 1 risk focused on cold front with discrete to semi-discrete supercells, clusters/multicells. Outlooks and attached MD context favored a mixed discrete to qlcs outbreak regime, with tornadoes, damaging winds, large to very large hail as the dominant hazards. Key uncertainties involved prior convection, instability recovery, cap conditional."
2010-06-18,MDT,derecho_or_serial_mcs_wind,core,damaging winds|tornadoes|large to very large hail,discrete to semi-discrete supercells|clusters/multicells|QLCS/squall-line segments|bowing MCS / forward-propagating complex|elevated/nocturnal convection,cold front|warm front|outflow/effective boundary|upslope/high terrain focus,prior_convection|ofb_placement|instability_recovery|cap_conditional|mode_transition|mcs_timing|boundary_interaction|nocturnal_evolution,"MCS remnants, outflow, MCV, or cold-pool processes were central to the risk placement or storm evolution described in the outlook excerpts.","The 2010-06-18 Day 1 risk focused on cold front with discrete to semi-discrete supercells, clusters/multicells. Outlooks and attached MD context favored a derecho or serial mcs wind regime, with damaging winds, tornadoes, large to very large hail as the dominant hazards. Key uncertainties involved prior convection, ofb placement, instability recovery."
2010-06-19,ENH_EQ,derecho_or_serial_mcs_wind,core,damaging winds|isolated tornadoes|large to very large hail,discrete to semi-discrete supercells|clusters/multicells|bowing MCS / forward-propagating complex|elevated/nocturnal convection,cold front|outflow/effective boundary|upslope/high terrain focus,prior_convection|ofb_placement|instability_recovery|cap_conditional|mode_transition|mcs_timing|boundary_interaction|nocturnal_evolution,"MCS remnants, outflow, MCV, or cold-pool processes were central to the risk placement or storm evolution described in the outlook excerpts.","The 2010-06-19 Day 1 risk focused on cold front with discrete to semi-discrete supercells, clusters/multicells. Outlooks and attached MD context favored a derecho or serial mcs wind regime, with damaging winds, isolated tornadoes, large to very large hail as the dominant hazards. Key uncertainties involved prior convection, ofb placement, instability recovery."
2010-06-20,MDT,derecho_or_serial_mcs_wind,core,damaging winds|tornadoes|large to very large hail,discrete to semi-discrete supercells|clusters/multicells|QLCS/squall-line segments|bowing MCS / forward-propagating complex|elevated/nocturnal convection,cold front|outflow/effective boundary|remnant MCS/MCV or cold pool|upslope/high terrain focus|prefrontal trough/confluence,ofb_placement|instability_recovery|cap_conditional|mode_transition|mcs_timing|mcv_track|boundary_interaction|nocturnal_evolution,"MCS remnants, outflow, MCV, or cold-pool processes were central to the risk placement or storm evolution described in the outlook excerpts.","The 2010-06-20 Day 1 risk focused on cold front with discrete to semi-discrete supercells, clusters/multicells. Outlooks and attached MD context favored a derecho or serial mcs wind regime, with damaging winds, tornadoes, large to very large hail as the dominant hazards. Key uncertainties involved ofb placement, instability recovery, cap conditional."
2010-06-21,ENH_EQ,derecho_or_serial_mcs_wind,core,damaging winds|tornadoes|large to very large hail,discrete to semi-discrete supercells|clusters/multicells|QLCS/squall-line segments|bowing MCS / forward-propagating complex|elevated/nocturnal convection,outflow/effective boundary|remnant MCS/MCV or cold pool|upslope/high terrain focus,ofb_placement|instability_recovery|cap_conditional|mode_transition|mcs_timing|mcv_track|boundary_interaction|nocturnal_evolution,"MCS remnants, outflow, MCV, or cold-pool processes were central to the risk placement or storm evolution described in the outlook excerpts.","The 2010-06-21 Day 1 risk focused on outflow/effective boundary with discrete to semi-discrete supercells, clusters/multicells. Outlooks and attached MD context favored a derecho or serial mcs wind regime, with damaging winds, tornadoes, large to very large hail as the dominant hazards. Key uncertainties involved ofb placement, instability recovery, cap conditional."
2010-06-22,MDT,derecho_or_serial_mcs_wind,core,damaging winds|tornadoes|large to very large hail,discrete to semi-discrete supercells|clusters/multicells|bowing MCS / forward-propagating complex|elevated/nocturnal convection,cold front|warm front|outflow/effective boundary|remnant MCS/MCV or cold pool|upslope/high terrain focus,prior_convection|ofb_placement|instability_recovery|cap_conditional|mode_transition|mcs_timing|mcv_track|boundary_interaction,"MCS remnants, outflow, MCV, or cold-pool processes were central to the risk placement or storm evolution described in the outlook excerpts.","The 2010-06-22 Day 1 risk focused on cold front with discrete to semi-discrete supercells, clusters/multicells. Outlooks and attached MD context favored a derecho or serial mcs wind regime, with damaging winds, tornadoes, large to very large hail as the dominant hazards. Key uncertainties involved prior convection, ofb placement, instability recovery."
2010-06-23,MDT,derecho_or_serial_mcs_wind,core,damaging winds|tornadoes|large to very large hail,discrete to semi-discrete supercells|clusters/multicells|QLCS/squall-line segments|bowing MCS / forward-propagating complex|elevated/nocturnal convection,cold front|warm front|outflow/effective boundary,prior_convection|ofb_placement|instability_recovery|cap_conditional|mode_transition|mcs_timing|boundary_interaction|model_guidance_mismatch,"MCS remnants, outflow, MCV, or cold-pool processes were central to the risk placement or storm evolution described in the outlook excerpts.","The 2010-06-23 Day 1 risk focused on cold front with discrete to semi-discrete supercells, clusters/multicells. Outlooks and attached MD context favored a derecho or serial mcs wind regime, with damaging winds, tornadoes, large to very large hail as the dominant hazards. Key uncertainties involved prior convection, ofb placement, instability recovery."
2010-06-24,ENH_EQ,derecho_or_serial_mcs_wind,likely,damaging winds|tornadoes|large to very large hail,discrete to semi-discrete supercells|clusters/multicells|bowing MCS / forward-propagating complex|elevated/nocturnal convection,cold front|warm front|outflow/effective boundary,ofb_placement|instability_recovery|cap_conditional|mode_transition|mcs_timing|boundary_interaction|nocturnal_evolution|moisture_quality,"MCS/outflow processes were evident, but synoptic fronts, the dryline, or instability gradients shared control of the ENH+ corridor.","The 2010-06-24 Day 1 risk focused on cold front with discrete to semi-discrete supercells, clusters/multicells. Outlooks and attached MD context favored a derecho or serial mcs wind regime, with damaging winds, tornadoes, large to very large hail as the dominant hazards. Key uncertainties involved ofb placement, instability recovery, cap conditional."
2010-06-25,MDT,mcv_mcs_outflow_reintensification,core,damaging winds|tornadoes|large to very large hail,discrete to semi-discrete supercells|clusters/multicells|bowing MCS / forward-propagating complex|elevated/nocturnal convection,cold front|warm front|outflow/effective boundary,ofb_placement|instability_recovery|cap_conditional|mode_transition|mcs_timing|boundary_interaction|model_guidance_mismatch|nocturnal_evolution,"MCS remnants, outflow, MCV, or cold-pool processes were central to the risk placement or storm evolution described in the outlook excerpts.","The 2010-06-25 Day 1 risk focused on cold front with discrete to semi-discrete supercells, clusters/multicells. Outlooks and attached MD context favored a mcv mcs outflow reintensification regime, with damaging winds, tornadoes, large to very large hail as the dominant hazards. Key uncertainties involved ofb placement, instability recovery, cap conditional."
2010-06-26,MDT,mcv_mcs_outflow_reintensification,core,damaging winds|tornadoes|large to very large hail,discrete to semi-discrete supercells|clusters/multicells|QLCS/squall-line segments|bowing MCS / forward-propagating complex|elevated/nocturnal convection,cold front|warm front|outflow/effective boundary|prefrontal trough/confluence,ofb_placement|instability_recovery|cap_conditional|mode_transition|mcs_timing|boundary_interaction|nocturnal_evolution|storm_coverage_uncertain,"MCS remnants, outflow, MCV, or cold-pool processes were central to the risk placement or storm evolution described in the outlook excerpts.","The 2010-06-26 Day 1 risk focused on cold front with discrete to semi-discrete supercells, clusters/multicells. Outlooks and attached MD context favored a mcv mcs outflow reintensification regime, with damaging winds, tornadoes, large to very large hail as the dominant hazards. Key uncertainties involved ofb placement, instability recovery, cap conditional."
2010-06-27,ENH_EQ,derecho_or_serial_mcs_wind,core,damaging winds|isolated tornadoes|large to very large hail,clusters/multicells|bowing MCS / forward-propagating complex|elevated/nocturnal convection,cold front|outflow/effective boundary|remnant MCS/MCV or cold pool,prior_convection|ofb_placement|instability_recovery|cap_conditional|mcs_timing|mcv_track|boundary_interaction|nocturnal_evolution,"MCS remnants, outflow, MCV, or cold-pool processes were central to the risk placement or storm evolution described in the outlook excerpts.","The 2010-06-27 Day 1 risk focused on cold front with clusters/multicells, bowing MCS / forward-propagating complex. Outlooks and attached MD context favored a derecho or serial mcs wind regime, with damaging winds, isolated tornadoes, large to very large hail as the dominant hazards. Key uncertainties involved prior convection, ofb placement, instability recovery."
2010-06-28,ENH_EQ,mcv_mcs_outflow_reintensification,core,damaging winds,organized severe thunderstorms,cold front|outflow/effective boundary|remnant MCS/MCV or cold pool|prefrontal trough/confluence,ofb_placement|instability_recovery|cap_conditional|mcv_track|boundary_interaction|nocturnal_evolution|moisture_quality,"MCS remnants, outflow, MCV, or cold-pool processes were central to the risk placement or storm evolution described in the outlook excerpts.","The 2010-06-28 Day 1 risk focused on cold front with organized severe thunderstorms. Outlooks and attached MD context favored a mcv mcs outflow reintensification regime, with damaging winds as the dominant hazards. Key uncertainties involved ofb placement, instability recovery, cap conditional."
2010-07-01,ENH_EQ,mixed_discrete_to_qlcs_outbreak,likely,tornadoes|damaging winds|large to very large hail,discrete to semi-discrete supercells|clusters/multicells|bowing MCS / forward-propagating complex|elevated/nocturnal convection,cold front|warm front,instability_recovery|cap_conditional|mode_transition|mcs_timing|boundary_interaction|nocturnal_evolution|moisture_quality,"MCS/outflow processes were evident, but synoptic fronts, the dryline, or instability gradients shared control of the ENH+ corridor.","The 2010-07-01 Day 1 risk focused on cold front with discrete to semi-discrete supercells, clusters/multicells. Outlooks and attached MD context favored a mixed discrete to qlcs outbreak regime, with tornadoes, damaging winds, large to very large hail as the dominant hazards. Key uncertainties involved instability recovery, cap conditional, mode transition."
2010-07-12,ENH_EQ,derecho_or_serial_mcs_wind,core,damaging winds|tornadoes|large to very large hail,discrete to semi-discrete supercells|clusters/multicells|bowing MCS / forward-propagating complex|elevated/nocturnal convection,cold front|warm front|outflow/effective boundary|remnant MCS/MCV or cold pool,ofb_placement|instability_recovery|cap_conditional|mode_transition|mcs_timing|mcv_track|boundary_interaction|model_guidance_mismatch,"MCS remnants, outflow, MCV, or cold-pool processes were central to the risk placement or storm evolution described in the outlook excerpts.","The 2010-07-12 Day 1 risk focused on cold front with discrete to semi-discrete supercells, clusters/multicells. Outlooks and attached MD context favored a derecho or serial mcs wind regime, with damaging winds, tornadoes, large to very large hail as the dominant hazards. Key uncertainties involved ofb placement, instability recovery, cap conditional."
2010-07-13,ENH_EQ,warm_front_baroclinic_tornado,likely,tornadoes|damaging winds|large to very large hail,discrete to semi-discrete supercells|clusters/multicells|bowing MCS / forward-propagating complex|elevated/nocturnal convection,cold front|warm front|remnant MCS/MCV or cold pool,instability_recovery|cap_conditional|mode_transition|mcs_timing|mcv_track|boundary_interaction|model_guidance_mismatch|nocturnal_evolution,"MCS/outflow processes were evident, but synoptic fronts, the dryline, or instability gradients shared control of the ENH+ corridor.","The 2010-07-13 Day 1 risk focused on cold front with discrete to semi-discrete supercells, clusters/multicells. Outlooks and attached MD context favored a warm front baroclinic tornado regime, with tornadoes, damaging winds, large to very large hail as the dominant hazards. Key uncertainties involved instability recovery, cap conditional, mode transition."
2010-07-14,MDT,mixed_discrete_to_qlcs_outbreak,likely,tornadoes|large to very large hail,discrete to semi-discrete supercells|clusters/multicells|QLCS/squall-line segments|bowing MCS / forward-propagating complex|elevated/nocturnal convection,cold front|warm front|outflow/effective boundary|upslope/high terrain focus,prior_convection|ofb_placement|instability_recovery|cap_conditional|mode_transition|mcs_timing|boundary_interaction|nocturnal_evolution,"MCS/outflow processes were evident, but synoptic fronts, the dryline, or instability gradients shared control of the ENH+ corridor.","The 2010-07-14 Day 1 risk focused on cold front with discrete to semi-discrete supercells, clusters/multicells. Outlooks and attached MD context favored a mixed discrete to qlcs outbreak regime, with tornadoes, large to very large hail as the dominant hazards. Key uncertainties involved prior convection, ofb placement, instability recovery."
2010-07-17,MDT,derecho_or_serial_mcs_wind,core,damaging winds|tornadoes|large to very large hail,discrete to semi-discrete supercells|clusters/multicells|bowing MCS / forward-propagating complex|elevated/nocturnal convection,cold front|warm front|outflow/effective boundary,prior_convection|ofb_placement|instability_recovery|cap_conditional|mode_transition|mcs_timing|boundary_interaction|model_guidance_mismatch,"MCS remnants, outflow, MCV, or cold-pool processes were central to the risk placement or storm evolution described in the outlook excerpts.","The 2010-07-17 Day 1 risk focused on cold front with discrete to semi-discrete supercells, clusters/multicells. Outlooks and attached MD context favored a derecho or serial mcs wind regime, with damaging winds, tornadoes, large to very large hail as the dominant hazards. Key uncertainties involved prior convection, ofb placement, instability recovery."
2010-07-18,ENH_EQ,mcv_mcs_outflow_reintensification,core,damaging winds|tornadoes|large to very large hail,clusters/multicells|bowing MCS / forward-propagating complex|elevated/nocturnal convection,cold front|warm front|outflow/effective boundary|remnant MCS/MCV or cold pool|upslope/high terrain focus,ofb_placement|instability_recovery|cap_conditional|mcs_timing|mcv_track|boundary_interaction|model_guidance_mismatch|nocturnal_evolution,"MCS remnants, outflow, MCV, or cold-pool processes were central to the risk placement or storm evolution described in the outlook excerpts.","The 2010-07-18 Day 1 risk focused on cold front with clusters/multicells, bowing MCS / forward-propagating complex. Outlooks and attached MD context favored a mcv mcs outflow reintensification regime, with damaging winds, tornadoes, large to very large hail as the dominant hazards. Key uncertainties involved ofb placement, instability recovery, cap conditional."
2010-07-19,MDT,derecho_or_serial_mcs_wind,core,damaging winds|isolated tornadoes|large to very large hail,discrete to semi-discrete supercells|clusters/multicells|bowing MCS / forward-propagating complex|elevated/nocturnal convection,cold front|outflow/effective boundary|upslope/high terrain focus,prior_convection|ofb_placement|instability_recovery|cap_conditional|mode_transition|mcs_timing|boundary_interaction|nocturnal_evolution,"MCS remnants, outflow, MCV, or cold-pool processes were central to the risk placement or storm evolution described in the outlook excerpts.","The 2010-07-19 Day 1 risk focused on cold front with discrete to semi-discrete supercells, clusters/multicells. Outlooks and attached MD context favored a derecho or serial mcs wind regime, with damaging winds, isolated tornadoes, large to very large hail as the dominant hazards. Key uncertainties involved prior convection, ofb placement, instability recovery."
2010-07-20,ENH_EQ,derecho_or_serial_mcs_wind,core,damaging winds|isolated tornadoes|large to very large hail,discrete to semi-discrete supercells|clusters/multicells|bowing MCS / forward-propagating complex,cold front|warm front|stationary/quasi-stationary boundary|outflow/effective boundary|upslope/high terrain focus,ofb_placement|instability_recovery|cap_conditional|mode_transition|mcs_timing|boundary_interaction|model_guidance_mismatch|nocturnal_evolution,"MCS remnants, outflow, MCV, or cold-pool processes were central to the risk placement or storm evolution described in the outlook excerpts.","The 2010-07-20 Day 1 risk focused on cold front with discrete to semi-discrete supercells, clusters/multicells. Outlooks and attached MD context favored a derecho or serial mcs wind regime, with damaging winds, isolated tornadoes, large to very large hail as the dominant hazards. Key uncertainties involved ofb placement, instability recovery, cap conditional."
2010-07-21,MDT,derecho_or_serial_mcs_wind,core,damaging winds|tornadoes|large to very large hail,discrete to semi-discrete supercells|clusters/multicells|QLCS/squall-line segments|bowing MCS / forward-propagating complex|elevated/nocturnal convection,cold front|warm front|outflow/effective boundary|remnant MCS/MCV or cold pool|upslope/high terrain focus,prior_convection|ofb_placement|instability_recovery|cap_conditional|mode_transition|mcs_timing|mcv_track|boundary_interaction,"MCS remnants, outflow, MCV, or cold-pool processes were central to the risk placement or storm evolution described in the outlook excerpts.","The 2010-07-21 Day 1 risk focused on cold front with discrete to semi-discrete supercells, clusters/multicells. Outlooks and attached MD context favored a derecho or serial mcs wind regime, with damaging winds, tornadoes, large to very large hail as the dominant hazards. Key uncertainties involved prior convection, ofb placement, instability recovery."
2010-07-22,ENH_EQ,warm_front_baroclinic_tornado,likely,tornadoes|damaging winds|large to very large hail,discrete to semi-discrete supercells|clusters/multicells|bowing MCS / forward-propagating complex|elevated/nocturnal convection,warm front|outflow/effective boundary|remnant MCS/MCV or cold pool,prior_convection|ofb_placement|instability_recovery|cap_conditional|mcs_timing|mcv_track|boundary_interaction|model_guidance_mismatch,"MCS/outflow processes were evident, but synoptic fronts, the dryline, or instability gradients shared control of the ENH+ corridor.","The 2010-07-22 Day 1 risk focused on warm front with discrete to semi-discrete supercells, clusters/multicells. Outlooks and attached MD context favored a warm front baroclinic tornado regime, with tornadoes, damaging winds, large to very large hail as the dominant hazards. Key uncertainties involved prior convection, ofb placement, instability recovery."
2010-07-23,ENH_EQ,mixed_discrete_to_qlcs_outbreak,likely,tornadoes|damaging winds|large to very large hail,discrete to semi-discrete supercells|clusters/multicells|bowing MCS / forward-propagating complex|elevated/nocturnal convection,cold front|warm front|outflow/effective boundary|prefrontal trough/confluence,prior_convection|ofb_placement|instability_recovery|cap_conditional|mode_transition|mcs_timing|boundary_interaction|nocturnal_evolution,"MCS/outflow processes were evident, but synoptic fronts, the dryline, or instability gradients shared control of the ENH+ corridor.","The 2010-07-23 Day 1 risk focused on cold front with discrete to semi-discrete supercells, clusters/multicells. Outlooks and attached MD context favored a mixed discrete to qlcs outbreak regime, with tornadoes, damaging winds, large to very large hail as the dominant hazards. Key uncertainties involved prior convection, ofb placement, instability recovery."
2010-07-24,ENH_EQ,mixed_discrete_to_qlcs_outbreak,likely,tornadoes|damaging winds|large to very large hail,discrete to semi-discrete supercells|clusters/multicells|QLCS/squall-line segments|bowing MCS / forward-propagating complex|elevated/nocturnal convection,cold front|warm front|stationary/quasi-stationary boundary|outflow/effective boundary|remnant MCS/MCV or cold pool,ofb_placement|instability_recovery|cap_conditional|mode_transition|mcs_timing|mcv_track|boundary_interaction|nocturnal_evolution,"MCS/outflow processes were evident, but synoptic fronts, the dryline, or instability gradients shared control of the ENH+ corridor.","The 2010-07-24 Day 1 risk focused on cold front with discrete to semi-discrete supercells, clusters/multicells. Outlooks and attached MD context favored a mixed discrete to qlcs outbreak regime, with tornadoes, damaging winds, large to very large hail as the dominant hazards. Key uncertainties involved ofb placement, instability recovery, cap conditional."
2010-07-25,ENH_EQ,derecho_or_serial_mcs_wind,core,damaging winds|isolated tornadoes|large to very large hail,discrete to semi-discrete supercells|clusters/multicells|QLCS/squall-line segments|bowing MCS / forward-propagating complex|elevated/nocturnal convection,cold front|outflow/effective boundary|remnant MCS/MCV or cold pool|prefrontal trough/confluence,ofb_placement|instability_recovery|cap_conditional|mode_transition|mcv_track|boundary_interaction|moisture_quality,"MCS remnants, outflow, MCV, or cold-pool processes were central to the risk placement or storm evolution described in the outlook excerpts.","The 2010-07-25 Day 1 risk focused on cold front with discrete to semi-discrete supercells, clusters/multicells. Outlooks and attached MD context favored a derecho or serial mcs wind regime, with damaging winds, isolated tornadoes, large to very large hail as the dominant hazards. Key uncertainties involved ofb placement, instability recovery, cap conditional."
2010-07-26,ENH_EQ,derecho_or_serial_mcs_wind,core,damaging winds|isolated tornadoes|large to very large hail,discrete to semi-discrete supercells|clusters/multicells|QLCS/squall-line segments|bowing MCS / forward-propagating complex|elevated/nocturnal convection,cold front|outflow/effective boundary|remnant MCS/MCV or cold pool,ofb_placement|instability_recovery|cap_conditional|mode_transition|mcs_timing|mcv_track|boundary_interaction|nocturnal_evolution,"MCS remnants, outflow, MCV, or cold-pool processes were central to the risk placement or storm evolution described in the outlook excerpts.","The 2010-07-26 Day 1 risk focused on cold front with discrete to semi-discrete supercells, clusters/multicells. Outlooks and attached MD context favored a derecho or serial mcs wind regime, with damaging winds, isolated tornadoes, large to very large hail as the dominant hazards. Key uncertainties involved ofb placement, instability recovery, cap conditional."
2010-07-27,ENH_EQ,mixed_discrete_to_qlcs_outbreak,likely,tornadoes|damaging winds|large to very large hail,discrete to semi-discrete supercells|clusters/multicells|QLCS/squall-line segments|bowing MCS / forward-propagating complex|elevated/nocturnal convection,cold front|warm front|outflow/effective boundary,prior_convection|ofb_placement|instability_recovery|cap_conditional|mode_transition|mcs_timing|boundary_interaction|model_guidance_mismatch,"MCS/outflow processes were evident, but synoptic fronts, the dryline, or instability gradients shared control of the ENH+ corridor.","The 2010-07-27 Day 1 risk focused on cold front with discrete to semi-discrete supercells, clusters/multicells. Outlooks and attached MD context favored a mixed discrete to qlcs outbreak regime, with tornadoes, damaging winds, large to very large hail as the dominant hazards. Key uncertainties involved prior convection, ofb placement, instability recovery."
2010-07-28,ENH_EQ,derecho_or_serial_mcs_wind,core,damaging winds|large to very large hail,discrete to semi-discrete supercells|clusters/multicells|QLCS/squall-line segments|bowing MCS / forward-propagating complex|elevated/nocturnal convection,cold front|outflow/effective boundary|upslope/high terrain focus,ofb_placement|instability_recovery|cap_conditional|mode_transition|boundary_interaction|nocturnal_evolution|moisture_quality,"MCS remnants, outflow, MCV, or cold-pool processes were central to the risk placement or storm evolution described in the outlook excerpts.","The 2010-07-28 Day 1 risk focused on cold front with discrete to semi-discrete supercells, clusters/multicells. Outlooks and attached MD context favored a derecho or serial mcs wind regime, with damaging winds, large to very large hail as the dominant hazards. Key uncertainties involved ofb placement, instability recovery, cap conditional."
2010-08-01,ENH_EQ,warm_front_baroclinic_tornado,likely,isolated tornadoes|damaging winds|large to very large hail,discrete to semi-discrete supercells|clusters/multicells|bowing MCS / forward-propagating complex,warm front|outflow/effective boundary,ofb_placement|instability_recovery|cap_conditional|mcs_timing|boundary_interaction|moisture_quality,"MCS/outflow processes were evident, but synoptic fronts, the dryline, or instability gradients shared control of the ENH+ corridor.","The 2010-08-01 Day 1 risk focused on warm front with discrete to semi-discrete supercells, clusters/multicells. Outlooks and attached MD context favored a warm front baroclinic tornado regime, with isolated tornadoes, damaging winds, large to very large hail as the dominant hazards. Key uncertainties involved ofb placement, instability recovery, cap conditional."
2010-08-02,ENH_EQ,mcv_mcs_outflow_reintensification,core,damaging winds|large to very large hail,discrete to semi-discrete supercells|clusters/multicells|bowing MCS / forward-propagating complex|elevated/nocturnal convection,warm front|stationary/quasi-stationary boundary|outflow/effective boundary,ofb_placement|instability_recovery|cap_conditional|mcs_timing|boundary_interaction|model_guidance_mismatch|nocturnal_evolution|moisture_quality,"MCS remnants, outflow, MCV, or cold-pool processes were central to the risk placement or storm evolution described in the outlook excerpts.","The 2010-08-02 Day 1 risk focused on warm front with discrete to semi-discrete supercells, clusters/multicells. Outlooks and attached MD context favored a mcv mcs outflow reintensification regime, with damaging winds, large to very large hail as the dominant hazards. Key uncertainties involved ofb placement, instability recovery, cap conditional."
2010-08-03,ENH_EQ,mcv_mcs_outflow_reintensification,core,damaging winds|isolated tornadoes|large to very large hail,discrete to semi-discrete supercells|clusters/multicells|bowing MCS / forward-propagating complex|elevated/nocturnal convection,warm front|outflow/effective boundary|upslope/high terrain focus,prior_convection|ofb_placement|instability_recovery|cap_conditional|mode_transition|mcs_timing|boundary_interaction|nocturnal_evolution,"MCS remnants, outflow, MCV, or cold-pool processes were central to the risk placement or storm evolution described in the outlook excerpts.","The 2010-08-03 Day 1 risk focused on warm front with discrete to semi-discrete supercells, clusters/multicells. Outlooks and attached MD context favored a mcv mcs outflow reintensification regime, with damaging winds, isolated tornadoes, large to very large hail as the dominant hazards. Key uncertainties involved prior convection, ofb placement, instability recovery."
2010-08-05,ENH_EQ,mcv_mcs_outflow_reintensification,core,damaging winds|large to very large hail,discrete to semi-discrete supercells|clusters/multicells|QLCS/squall-line segments|bowing MCS / forward-propagating complex,cold front|outflow/effective boundary|prefrontal trough/confluence,prior_convection|ofb_placement|instability_recovery|cap_conditional|mode_transition|mcs_timing|boundary_interaction|model_guidance_mismatch,"MCS remnants, outflow, MCV, or cold-pool processes were central to the risk placement or storm evolution described in the outlook excerpts.","The 2010-08-05 Day 1 risk focused on cold front with discrete to semi-discrete supercells, clusters/multicells. Outlooks and attached MD context favored a mcv mcs outflow reintensification regime, with damaging winds, large to very large hail as the dominant hazards. Key uncertainties involved prior convection, ofb placement, instability recovery."
2010-08-06,ENH_EQ,derecho_or_serial_mcs_wind,core,damaging winds|isolated tornadoes|large to very large hail,discrete to semi-discrete supercells|clusters/multicells|QLCS/squall-line segments|bowing MCS / forward-propagating complex,cold front,instability_recovery|cap_conditional|mode_transition|boundary_interaction|moisture_quality|storm_coverage_uncertain,"MCS remnants, outflow, MCV, or cold-pool processes were central to the risk placement or storm evolution described in the outlook excerpts.","The 2010-08-06 Day 1 risk focused on cold front with discrete to semi-discrete supercells, clusters/multicells. Outlooks and attached MD context favored a derecho or serial mcs wind regime, with damaging winds, isolated tornadoes, large to very large hail as the dominant hazards. Key uncertainties involved instability recovery, cap conditional, mode transition."
2010-08-07,ENH_EQ,derecho_or_serial_mcs_wind,likely,damaging winds|tornadoes|large to very large hail,discrete to semi-discrete supercells|clusters/multicells|bowing MCS / forward-propagating complex|elevated/nocturnal convection,warm front|outflow/effective boundary,ofb_placement|instability_recovery|cap_conditional|mode_transition|mcs_timing|boundary_interaction|model_guidance_mismatch|nocturnal_evolution,"MCS/outflow processes were evident, but synoptic fronts, the dryline, or instability gradients shared control of the ENH+ corridor.","The 2010-08-07 Day 1 risk focused on warm front with discrete to semi-discrete supercells, clusters/multicells. Outlooks and attached MD context favored a derecho or serial mcs wind regime, with damaging winds, tornadoes, large to very large hail as the dominant hazards. Key uncertainties involved ofb placement, instability recovery, cap conditional."
2010-08-12,ENH_EQ,derecho_or_serial_mcs_wind,core,damaging winds|tornadoes|large to very large hail,discrete to semi-discrete supercells|clusters/multicells|bowing MCS / forward-propagating complex|elevated/nocturnal convection,synoptic ascent and mesoscale instability gradients,instability_recovery|cap_conditional|mode_transition|mcs_timing|boundary_interaction|moisture_quality|storm_coverage_uncertain,"MCS remnants, outflow, MCV, or cold-pool processes were central to the risk placement or storm evolution described in the outlook excerpts.","The 2010-08-12 Day 1 risk focused on synoptic ascent and mesoscale instability gradients with discrete to semi-discrete supercells, clusters/multicells. Outlooks and attached MD context favored a derecho or serial mcs wind regime, with damaging winds, tornadoes, large to very large hail as the dominant hazards. Key uncertainties involved instability recovery, cap conditional, mode transition."
2010-08-13,ENH_EQ,mcv_mcs_outflow_reintensification,core,damaging winds|isolated tornadoes|large to very large hail,discrete to semi-discrete supercells|clusters/multicells|bowing MCS / forward-propagating complex|elevated/nocturnal convection,cold front|warm front|outflow/effective boundary,ofb_placement|instability_recovery|cap_conditional|mode_transition|mcs_timing|boundary_interaction|nocturnal_evolution|moisture_quality,"MCS remnants, outflow, MCV, or cold-pool processes were central to the risk placement or storm evolution described in the outlook excerpts.","The 2010-08-13 Day 1 risk focused on cold front with discrete to semi-discrete supercells, clusters/multicells. Outlooks and attached MD context favored a mcv mcs outflow reintensification regime, with damaging winds, isolated tornadoes, large to very large hail as the dominant hazards. Key uncertainties involved ofb placement, instability recovery, cap conditional."
2010-09-01,ENH_EQ,qlcs_bowing_wind_tornado,likely,isolated tornadoes|damaging winds|large to very large hail,discrete to semi-discrete supercells|bowing MCS / forward-propagating complex|elevated/nocturnal convection,cold front|outflow/effective boundary,ofb_placement|instability_recovery|cap_conditional|mcs_timing|boundary_interaction|model_guidance_mismatch|nocturnal_evolution|moisture_quality,"MCS/outflow processes were evident, but synoptic fronts, the dryline, or instability gradients shared control of the ENH+ corridor.","The 2010-09-01 Day 1 risk focused on cold front with discrete to semi-discrete supercells, bowing MCS / forward-propagating complex. Outlooks and attached MD context favored a qlcs bowing wind tornado regime, with isolated tornadoes, damaging winds, large to very large hail as the dominant hazards. Key uncertainties involved ofb placement, instability recovery, cap conditional."
2010-09-02,ENH_EQ,derecho_or_serial_mcs_wind,likely,damaging winds|large to very large hail,clusters/multicells|bowing MCS / forward-propagating complex|elevated/nocturnal convection,dryline|cold front|outflow/effective boundary,ofb_placement|instability_recovery|cap_conditional|mode_transition|mcs_timing|boundary_interaction|nocturnal_evolution|moisture_quality,"MCS/outflow processes were evident, but synoptic fronts, the dryline, or instability gradients shared control of the ENH+ corridor.","The 2010-09-02 Day 1 risk focused on dryline with clusters/multicells, bowing MCS / forward-propagating complex. Outlooks and attached MD context favored a derecho or serial mcs wind regime, with damaging winds, large to very large hail as the dominant hazards. Key uncertainties involved ofb placement, instability recovery, cap conditional."
2010-09-13,ENH_EQ,forward_propagating_mcs_wind,likely,damaging winds|tornadoes|large to very large hail,discrete to semi-discrete supercells|clusters/multicells|bowing MCS / forward-propagating complex|elevated/nocturnal convection,stationary/quasi-stationary boundary|outflow/effective boundary,prior_convection|ofb_placement|instability_recovery|cap_conditional|mode_transition|mcs_timing|boundary_interaction|model_guidance_mismatch,"MCS/outflow processes were evident, but synoptic fronts, the dryline, or instability gradients shared control of the ENH+ corridor.","The 2010-09-13 Day 1 risk focused on stationary/quasi-stationary boundary with discrete to semi-discrete supercells, clusters/multicells. Outlooks and attached MD context favored a forward propagating mcs wind regime, with damaging winds, tornadoes, large to very large hail as the dominant hazards. Key uncertainties involved prior convection, ofb placement, instability recovery."
2010-09-15,ENH_EQ,mixed_discrete_to_qlcs_outbreak,likely,tornadoes|damaging winds|large to very large hail,discrete to semi-discrete supercells|clusters/multicells|QLCS/squall-line segments|bowing MCS / forward-propagating complex|elevated/nocturnal convection,cold front|warm front|outflow/effective boundary,ofb_placement|instability_recovery|cap_conditional|mode_transition|mcs_timing|boundary_interaction|model_guidance_mismatch|nocturnal_evolution,"MCS/outflow processes were evident, but synoptic fronts, the dryline, or instability gradients shared control of the ENH+ corridor.","The 2010-09-15 Day 1 risk focused on cold front with discrete to semi-discrete supercells, clusters/multicells. Outlooks and attached MD context favored a mixed discrete to qlcs outbreak regime, with tornadoes, damaging winds, large to very large hail as the dominant hazards. Key uncertainties involved ofb placement, instability recovery, cap conditional."
2010-10-21,ENH_EQ,high_plains_upslope_supercells,likely,isolated tornadoes|large to very large hail,discrete to semi-discrete supercells|bowing MCS / forward-propagating complex,outflow/effective boundary|upslope/high terrain focus,ofb_placement|instability_recovery|cap_conditional|mode_transition|mcs_timing|nocturnal_evolution|storm_coverage_uncertain,"MCS/outflow processes were evident, but synoptic fronts, the dryline, or instability gradients shared control of the ENH+ corridor.","The 2010-10-21 Day 1 risk focused on outflow/effective boundary with discrete to semi-discrete supercells, bowing MCS / forward-propagating complex. Outlooks and attached MD context favored a high plains upslope supercells regime, with isolated tornadoes, large to very large hail as the dominant hazards. Key uncertainties involved ofb placement, instability recovery, cap conditional."
2010-10-23,ENH_EQ,warm_front_baroclinic_tornado,likely,tornadoes|damaging winds|large to very large hail,discrete to semi-discrete supercells|QLCS/squall-line segments|bowing MCS / forward-propagating complex|elevated/nocturnal convection,warm front|remnant MCS/MCV or cold pool,instability_recovery|cap_conditional|mcv_track|boundary_interaction|model_guidance_mismatch|nocturnal_evolution|moisture_quality|storm_coverage_uncertain,"MCS/outflow processes were evident, but synoptic fronts, the dryline, or instability gradients shared control of the ENH+ corridor.","The 2010-10-23 Day 1 risk focused on warm front with discrete to semi-discrete supercells, QLCS/squall-line segments. Outlooks and attached MD context favored a warm front baroclinic tornado regime, with tornadoes, damaging winds, large to very large hail as the dominant hazards. Key uncertainties involved instability recovery, cap conditional, mcv track."
2010-10-24,ENH_EQ,mixed_discrete_to_qlcs_outbreak,likely,tornadoes|damaging winds|large to very large hail,discrete to semi-discrete supercells|clusters/multicells|bowing MCS / forward-propagating complex|elevated/nocturnal convection,cold front|warm front|outflow/effective boundary|prefrontal trough/confluence,ofb_placement|instability_recovery|cap_conditional|mode_transition|boundary_interaction|model_guidance_mismatch|nocturnal_evolution|storm_coverage_uncertain,"MCS/outflow processes were evident, but synoptic fronts, the dryline, or instability gradients shared control of the ENH+ corridor.","The 2010-10-24 Day 1 risk focused on cold front with discrete to semi-discrete supercells, clusters/multicells. Outlooks and attached MD context favored a mixed discrete to qlcs outbreak regime, with tornadoes, damaging winds, large to very large hail as the dominant hazards. Key uncertainties involved ofb placement, instability recovery, cap conditional."
2010-10-25,MDT,derecho_or_serial_mcs_wind,core,damaging winds|tornadoes|large to very large hail,discrete to semi-discrete supercells|clusters/multicells|QLCS/squall-line segments|bowing MCS / forward-propagating complex|elevated/nocturnal convection,cold front|outflow/effective boundary,prior_convection|ofb_placement|instability_recovery|cap_conditional|mode_transition|boundary_interaction|model_guidance_mismatch|nocturnal_evolution,"MCS remnants, outflow, MCV, or cold-pool processes were central to the risk placement or storm evolution described in the outlook excerpts.","The 2010-10-25 Day 1 risk focused on cold front with discrete to semi-discrete supercells, clusters/multicells. Outlooks and attached MD context favored a derecho or serial mcs wind regime, with damaging winds, tornadoes, large to very large hail as the dominant hazards. Key uncertainties involved prior convection, ofb placement, instability recovery."
2010-10-27,ENH_EQ,multi_region_multi_mode,likely,tornadoes|damaging winds,discrete to semi-discrete supercells|bowing MCS / forward-propagating complex,cold front|warm front|outflow/effective boundary,ofb_placement|instability_recovery|cap_conditional|boundary_interaction|moisture_quality,"MCS/outflow processes were evident, but synoptic fronts, the dryline, or instability gradients shared control of the ENH+ corridor.","The 2010-10-27 Day 1 risk focused on cold front with discrete to semi-discrete supercells, bowing MCS / forward-propagating complex. Outlooks and attached MD context favored a multi region multi mode regime, with tornadoes, damaging winds as the dominant hazards. Key uncertainties involved ofb placement, instability recovery, cap conditional."
2010-11-29,ENH_EQ,dryline_supercell_hail_tornado,likely,tornadoes|damaging winds|large to very large hail,discrete to semi-discrete supercells|elevated/nocturnal convection,dryline|cold front|warm front|outflow/effective boundary,ofb_placement|instability_recovery|cap_conditional|mode_transition|boundary_interaction|model_guidance_mismatch|nocturnal_evolution|moisture_quality,"MCS/outflow processes were evident, but synoptic fronts, the dryline, or instability gradients shared control of the ENH+ corridor.","The 2010-11-29 Day 1 risk focused on dryline with discrete to semi-discrete supercells, elevated/nocturnal convection. Outlooks and attached MD context favored a dryline supercell hail tornado regime, with tornadoes, damaging winds, large to very large hail as the dominant hazards. Key uncertainties involved ofb placement, instability recovery, cap conditional."
2011-01-25,ENH_EQ,qlcs_bowing_wind_tornado,likely,damaging winds,discrete to clustered supercells|squall line/QLCS with embedded bows|MCS clusters and forward-propagating segments,advancing cold front or frontal surge|remnant MCV and associated mesoscale ascent|prefrontal trough/confluence band,ofb_placement|instability_recovery|cap_conditional|mode_transition|mcs_timing|mcv_track|boundary_interaction|model_guidance_mismatch,"Prior/ongoing convection and its outflow or cold pool materially shaped the risk corridor, storm initiation, and mode.","2011-01-25 was an ENH_EQ convective day best classified as qlcs_bowing_wind_tornado, with the severe corridor focused by advancing cold front or frontal surge, remnant MCV and associated mesoscale ascent. The expected/observed evolution favored discrete to clustered supercells, squall line/QLCS with embedded bows, making damaging winds the dominant hazards. Prior convection, outflow, or cold-pool placement was an important part of the forecast evolution."
2011-03-26,MDT,elevated_nocturnal_hail_mcs,likely,tornadoes|damaging winds|large hail,discrete to clustered supercells|elevated/nocturnal convection,advancing cold front or frontal surge|warm front/baroclinic zone|outflow boundary or remnant convective boundary,prior_convection|ofb_placement|instability_recovery|cap_conditional|boundary_interaction|model_guidance_mismatch|nocturnal_evolution|moisture_quality,"Prior/ongoing convection and its outflow or cold pool materially shaped the risk corridor, storm initiation, and mode.","2011-03-26 was a MDT convective day best classified as elevated_nocturnal_hail_mcs, with the severe corridor focused by advancing cold front or frontal surge, warm front/baroclinic zone. The expected/observed evolution favored discrete to clustered supercells, elevated/nocturnal convection, making tornadoes, damaging winds, large hail the dominant hazards. Prior convection, outflow, or cold-pool placement was an important part of the forecast evolution."
2011-03-27,ENH_EQ,elevated_nocturnal_hail_mcs,likely,damaging winds|large hail,discrete to clustered supercells|elevated/nocturnal convection,outflow boundary or remnant convective boundary|prefrontal trough/confluence band,ofb_placement|instability_recovery|cap_conditional|model_guidance_mismatch|nocturnal_evolution|moisture_quality|storm_coverage_uncertain,"Prior/ongoing convection and its outflow or cold pool materially shaped the risk corridor, storm initiation, and mode.","2011-03-27 was an ENH_EQ convective day best classified as elevated_nocturnal_hail_mcs, with the severe corridor focused by outflow boundary or remnant convective boundary, prefrontal trough/confluence band. The expected/observed evolution favored discrete to clustered supercells, elevated/nocturnal convection, making damaging winds, large hail the dominant hazards. Prior convection, outflow, or cold-pool placement was an important part of the forecast evolution."
2011-03-31,ENH_EQ,qlcs_bowing_wind_tornado,likely,damaging winds,discrete to clustered supercells|squall line/QLCS with embedded bows|elevated/nocturnal convection,outflow boundary or remnant convective boundary,prior_convection|ofb_placement|instability_recovery|cap_conditional|mode_transition|nocturnal_evolution,"Prior/ongoing convection and its outflow or cold pool materially shaped the risk corridor, storm initiation, and mode.","2011-03-31 was an ENH_EQ convective day best classified as qlcs_bowing_wind_tornado, with the severe corridor focused by outflow boundary or remnant convective boundary. The expected/observed evolution favored discrete to clustered supercells, squall line/QLCS with embedded bows, making damaging winds the dominant hazards. Prior convection, outflow, or cold-pool placement was an important part of the forecast evolution."
2011-04-11,MDT,derecho_or_serial_mcs_wind,likely,damaging winds|tornadoes,discrete to clustered supercells|squall line/QLCS with embedded bows|MCS clusters and forward-propagating segments,advancing cold front or frontal surge|outflow boundary or remnant convective boundary|MCS cold pool/effective boundary,ofb_placement|instability_recovery|cap_conditional|mode_transition|mcs_timing|boundary_interaction|model_guidance_mismatch|nocturnal_evolution,"Prior/ongoing convection and its outflow or cold pool materially shaped the risk corridor, storm initiation, and mode.","2011-04-11 was a MDT convective day best classified as derecho_or_serial_mcs_wind, with the severe corridor focused by advancing cold front or frontal surge, outflow boundary or remnant convective boundary. The expected/observed evolution favored discrete to clustered supercells, squall line/QLCS with embedded bows, making tornadoes, damaging winds the dominant hazards. Prior convection, outflow, or cold-pool placement was an important part of the forecast evolution."
2011-04-15,MDT,warm_front_baroclinic_tornado,likely,tornadoes|damaging winds|large hail,discrete to clustered supercells|squall line/QLCS with embedded bows|MCS clusters and forward-propagating segments|elevated/nocturnal convection,advancing cold front or frontal surge|warm front/baroclinic zone|outflow boundary or remnant convective boundary,prior_convection|ofb_placement|instability_recovery|cap_conditional|mode_transition|mcs_timing|boundary_interaction|model_guidance_mismatch,"Prior/ongoing convection and its outflow or cold pool materially shaped the risk corridor, storm initiation, and mode.","2011-04-15 was a MDT convective day best classified as warm_front_baroclinic_tornado, with the severe corridor focused by advancing cold front or frontal surge, warm front/baroclinic zone. The expected/observed evolution favored discrete to clustered supercells, squall line/QLCS with embedded bows, making tornadoes, damaging winds, large hail the dominant hazards. Prior convection, outflow, or cold-pool placement was an important part of the forecast evolution."
2011-04-20,ENH_EQ,dryline_supercell_hail_tornado,likely,damaging winds|large hail,discrete to clustered supercells|MCS clusters and forward-propagating segments|elevated/nocturnal convection,dryline and adjacent warm-sector confluence|advancing cold front or frontal surge|warm front/baroclinic zone|outflow boundary or remnant convective boundary|prefrontal trough/confluence band|upslope/terrain circulation,prior_convection|ofb_placement|instability_recovery|cap_conditional|mcs_timing|boundary_interaction|model_guidance_mismatch|nocturnal_evolution,"Prior/ongoing convection and its outflow or cold pool materially shaped the risk corridor, storm initiation, and mode.","2011-04-20 was an ENH_EQ convective day best classified as dryline_supercell_hail_tornado, with the severe corridor focused by dryline and adjacent warm-sector confluence, advancing cold front or frontal surge. The expected/observed evolution favored discrete to clustered supercells, MCS clusters and forward-propagating segments, making damaging winds, large hail the dominant hazards. Prior convection, outflow, or cold-pool placement was an important part of the forecast evolution."
2011-04-21,ENH_EQ,dryline_supercell_hail_tornado,likely,large hail,discrete to clustered supercells|MCS clusters and forward-propagating segments|elevated/nocturnal convection,dryline and adjacent warm-sector confluence|warm front/baroclinic zone|outflow boundary or remnant convective boundary|MCS cold pool/effective boundary,prior_convection|ofb_placement|cap_conditional|mcs_timing|boundary_interaction|model_guidance_mismatch|nocturnal_evolution|moisture_quality,"Prior/ongoing convection and its outflow or cold pool materially shaped the risk corridor, storm initiation, and mode.","2011-04-21 was an ENH_EQ convective day best classified as dryline_supercell_hail_tornado, with the severe corridor focused by dryline and adjacent warm-sector confluence, warm front/baroclinic zone. The expected/observed evolution favored discrete to clustered supercells, MCS clusters and forward-propagating segments, making large hail the dominant hazards. Prior convection, outflow, or cold-pool placement was an important part of the forecast evolution."
2011-04-22,MDT,qlcs_bowing_wind_tornado,likely,tornadoes|damaging winds|large hail,discrete to clustered supercells|squall line/QLCS with embedded bows|MCS clusters and forward-propagating segments|elevated/nocturnal convection,dryline and adjacent warm-sector confluence|advancing cold front or frontal surge|warm front/baroclinic zone|outflow boundary or remnant convective boundary,prior_convection|ofb_placement|instability_recovery|cap_conditional|mode_transition|mcs_timing|boundary_interaction|nocturnal_evolution,"Prior/ongoing convection and its outflow or cold pool materially shaped the risk corridor, storm initiation, and mode.","2011-04-22 was a MDT convective day best classified as qlcs_bowing_wind_tornado, with the severe corridor focused by dryline and adjacent warm-sector confluence, advancing cold front or frontal surge. The expected/observed evolution favored discrete to clustered supercells, squall line/QLCS with embedded bows, making tornadoes, damaging winds, large hail the dominant hazards. Prior convection, outflow, or cold-pool placement was an important part of the forecast evolution."
2011-04-23,ENH_EQ,elevated_nocturnal_hail_mcs,likely,damaging winds|large hail,discrete to clustered supercells|MCS clusters and forward-propagating segments|elevated/nocturnal convection,advancing cold front or frontal surge|outflow boundary or remnant convective boundary|remnant MCV and associated mesoscale ascent,prior_convection|ofb_placement|instability_recovery|cap_conditional|mcs_timing|mcv_track|boundary_interaction|model_guidance_mismatch,"Prior/ongoing convection and its outflow or cold pool materially shaped the risk corridor, storm initiation, and mode.","2011-04-23 was an ENH_EQ convective day best classified as elevated_nocturnal_hail_mcs, with the severe corridor focused by advancing cold front or frontal surge, outflow boundary or remnant convective boundary. The expected/observed evolution favored discrete to clustered supercells, MCS clusters and forward-propagating segments, making damaging winds, large hail the dominant hazards. Prior convection, outflow, or cold-pool placement was an important part of the forecast evolution."
2011-04-24,ENH_EQ,mcv_mcs_outflow_reintensification,core,damaging winds|large hail,discrete to clustered supercells|MCS clusters and forward-propagating segments|elevated/nocturnal convection,dryline and adjacent warm-sector confluence|advancing cold front or frontal surge|outflow boundary or remnant convective boundary|remnant MCV and associated mesoscale ascent,prior_convection|ofb_placement|instability_recovery|cap_conditional|mcs_timing|mcv_track|boundary_interaction|model_guidance_mismatch,"Prior/ongoing convection and its outflow or cold pool materially shaped the risk corridor, storm initiation, and mode.","2011-04-24 was an ENH_EQ convective day best classified as mcv_mcs_outflow_reintensification, with the severe corridor focused by dryline and adjacent warm-sector confluence, advancing cold front or frontal surge. The expected/observed evolution favored discrete to clustered supercells, MCS clusters and forward-propagating segments, making damaging winds, large hail the dominant hazards. Prior convection, outflow, or cold-pool placement was an important part of the forecast evolution."
2011-04-25,MDT,qlcs_bowing_wind_tornado,core,tornadoes|damaging winds|large hail,discrete to clustered supercells|squall line/QLCS with embedded bows|MCS clusters and forward-propagating segments|elevated/nocturnal convection,dryline and adjacent warm-sector confluence|advancing cold front or frontal surge|warm front/baroclinic zone|outflow boundary or remnant convective boundary|MCS cold pool/effective boundary,prior_convection|ofb_placement|instability_recovery|cap_conditional|mode_transition|mcs_timing|boundary_interaction|model_guidance_mismatch,"Prior/ongoing convection and its outflow or cold pool materially shaped the risk corridor, storm initiation, and mode.","2011-04-25 was a MDT convective day best classified as qlcs_bowing_wind_tornado, with the severe corridor focused by dryline and adjacent warm-sector confluence, advancing cold front or frontal surge. The expected/observed evolution favored discrete to clustered supercells, squall line/QLCS with embedded bows, making tornadoes, damaging winds, large hail the dominant hazards. Prior convection, outflow, or cold-pool placement was an important part of the forecast evolution."
2011-04-26,HIGH,high_end_tornado_outbreak,likely,tornadoes|damaging winds|large hail,discrete to clustered supercells|squall line/QLCS with embedded bows|MCS clusters and forward-propagating segments,dryline and adjacent warm-sector confluence|warm front/baroclinic zone|outflow boundary or remnant convective boundary|MCS cold pool/effective boundary,prior_convection|ofb_placement|instability_recovery|cap_conditional|mode_transition|mcs_timing|boundary_interaction|model_guidance_mismatch,"Prior/ongoing convection and its outflow or cold pool materially shaped the risk corridor, storm initiation, and mode.","2011-04-26 was a HIGH convective day best classified as high_end_tornado_outbreak, with the severe corridor focused by dryline and adjacent warm-sector confluence, warm front/baroclinic zone. The expected/observed evolution favored discrete to clustered supercells, squall line/QLCS with embedded bows, making tornadoes, damaging winds, large hail the dominant hazards. Prior convection, outflow, or cold-pool placement was an important part of the forecast evolution."
2011-04-27,HIGH,high_end_tornado_outbreak,core,tornadoes|damaging winds|large hail,discrete to clustered supercells|squall line/QLCS with embedded bows|MCS clusters and forward-propagating segments|elevated/nocturnal convection,dryline and adjacent warm-sector confluence|advancing cold front or frontal surge|outflow boundary or remnant convective boundary|MCS cold pool/effective boundary|upslope/terrain circulation,prior_convection|ofb_placement|instability_recovery|cap_conditional|mode_transition|mcs_timing|boundary_interaction|model_guidance_mismatch,"Morning MCS remnants, a cold pool, and a remnant outflow boundary were explicitly tied to destabilization and the violent-tornado corridor.","2011-04-27 was a HIGH convective day best classified as high_end_tornado_outbreak, with the severe corridor focused by dryline and adjacent warm-sector confluence, advancing cold front or frontal surge. The expected/observed evolution favored discrete to clustered supercells, squall line/QLCS with embedded bows, making tornadoes, damaging winds, large hail the dominant hazards. Prior convection, outflow, or cold-pool placement was an important part of the forecast evolution."
2011-05-11,MDT,mcv_mcs_outflow_reintensification,core,tornadoes|damaging winds|large hail,discrete to clustered supercells|MCS clusters and forward-propagating segments|elevated/nocturnal convection,dryline and adjacent warm-sector confluence|warm front/baroclinic zone|outflow boundary or remnant convective boundary|remnant MCV and associated mesoscale ascent,prior_convection|ofb_placement|instability_recovery|cap_conditional|mcs_timing|mcv_track|boundary_interaction|model_guidance_mismatch,"Prior/ongoing convection and its outflow or cold pool materially shaped the risk corridor, storm initiation, and mode.","2011-05-11 was a MDT convective day best classified as mcv_mcs_outflow_reintensification, with the severe corridor focused by dryline and adjacent warm-sector confluence, warm front/baroclinic zone. The expected/observed evolution favored discrete to clustered supercells, MCS clusters and forward-propagating segments, making tornadoes, damaging winds, large hail the dominant hazards. Prior convection, outflow, or cold-pool placement was an important part of the forecast evolution."
2011-05-12,ENH_EQ,conditional_capped_supercells,likely,damaging winds|large hail,discrete to clustered supercells|MCS clusters and forward-propagating segments,advancing cold front or frontal surge|warm front/baroclinic zone|outflow boundary or remnant convective boundary,ofb_placement|instability_recovery|cap_conditional|mcs_timing|boundary_interaction|model_guidance_mismatch|nocturnal_evolution|storm_coverage_uncertain,"Prior/ongoing convection and its outflow or cold pool materially shaped the risk corridor, storm initiation, and mode.","2011-05-12 was an ENH_EQ convective day best classified as conditional_capped_supercells, with the severe corridor focused by advancing cold front or frontal surge, warm front/baroclinic zone. The expected/observed evolution favored discrete to clustered supercells, MCS clusters and forward-propagating segments, making damaging winds, large hail the dominant hazards. Prior convection, outflow, or cold-pool placement was an important part of the forecast evolution."
2011-05-19,MDT,dryline_supercell_hail_tornado,likely,tornadoes|damaging winds|large hail,discrete to clustered supercells|elevated/nocturnal convection,dryline and adjacent warm-sector confluence|warm front/baroclinic zone|outflow boundary or remnant convective boundary,prior_convection|ofb_placement|instability_recovery|cap_conditional|boundary_interaction|model_guidance_mismatch|nocturnal_evolution|moisture_quality,"Prior/ongoing convection and its outflow or cold pool materially shaped the risk corridor, storm initiation, and mode.","2011-05-19 was a MDT convective day best classified as dryline_supercell_hail_tornado, with the severe corridor focused by dryline and adjacent warm-sector confluence, warm front/baroclinic zone. The expected/observed evolution favored discrete to clustered supercells, elevated/nocturnal convection, making tornadoes, damaging winds, large hail the dominant hazards. Prior convection, outflow, or cold-pool placement was an important part of the forecast evolution."
2011-05-20,ENH_EQ,mcv_mcs_outflow_reintensification,core,damaging winds|large hail,discrete to clustered supercells|squall line/QLCS with embedded bows|MCS clusters and forward-propagating segments|elevated/nocturnal convection,advancing cold front or frontal surge|warm front/baroclinic zone|outflow boundary or remnant convective boundary|MCS cold pool/effective boundary,prior_convection|ofb_placement|instability_recovery|cap_conditional|mode_transition|mcs_timing|boundary_interaction|model_guidance_mismatch,"Prior/ongoing convection and its outflow or cold pool materially shaped the risk corridor, storm initiation, and mode.","2011-05-20 was an ENH_EQ convective day best classified as mcv_mcs_outflow_reintensification, with the severe corridor focused by advancing cold front or frontal surge, warm front/baroclinic zone. The expected/observed evolution favored discrete to clustered supercells, squall line/QLCS with embedded bows, making damaging winds, large hail the dominant hazards. Prior convection, outflow, or cold-pool placement was an important part of the forecast evolution."
2011-05-21,ENH_EQ,mcv_mcs_outflow_reintensification,core,damaging winds|large hail,discrete to clustered supercells|MCS clusters and forward-propagating segments|elevated/nocturnal convection,dryline and adjacent warm-sector confluence|advancing cold front or frontal surge|warm front/baroclinic zone|outflow boundary or remnant convective boundary|MCS cold pool/effective boundary|prefrontal trough/confluence band,prior_convection|ofb_placement|instability_recovery|cap_conditional|mcs_timing|boundary_interaction|model_guidance_mismatch|nocturnal_evolution,"Prior/ongoing convection and its outflow or cold pool materially shaped the risk corridor, storm initiation, and mode.","2011-05-21 was an ENH_EQ convective day best classified as mcv_mcs_outflow_reintensification, with the severe corridor focused by dryline and adjacent warm-sector confluence, advancing cold front or frontal surge. The expected/observed evolution favored discrete to clustered supercells, MCS clusters and forward-propagating segments, making damaging winds, large hail the dominant hazards. Prior convection, outflow, or cold-pool placement was an important part of the forecast evolution."
2011-05-22,MDT,classic_discrete_tornadic_supercells,core,tornadoes|damaging winds|large hail,discrete to clustered supercells|squall line/QLCS with embedded bows|MCS clusters and forward-propagating segments,dryline and adjacent warm-sector confluence|advancing cold front or frontal surge|warm front/baroclinic zone|outflow boundary or remnant convective boundary|MCS cold pool/effective boundary,prior_convection|ofb_placement|instability_recovery|cap_conditional|mode_transition|mcs_timing|boundary_interaction|model_guidance_mismatch,"Prior/ongoing convection and its outflow or cold pool materially shaped the risk corridor, storm initiation, and mode.","2011-05-22 was a MDT convective day best classified as classic_discrete_tornadic_supercells, with the severe corridor focused by dryline and adjacent warm-sector confluence, advancing cold front or frontal surge. The expected/observed evolution favored discrete to clustered supercells, squall line/QLCS with embedded bows, making tornadoes, damaging winds, large hail the dominant hazards. Prior convection, outflow, or cold-pool placement was an important part of the forecast evolution."
2011-05-23,MDT,derecho_or_serial_mcs_wind,core,damaging winds|large hail|tornadoes,discrete to clustered supercells|MCS clusters and forward-propagating segments,dryline and adjacent warm-sector confluence|advancing cold front or frontal surge|warm front/baroclinic zone|outflow boundary or remnant convective boundary|remnant MCV and associated mesoscale ascent,prior_convection|ofb_placement|instability_recovery|cap_conditional|mcs_timing|mcv_track|boundary_interaction|model_guidance_mismatch,"Prior/ongoing convection and its outflow or cold pool materially shaped the risk corridor, storm initiation, and mode.","2011-05-23 was a MDT convective day best classified as derecho_or_serial_mcs_wind, with the severe corridor focused by dryline and adjacent warm-sector confluence, advancing cold front or frontal surge. The expected/observed evolution favored discrete to clustered supercells, MCS clusters and forward-propagating segments, making tornadoes, damaging winds, large hail the dominant hazards. Prior convection, outflow, or cold-pool placement was an important part of the forecast evolution."
2011-05-24,HIGH,high_end_tornado_outbreak,likely,tornadoes|damaging winds|large hail,discrete to clustered supercells|MCS clusters and forward-propagating segments|elevated/nocturnal convection,dryline and adjacent warm-sector confluence|advancing cold front or frontal surge|warm front/baroclinic zone|outflow boundary or remnant convective boundary,prior_convection|ofb_placement|instability_recovery|cap_conditional|mcs_timing|boundary_interaction|model_guidance_mismatch|nocturnal_evolution,"Prior/ongoing convection and its outflow or cold pool materially shaped the risk corridor, storm initiation, and mode.","2011-05-24 was a HIGH convective day best classified as high_end_tornado_outbreak, with the severe corridor focused by dryline and adjacent warm-sector confluence, advancing cold front or frontal surge. The expected/observed evolution favored discrete to clustered supercells, MCS clusters and forward-propagating segments, making tornadoes, damaging winds, large hail the dominant hazards. Prior convection, outflow, or cold-pool placement was an important part of the forecast evolution."
2011-05-25,HIGH,mixed_discrete_to_qlcs_outbreak,likely,tornadoes|damaging winds|large hail,discrete to clustered supercells|squall line/QLCS with embedded bows,dryline and adjacent warm-sector confluence|advancing cold front or frontal surge|warm front/baroclinic zone|outflow boundary or remnant convective boundary,ofb_placement|instability_recovery|cap_conditional|mode_transition|boundary_interaction|model_guidance_mismatch|nocturnal_evolution|moisture_quality,"Prior/ongoing convection and its outflow or cold pool materially shaped the risk corridor, storm initiation, and mode.","2011-05-25 was a HIGH convective day best classified as mixed_discrete_to_qlcs_outbreak, with the severe corridor focused by dryline and adjacent warm-sector confluence, advancing cold front or frontal surge. The expected/observed evolution favored discrete to clustered supercells, squall line/QLCS with embedded bows, making tornadoes, damaging winds, large hail the dominant hazards. Prior convection, outflow, or cold-pool placement was an important part of the forecast evolution."
2011-05-26,ENH_EQ,qlcs_bowing_wind_tornado,likely,damaging winds|large hail,discrete to clustered supercells|squall line/QLCS with embedded bows|MCS clusters and forward-propagating segments,advancing cold front or frontal surge|outflow boundary or remnant convective boundary|MCS cold pool/effective boundary|prefrontal trough/confluence band|upslope/terrain circulation,prior_convection|ofb_placement|instability_recovery|cap_conditional|mode_transition|mcs_timing|boundary_interaction|model_guidance_mismatch,"Prior/ongoing convection and its outflow or cold pool materially shaped the risk corridor, storm initiation, and mode.","2011-05-26 was an ENH_EQ convective day best classified as qlcs_bowing_wind_tornado, with the severe corridor focused by advancing cold front or frontal surge, outflow boundary or remnant convective boundary. The expected/observed evolution favored discrete to clustered supercells, squall line/QLCS with embedded bows, making damaging winds, large hail the dominant hazards. Prior convection, outflow, or cold-pool placement was an important part of the forecast evolution."
2011-05-28,ENH_EQ,dryline_supercell_hail_tornado,likely,damaging winds|large hail,discrete to clustered supercells,dryline and adjacent warm-sector confluence|warm front/baroclinic zone|outflow boundary or remnant convective boundary|upslope/terrain circulation,prior_convection|ofb_placement|instability_recovery|cap_conditional|boundary_interaction|nocturnal_evolution|moisture_quality|storm_coverage_uncertain,"Prior/ongoing convection and its outflow or cold pool materially shaped the risk corridor, storm initiation, and mode.","2011-05-28 was an ENH_EQ convective day best classified as dryline_supercell_hail_tornado, with the severe corridor focused by dryline and adjacent warm-sector confluence, warm front/baroclinic zone. The expected/observed evolution favored discrete to clustered supercells, making damaging winds, large hail the dominant hazards. Prior convection, outflow, or cold-pool placement was an important part of the forecast evolution."
2011-05-30,MDT,qlcs_bowing_wind_tornado,likely,tornadoes|damaging winds|large hail,discrete to clustered supercells|squall line/QLCS with embedded bows|MCS clusters and forward-propagating segments|elevated/nocturnal convection,dryline and adjacent warm-sector confluence|advancing cold front or frontal surge|warm front/baroclinic zone|MCS cold pool/effective boundary|prefrontal trough/confluence band|upslope/terrain circulation,ofb_placement|instability_recovery|cap_conditional|mode_transition|mcs_timing|boundary_interaction|model_guidance_mismatch|nocturnal_evolution,"Prior/ongoing convection and its outflow or cold pool materially shaped the risk corridor, storm initiation, and mode.","2011-05-30 was a MDT convective day best classified as qlcs_bowing_wind_tornado, with the severe corridor focused by dryline and adjacent warm-sector confluence, advancing cold front or frontal surge. The expected/observed evolution favored discrete to clustered supercells, squall line/QLCS with embedded bows, making tornadoes, damaging winds, large hail the dominant hazards. Prior convection, outflow, or cold-pool placement was an important part of the forecast evolution."
2011-05-31,MDT,qlcs_bowing_wind_tornado,likely,tornadoes|damaging winds|large hail,discrete to clustered supercells|squall line/QLCS with embedded bows|MCS clusters and forward-propagating segments,advancing cold front or frontal surge|warm front/baroclinic zone|remnant MCV and associated mesoscale ascent,ofb_placement|instability_recovery|cap_conditional|mode_transition|mcs_timing|mcv_track|boundary_interaction|model_guidance_mismatch,"Prior/ongoing convection and its outflow or cold pool materially shaped the risk corridor, storm initiation, and mode.","2011-05-31 was a MDT convective day best classified as qlcs_bowing_wind_tornado, with the severe corridor focused by advancing cold front or frontal surge, warm front/baroclinic zone. The expected/observed evolution favored discrete to clustered supercells, squall line/QLCS with embedded bows, making tornadoes, damaging winds, large hail the dominant hazards. Prior convection, outflow, or cold-pool placement was an important part of the forecast evolution."
2011-06-01,ENH_EQ,forward_propagating_mcs_wind,core,damaging winds|large hail,discrete to clustered supercells|MCS clusters and forward-propagating segments|elevated/nocturnal convection,advancing cold front or frontal surge|warm front/baroclinic zone|outflow boundary or remnant convective boundary|remnant MCV and associated mesoscale ascent|prefrontal trough/confluence band,prior_convection|ofb_placement|instability_recovery|cap_conditional|mcs_timing|mcv_track|boundary_interaction|model_guidance_mismatch,"Prior/ongoing convection and its outflow or cold pool materially shaped the risk corridor, storm initiation, and mode.","2011-06-01 was an ENH_EQ convective day best classified as forward_propagating_mcs_wind, with the severe corridor focused by advancing cold front or frontal surge, warm front/baroclinic zone. The expected/observed evolution favored discrete to clustered supercells, MCS clusters and forward-propagating segments, making damaging winds, large hail the dominant hazards. Prior convection, outflow, or cold-pool placement was an important part of the forecast evolution."
2011-06-02,ENH_EQ,northwest_flow_mcs,core,damaging winds|large hail,discrete to clustered supercells|MCS clusters and forward-propagating segments,advancing cold front or frontal surge|warm front/baroclinic zone|outflow boundary or remnant convective boundary|remnant MCV and associated mesoscale ascent|upslope/terrain circulation,prior_convection|ofb_placement|instability_recovery|cap_conditional|mcs_timing|mcv_track|boundary_interaction|model_guidance_mismatch,"Prior/ongoing convection and its outflow or cold pool materially shaped the risk corridor, storm initiation, and mode.","2011-06-02 was an ENH_EQ convective day best classified as northwest_flow_mcs, with the severe corridor focused by advancing cold front or frontal surge, warm front/baroclinic zone. The expected/observed evolution favored discrete to clustered supercells, MCS clusters and forward-propagating segments, making damaging winds, large hail the dominant hazards. Prior convection, outflow, or cold-pool placement was an important part of the forecast evolution."
2011-06-03,ENH_EQ,forward_propagating_mcs_wind,core,damaging winds|large hail,discrete to clustered supercells|squall line/QLCS with embedded bows|MCS clusters and forward-propagating segments|elevated/nocturnal convection,advancing cold front or frontal surge|warm front/baroclinic zone|MCS cold pool/effective boundary,prior_convection|ofb_placement|instability_recovery|cap_conditional|mode_transition|mcs_timing|boundary_interaction|model_guidance_mismatch,"Prior/ongoing convection and its outflow or cold pool materially shaped the risk corridor, storm initiation, and mode.","2011-06-03 was an ENH_EQ convective day best classified as forward_propagating_mcs_wind, with the severe corridor focused by advancing cold front or frontal surge, warm front/baroclinic zone. The expected/observed evolution favored discrete to clustered supercells, squall line/QLCS with embedded bows, making damaging winds, large hail the dominant hazards. Prior convection, outflow, or cold-pool placement was an important part of the forecast evolution."
2011-06-04,ENH_EQ,forward_propagating_mcs_wind,core,damaging winds|large hail,discrete to clustered supercells|MCS clusters and forward-propagating segments|elevated/nocturnal convection,advancing cold front or frontal surge|outflow boundary or remnant convective boundary|MCS cold pool/effective boundary|prefrontal trough/confluence band|upslope/terrain circulation,prior_convection|ofb_placement|instability_recovery|cap_conditional|mcs_timing|boundary_interaction|model_guidance_mismatch|nocturnal_evolution,"Prior/ongoing convection and its outflow or cold pool materially shaped the risk corridor, storm initiation, and mode.","2011-06-04 was an ENH_EQ convective day best classified as forward_propagating_mcs_wind, with the severe corridor focused by advancing cold front or frontal surge, outflow boundary or remnant convective boundary. The expected/observed evolution favored discrete to clustered supercells, MCS clusters and forward-propagating segments, making damaging winds, large hail the dominant hazards. Prior convection, outflow, or cold-pool placement was an important part of the forecast evolution."
2011-06-08,ENH_EQ,forward_propagating_mcs_wind,core,damaging winds|large hail,discrete to clustered supercells|squall line/QLCS with embedded bows|MCS clusters and forward-propagating segments|elevated/nocturnal convection,dryline and adjacent warm-sector confluence|advancing cold front or frontal surge|remnant MCV and associated mesoscale ascent|upslope/terrain circulation,ofb_placement|instability_recovery|cap_conditional|mode_transition|mcs_timing|mcv_track|boundary_interaction|model_guidance_mismatch,"Prior/ongoing convection and its outflow or cold pool materially shaped the risk corridor, storm initiation, and mode.","2011-06-08 was an ENH_EQ convective day best classified as forward_propagating_mcs_wind, with the severe corridor focused by dryline and adjacent warm-sector confluence, advancing cold front or frontal surge. The expected/observed evolution favored discrete to clustered supercells, squall line/QLCS with embedded bows, making damaging winds, large hail the dominant hazards. Prior convection, outflow, or cold-pool placement was an important part of the forecast evolution."
2011-06-09,MDT,forward_propagating_mcs_wind,core,damaging winds|large hail|tornadoes,discrete to clustered supercells|squall line/QLCS with embedded bows|MCS clusters and forward-propagating segments,dryline and adjacent warm-sector confluence|advancing cold front or frontal surge|warm front/baroclinic zone|outflow boundary or remnant convective boundary|prefrontal trough/confluence band|upslope/terrain circulation,prior_convection|ofb_placement|instability_recovery|cap_conditional|mode_transition|mcs_timing|boundary_interaction|model_guidance_mismatch,"Prior/ongoing convection and its outflow or cold pool materially shaped the risk corridor, storm initiation, and mode.","2011-06-09 was a MDT convective day best classified as forward_propagating_mcs_wind, with the severe corridor focused by dryline and adjacent warm-sector confluence, advancing cold front or frontal surge. The expected/observed evolution favored discrete to clustered supercells, squall line/QLCS with embedded bows, making tornadoes, damaging winds, large hail the dominant hazards. Prior convection, outflow, or cold-pool placement was an important part of the forecast evolution."
2011-06-10,ENH_EQ,dryline_supercell_hail_tornado,core,damaging winds|large hail,discrete to clustered supercells|MCS clusters and forward-propagating segments|elevated/nocturnal convection,dryline and adjacent warm-sector confluence|advancing cold front or frontal surge|warm front/baroclinic zone|outflow boundary or remnant convective boundary|remnant MCV and associated mesoscale ascent,prior_convection|ofb_placement|instability_recovery|cap_conditional|mcs_timing|mcv_track|boundary_interaction|model_guidance_mismatch,"Prior/ongoing convection and its outflow or cold pool materially shaped the risk corridor, storm initiation, and mode.","2011-06-10 was an ENH_EQ convective day best classified as dryline_supercell_hail_tornado, with the severe corridor focused by dryline and adjacent warm-sector confluence, advancing cold front or frontal surge. The expected/observed evolution favored discrete to clustered supercells, MCS clusters and forward-propagating segments, making damaging winds, large hail the dominant hazards. Prior convection, outflow, or cold-pool placement was an important part of the forecast evolution."
2011-06-11,ENH_EQ,forward_propagating_mcs_wind,core,damaging winds|large hail,discrete to clustered supercells|MCS clusters and forward-propagating segments|elevated/nocturnal convection,advancing cold front or frontal surge|warm front/baroclinic zone|MCS cold pool/effective boundary|remnant MCV and associated mesoscale ascent|upslope/terrain circulation,prior_convection|ofb_placement|instability_recovery|cap_conditional|mcs_timing|mcv_track|boundary_interaction|model_guidance_mismatch,"Prior/ongoing convection and its outflow or cold pool materially shaped the risk corridor, storm initiation, and mode.","2011-06-11 was an ENH_EQ convective day best classified as forward_propagating_mcs_wind, with the severe corridor focused by advancing cold front or frontal surge, warm front/baroclinic zone. The expected/observed evolution favored discrete to clustered supercells, MCS clusters and forward-propagating segments, making damaging winds, large hail the dominant hazards. Prior convection, outflow, or cold-pool placement was an important part of the forecast evolution."
2011-06-12,ENH_EQ,forward_propagating_mcs_wind,core,damaging winds|large hail,discrete to clustered supercells|squall line/QLCS with embedded bows|MCS clusters and forward-propagating segments|elevated/nocturnal convection,advancing cold front or frontal surge|outflow boundary or remnant convective boundary|remnant MCV and associated mesoscale ascent|prefrontal trough/confluence band|upslope/terrain circulation,prior_convection|ofb_placement|instability_recovery|cap_conditional|mode_transition|mcs_timing|mcv_track|boundary_interaction,"Prior/ongoing convection and its outflow or cold pool materially shaped the risk corridor, storm initiation, and mode.","2011-06-12 was an ENH_EQ convective day best classified as forward_propagating_mcs_wind, with the severe corridor focused by advancing cold front or frontal surge, outflow boundary or remnant convective boundary. The expected/observed evolution favored discrete to clustered supercells, squall line/QLCS with embedded bows, making damaging winds, large hail the dominant hazards. Prior convection, outflow, or cold-pool placement was an important part of the forecast evolution."
2011-06-13,ENH_EQ,northwest_flow_mcs,core,damaging winds|large hail,discrete to clustered supercells|squall line/QLCS with embedded bows|MCS clusters and forward-propagating segments|elevated/nocturnal convection,warm front/baroclinic zone|outflow boundary or remnant convective boundary|MCS cold pool/effective boundary|upslope/terrain circulation,prior_convection|ofb_placement|instability_recovery|cap_conditional|mode_transition|mcs_timing|boundary_interaction|model_guidance_mismatch,"Prior/ongoing convection and its outflow or cold pool materially shaped the risk corridor, storm initiation, and mode.","2011-06-13 was an ENH_EQ convective day best classified as northwest_flow_mcs, with the severe corridor focused by warm front/baroclinic zone, outflow boundary or remnant convective boundary. The expected/observed evolution favored discrete to clustered supercells, squall line/QLCS with embedded bows, making damaging winds, large hail the dominant hazards. Prior convection, outflow, or cold-pool placement was an important part of the forecast evolution."
2011-06-14,ENH_EQ,elevated_nocturnal_hail_mcs,likely,damaging winds|large hail,discrete to clustered supercells|squall line/QLCS with embedded bows|MCS clusters and forward-propagating segments|elevated/nocturnal convection,advancing cold front or frontal surge|warm front/baroclinic zone|outflow boundary or remnant convective boundary,prior_convection|ofb_placement|instability_recovery|cap_conditional|mode_transition|mcs_timing|boundary_interaction|model_guidance_mismatch,"Prior/ongoing convection and its outflow or cold pool materially shaped the risk corridor, storm initiation, and mode.","2011-06-14 was an ENH_EQ convective day best classified as elevated_nocturnal_hail_mcs, with the severe corridor focused by advancing cold front or frontal surge, warm front/baroclinic zone. The expected/observed evolution favored discrete to clustered supercells, squall line/QLCS with embedded bows, making damaging winds, large hail the dominant hazards. Prior convection, outflow, or cold-pool placement was an important part of the forecast evolution."
2011-06-15,ENH_EQ,elevated_nocturnal_hail_mcs,core,damaging winds|large hail,discrete to clustered supercells|MCS clusters and forward-propagating segments|elevated/nocturnal convection,advancing cold front or frontal surge|warm front/baroclinic zone|outflow boundary or remnant convective boundary|MCS cold pool/effective boundary|upslope/terrain circulation,prior_convection|ofb_placement|instability_recovery|cap_conditional|mcs_timing|boundary_interaction|model_guidance_mismatch|nocturnal_evolution,"Prior/ongoing convection and its outflow or cold pool materially shaped the risk corridor, storm initiation, and mode.","2011-06-15 was an ENH_EQ convective day best classified as elevated_nocturnal_hail_mcs, with the severe corridor focused by advancing cold front or frontal surge, warm front/baroclinic zone. The expected/observed evolution favored discrete to clustered supercells, MCS clusters and forward-propagating segments, making damaging winds, large hail the dominant hazards. Prior convection, outflow, or cold-pool placement was an important part of the forecast evolution."
2011-06-16,ENH_EQ,forward_propagating_mcs_wind,core,damaging winds|large hail,discrete to clustered supercells|squall line/QLCS with embedded bows|MCS clusters and forward-propagating segments|elevated/nocturnal convection,dryline and adjacent warm-sector confluence|advancing cold front or frontal surge|warm front/baroclinic zone|outflow boundary or remnant convective boundary|MCS cold pool/effective boundary|remnant MCV and associated mesoscale ascent|upslope/terrain circulation,prior_convection|ofb_placement|instability_recovery|cap_conditional|mode_transition|mcs_timing|mcv_track|boundary_interaction,"Prior/ongoing convection and its outflow or cold pool materially shaped the risk corridor, storm initiation, and mode.","2011-06-16 was an ENH_EQ convective day best classified as forward_propagating_mcs_wind, with the severe corridor focused by dryline and adjacent warm-sector confluence, advancing cold front or frontal surge. The expected/observed evolution favored discrete to clustered supercells, squall line/QLCS with embedded bows, making damaging winds, large hail the dominant hazards. Prior convection, outflow, or cold-pool placement was an important part of the forecast evolution."
2011-06-17,ENH_EQ,forward_propagating_mcs_wind,core,damaging winds|large hail,discrete to clustered supercells|MCS clusters and forward-propagating segments|elevated/nocturnal convection,dryline and adjacent warm-sector confluence|advancing cold front or frontal surge|warm front/baroclinic zone|outflow boundary or remnant convective boundary|MCS cold pool/effective boundary|upslope/terrain circulation,ofb_placement|instability_recovery|cap_conditional|mcs_timing|boundary_interaction|model_guidance_mismatch|moisture_quality|storm_coverage_uncertain,"Prior/ongoing convection and its outflow or cold pool materially shaped the risk corridor, storm initiation, and mode.","2011-06-17 was an ENH_EQ convective day best classified as forward_propagating_mcs_wind, with the severe corridor focused by dryline and adjacent warm-sector confluence, advancing cold front or frontal surge. The expected/observed evolution favored discrete to clustered supercells, MCS clusters and forward-propagating segments, making damaging winds, large hail the dominant hazards. Prior convection, outflow, or cold-pool placement was an important part of the forecast evolution."
2011-06-18,ENH_EQ,derecho_or_serial_mcs_wind,core,damaging winds|large hail,discrete to clustered supercells|squall line/QLCS with embedded bows|MCS clusters and forward-propagating segments|elevated/nocturnal convection,dryline and adjacent warm-sector confluence|outflow boundary or remnant convective boundary|MCS cold pool/effective boundary|remnant MCV and associated mesoscale ascent|upslope/terrain circulation,prior_convection|ofb_placement|instability_recovery|cap_conditional|mode_transition|mcs_timing|mcv_track|boundary_interaction,"Prior/ongoing convection and its outflow or cold pool materially shaped the risk corridor, storm initiation, and mode.","2011-06-18 was an ENH_EQ convective day best classified as derecho_or_serial_mcs_wind, with the severe corridor focused by dryline and adjacent warm-sector confluence, outflow boundary or remnant convective boundary. The expected/observed evolution favored discrete to clustered supercells, squall line/QLCS with embedded bows, making damaging winds, large hail the dominant hazards. Prior convection, outflow, or cold-pool placement was an important part of the forecast evolution."
2011-06-19,MDT,derecho_or_serial_mcs_wind,core,damaging winds|large hail|tornadoes,discrete to clustered supercells|squall line/QLCS with embedded bows|MCS clusters and forward-propagating segments,dryline and adjacent warm-sector confluence|warm front/baroclinic zone|outflow boundary or remnant convective boundary|MCS cold pool/effective boundary|remnant MCV and associated mesoscale ascent,prior_convection|ofb_placement|instability_recovery|cap_conditional|mode_transition|mcs_timing|mcv_track|boundary_interaction,"Prior/ongoing convection and its outflow or cold pool materially shaped the risk corridor, storm initiation, and mode.","2011-06-19 was a MDT convective day best classified as derecho_or_serial_mcs_wind, with the severe corridor focused by dryline and adjacent warm-sector confluence, warm front/baroclinic zone. The expected/observed evolution favored discrete to clustered supercells, squall line/QLCS with embedded bows, making tornadoes, damaging winds, large hail the dominant hazards. Prior convection, outflow, or cold-pool placement was an important part of the forecast evolution."
2011-06-20,MDT,derecho_or_serial_mcs_wind,likely,damaging winds|large hail|tornadoes,discrete to clustered supercells|squall line/QLCS with embedded bows|MCS clusters and forward-propagating segments|elevated/nocturnal convection,dryline and adjacent warm-sector confluence|advancing cold front or frontal surge|warm front/baroclinic zone|outflow boundary or remnant convective boundary,prior_convection|ofb_placement|cap_conditional|mode_transition|mcs_timing|boundary_interaction|model_guidance_mismatch|nocturnal_evolution,"Prior/ongoing convection and its outflow or cold pool materially shaped the risk corridor, storm initiation, and mode.","2011-06-20 was a MDT convective day best classified as derecho_or_serial_mcs_wind, with the severe corridor focused by dryline and adjacent warm-sector confluence, advancing cold front or frontal surge. The expected/observed evolution favored discrete to clustered supercells, squall line/QLCS with embedded bows, making tornadoes, damaging winds, large hail the dominant hazards. Prior convection, outflow, or cold-pool placement was an important part of the forecast evolution."
2011-06-22,ENH_EQ,northwest_flow_mcs,core,damaging winds|large hail,discrete to clustered supercells|squall line/QLCS with embedded bows|MCS clusters and forward-propagating segments|elevated/nocturnal convection,advancing cold front or frontal surge|outflow boundary or remnant convective boundary|MCS cold pool/effective boundary|upslope/terrain circulation,prior_convection|ofb_placement|instability_recovery|cap_conditional|mode_transition|mcs_timing|boundary_interaction|nocturnal_evolution,"Prior/ongoing convection and its outflow or cold pool materially shaped the risk corridor, storm initiation, and mode.","2011-06-22 was an ENH_EQ convective day best classified as northwest_flow_mcs, with the severe corridor focused by advancing cold front or frontal surge, outflow boundary or remnant convective boundary. The expected/observed evolution favored discrete to clustered supercells, squall line/QLCS with embedded bows, making damaging winds, large hail the dominant hazards. Prior convection, outflow, or cold-pool placement was an important part of the forecast evolution."
2011-06-24,ENH_EQ,forward_propagating_mcs_wind,core,damaging winds|large hail,discrete to clustered supercells|MCS clusters and forward-propagating segments|elevated/nocturnal convection,dryline and adjacent warm-sector confluence|advancing cold front or frontal surge|outflow boundary or remnant convective boundary|remnant MCV and associated mesoscale ascent|prefrontal trough/confluence band|upslope/terrain circulation,prior_convection|ofb_placement|instability_recovery|cap_conditional|mcs_timing|mcv_track|boundary_interaction|model_guidance_mismatch,"Prior/ongoing convection and its outflow or cold pool materially shaped the risk corridor, storm initiation, and mode.","2011-06-24 was an ENH_EQ convective day best classified as forward_propagating_mcs_wind, with the severe corridor focused by dryline and adjacent warm-sector confluence, advancing cold front or frontal surge. The expected/observed evolution favored discrete to clustered supercells, MCS clusters and forward-propagating segments, making damaging winds, large hail the dominant hazards. Prior convection, outflow, or cold-pool placement was an important part of the forecast evolution."
2011-06-25,ENH_EQ,northwest_flow_mcs,core,damaging winds|large hail,discrete to clustered supercells|squall line/QLCS with embedded bows|MCS clusters and forward-propagating segments|elevated/nocturnal convection,advancing cold front or frontal surge|warm front/baroclinic zone|outflow boundary or remnant convective boundary|remnant MCV and associated mesoscale ascent|prefrontal trough/confluence band|upslope/terrain circulation,prior_convection|ofb_placement|instability_recovery|cap_conditional|mode_transition|mcs_timing|mcv_track|boundary_interaction,"Prior/ongoing convection and its outflow or cold pool materially shaped the risk corridor, storm initiation, and mode.","2011-06-25 was an ENH_EQ convective day best classified as northwest_flow_mcs, with the severe corridor focused by advancing cold front or frontal surge, warm front/baroclinic zone. The expected/observed evolution favored discrete to clustered supercells, squall line/QLCS with embedded bows, making damaging winds, large hail the dominant hazards. Prior convection, outflow, or cold-pool placement was an important part of the forecast evolution."
2011-06-26,MDT,northwest_flow_mcs,core,damaging winds|large hail|tornadoes,discrete to clustered supercells|squall line/QLCS with embedded bows|MCS clusters and forward-propagating segments|elevated/nocturnal convection,advancing cold front or frontal surge|warm front/baroclinic zone|outflow boundary or remnant convective boundary|MCS cold pool/effective boundary,prior_convection|ofb_placement|instability_recovery|cap_conditional|mode_transition|mcs_timing|boundary_interaction|model_guidance_mismatch,"Prior/ongoing convection and its outflow or cold pool materially shaped the risk corridor, storm initiation, and mode.","2011-06-26 was a MDT convective day best classified as northwest_flow_mcs, with the severe corridor focused by advancing cold front or frontal surge, warm front/baroclinic zone. The expected/observed evolution favored discrete to clustered supercells, squall line/QLCS with embedded bows, making tornadoes, damaging winds, large hail the dominant hazards. Prior convection, outflow, or cold-pool placement was an important part of the forecast evolution."
2011-06-27,ENH_EQ,forward_propagating_mcs_wind,core,damaging winds|large hail,discrete to clustered supercells|squall line/QLCS with embedded bows|MCS clusters and forward-propagating segments,advancing cold front or frontal surge|warm front/baroclinic zone|outflow boundary or remnant convective boundary|prefrontal trough/confluence band|upslope/terrain circulation,prior_convection|ofb_placement|instability_recovery|cap_conditional|mode_transition|mcs_timing|boundary_interaction|nocturnal_evolution,"Prior/ongoing convection and its outflow or cold pool materially shaped the risk corridor, storm initiation, and mode.","2011-06-27 was an ENH_EQ convective day best classified as forward_propagating_mcs_wind, with the severe corridor focused by advancing cold front or frontal surge, warm front/baroclinic zone. The expected/observed evolution favored discrete to clustered supercells, squall line/QLCS with embedded bows, making damaging winds, large hail the dominant hazards. Prior convection, outflow, or cold-pool placement was an important part of the forecast evolution."
2011-06-28,ENH_EQ,conditional_capped_supercells,likely,damaging winds|large hail,discrete to clustered supercells|MCS clusters and forward-propagating segments,advancing cold front or frontal surge|outflow boundary or remnant convective boundary|MCS cold pool/effective boundary|prefrontal trough/confluence band|upslope/terrain circulation,ofb_placement|instability_recovery|cap_conditional|mcs_timing|boundary_interaction|nocturnal_evolution|moisture_quality,"Prior/ongoing convection and its outflow or cold pool materially shaped the risk corridor, storm initiation, and mode.","2011-06-28 was an ENH_EQ convective day best classified as conditional_capped_supercells, with the severe corridor focused by advancing cold front or frontal surge, outflow boundary or remnant convective boundary. The expected/observed evolution favored discrete to clustered supercells, MCS clusters and forward-propagating segments, making damaging winds, large hail the dominant hazards. Prior convection, outflow, or cold-pool placement was an important part of the forecast evolution."
2011-06-29,ENH_EQ,classic_discrete_tornadic_supercells,likely,large hail,discrete to clustered supercells,advancing cold front or frontal surge|outflow boundary or remnant convective boundary|prefrontal trough/confluence band,prior_convection|ofb_placement|boundary_interaction|nocturnal_evolution|moisture_quality,"Prior/ongoing convection and its outflow or cold pool materially shaped the risk corridor, storm initiation, and mode.","2011-06-29 was an ENH_EQ convective day best classified as classic_discrete_tornadic_supercells, with the severe corridor focused by advancing cold front or frontal surge, outflow boundary or remnant convective boundary. The expected/observed evolution favored discrete to clustered supercells, making large hail the dominant hazards. Prior convection, outflow, or cold-pool placement was an important part of the forecast evolution."
2011-06-30,ENH_EQ,northwest_flow_mcs,core,damaging winds|large hail,discrete to clustered supercells|MCS clusters and forward-propagating segments|elevated/nocturnal convection,advancing cold front or frontal surge|outflow boundary or remnant convective boundary|MCS cold pool/effective boundary|upslope/terrain circulation,prior_convection|ofb_placement|instability_recovery|cap_conditional|mcs_timing|boundary_interaction|model_guidance_mismatch|nocturnal_evolution,"Prior/ongoing convection and its outflow or cold pool materially shaped the risk corridor, storm initiation, and mode.","2011-06-30 was an ENH_EQ convective day best classified as northwest_flow_mcs, with the severe corridor focused by advancing cold front or frontal surge, outflow boundary or remnant convective boundary. The expected/observed evolution favored discrete to clustered supercells, MCS clusters and forward-propagating segments, making damaging winds, large hail the dominant hazards. Prior convection, outflow, or cold-pool placement was an important part of the forecast evolution."
2011-07-01,ENH_EQ,elevated_nocturnal_hail_mcs,core,damaging winds|large hail,discrete to clustered supercells|squall line/QLCS with embedded bows|MCS clusters and forward-propagating segments|elevated/nocturnal convection,advancing cold front or frontal surge|warm front/baroclinic zone|outflow boundary or remnant convective boundary|prefrontal trough/confluence band|upslope/terrain circulation,prior_convection|ofb_placement|instability_recovery|cap_conditional|mode_transition|mcs_timing|boundary_interaction|nocturnal_evolution,"Prior/ongoing convection and its outflow or cold pool materially shaped the risk corridor, storm initiation, and mode.","2011-07-01 was an ENH_EQ convective day best classified as elevated_nocturnal_hail_mcs, with the severe corridor focused by advancing cold front or frontal surge, warm front/baroclinic zone. The expected/observed evolution favored discrete to clustered supercells, squall line/QLCS with embedded bows, making damaging winds, large hail the dominant hazards. Prior convection, outflow, or cold-pool placement was an important part of the forecast evolution."
2011-07-02,ENH_EQ,forward_propagating_mcs_wind,core,damaging winds|large hail,discrete to clustered supercells|MCS clusters and forward-propagating segments,advancing cold front or frontal surge|outflow boundary or remnant convective boundary|MCS cold pool/effective boundary,prior_convection|ofb_placement|cap_conditional|mcs_timing|boundary_interaction|model_guidance_mismatch|nocturnal_evolution|moisture_quality,"Prior/ongoing convection and its outflow or cold pool materially shaped the risk corridor, storm initiation, and mode.","2011-07-02 was an ENH_EQ convective day best classified as forward_propagating_mcs_wind, with the severe corridor focused by advancing cold front or frontal surge, outflow boundary or remnant convective boundary. The expected/observed evolution favored discrete to clustered supercells, MCS clusters and forward-propagating segments, making damaging winds, large hail the dominant hazards. Prior convection, outflow, or cold-pool placement was an important part of the forecast evolution."
2011-07-04,ENH_EQ,high_plains_upslope_supercells,likely,damaging winds|large hail,discrete to clustered supercells|MCS clusters and forward-propagating segments,advancing cold front or frontal surge|outflow boundary or remnant convective boundary|MCS cold pool/effective boundary|upslope/terrain circulation,prior_convection|ofb_placement|instability_recovery|cap_conditional|mcs_timing|boundary_interaction|model_guidance_mismatch|nocturnal_evolution,"Prior/ongoing convection and its outflow or cold pool materially shaped the risk corridor, storm initiation, and mode.","2011-07-04 was an ENH_EQ convective day best classified as high_plains_upslope_supercells, with the severe corridor focused by advancing cold front or frontal surge, outflow boundary or remnant convective boundary. The expected/observed evolution favored discrete to clustered supercells, MCS clusters and forward-propagating segments, making damaging winds, large hail the dominant hazards. Prior convection, outflow, or cold-pool placement was an important part of the forecast evolution."
2011-07-05,ENH_EQ,high_plains_upslope_supercells,likely,damaging winds|large hail,discrete to clustered supercells|MCS clusters and forward-propagating segments,advancing cold front or frontal surge|outflow boundary or remnant convective boundary|MCS cold pool/effective boundary|remnant MCV and associated mesoscale ascent|upslope/terrain circulation,prior_convection|ofb_placement|instability_recovery|cap_conditional|mcs_timing|mcv_track|boundary_interaction|model_guidance_mismatch,"Prior/ongoing convection and its outflow or cold pool materially shaped the risk corridor, storm initiation, and mode.","2011-07-05 was an ENH_EQ convective day best classified as high_plains_upslope_supercells, with the severe corridor focused by advancing cold front or frontal surge, outflow boundary or remnant convective boundary. The expected/observed evolution favored discrete to clustered supercells, MCS clusters and forward-propagating segments, making damaging winds, large hail the dominant hazards. Prior convection, outflow, or cold-pool placement was an important part of the forecast evolution."
2011-07-08,ENH_EQ,conditional_capped_supercells,likely,damaging winds|large hail,discrete to clustered supercells|squall line/QLCS with embedded bows|MCS clusters and forward-propagating segments,advancing cold front or frontal surge|warm front/baroclinic zone|outflow boundary or remnant convective boundary,prior_convection|ofb_placement|instability_recovery|cap_conditional|mode_transition|mcs_timing|boundary_interaction|model_guidance_mismatch,"Prior/ongoing convection and its outflow or cold pool materially shaped the risk corridor, storm initiation, and mode.","2011-07-08 was an ENH_EQ convective day best classified as conditional_capped_supercells, with the severe corridor focused by advancing cold front or frontal surge, warm front/baroclinic zone. The expected/observed evolution favored discrete to clustered supercells, squall line/QLCS with embedded bows, making damaging winds, large hail the dominant hazards. Prior convection, outflow, or cold-pool placement was an important part of the forecast evolution."
2011-07-09,ENH_EQ,conditional_capped_supercells,likely,large hail,discrete to clustered supercells|MCS clusters and forward-propagating segments,advancing cold front or frontal surge|outflow boundary or remnant convective boundary|prefrontal trough/confluence band|upslope/terrain circulation,prior_convection|ofb_placement|instability_recovery|cap_conditional|mcs_timing|boundary_interaction|nocturnal_evolution|moisture_quality,"Prior/ongoing convection and its outflow or cold pool materially shaped the risk corridor, storm initiation, and mode.","2011-07-09 was an ENH_EQ convective day best classified as conditional_capped_supercells, with the severe corridor focused by advancing cold front or frontal surge, outflow boundary or remnant convective boundary. The expected/observed evolution favored discrete to clustered supercells, MCS clusters and forward-propagating segments, making large hail the dominant hazards. Prior convection, outflow, or cold-pool placement was an important part of the forecast evolution."
2011-07-10,MDT,forward_propagating_mcs_wind,core,damaging winds|large hail|tornadoes,discrete to clustered supercells|squall line/QLCS with embedded bows|MCS clusters and forward-propagating segments|elevated/nocturnal convection,outflow boundary or remnant convective boundary|remnant MCV and associated mesoscale ascent|upslope/terrain circulation,prior_convection|ofb_placement|instability_recovery|cap_conditional|mode_transition|mcs_timing|mcv_track|model_guidance_mismatch,"Prior/ongoing convection and its outflow or cold pool materially shaped the risk corridor, storm initiation, and mode.","2011-07-10 was a MDT convective day best classified as forward_propagating_mcs_wind, with the severe corridor focused by outflow boundary or remnant convective boundary, remnant MCV and associated mesoscale ascent. The expected/observed evolution favored discrete to clustered supercells, squall line/QLCS with embedded bows, making tornadoes, damaging winds, large hail the dominant hazards. Prior convection, outflow, or cold-pool placement was an important part of the forecast evolution."
2011-07-11,MDT,derecho_or_serial_mcs_wind,core,damaging winds|large hail|tornadoes,discrete to clustered supercells|squall line/QLCS with embedded bows|MCS clusters and forward-propagating segments,advancing cold front or frontal surge|warm front/baroclinic zone|outflow boundary or remnant convective boundary|MCS cold pool/effective boundary|upslope/terrain circulation,prior_convection|ofb_placement|instability_recovery|cap_conditional|mode_transition|mcs_timing|boundary_interaction|model_guidance_mismatch,"Prior/ongoing convection and its outflow or cold pool materially shaped the risk corridor, storm initiation, and mode.","2011-07-11 was a MDT convective day best classified as derecho_or_serial_mcs_wind, with the severe corridor focused by advancing cold front or frontal surge, warm front/baroclinic zone. The expected/observed evolution favored discrete to clustered supercells, squall line/QLCS with embedded bows, making tornadoes, damaging winds, large hail the dominant hazards. Prior convection, outflow, or cold-pool placement was an important part of the forecast evolution."
2011-07-12,ENH_EQ,northwest_flow_mcs,core,damaging winds|large hail,discrete to clustered supercells|MCS clusters and forward-propagating segments|elevated/nocturnal convection,advancing cold front or frontal surge|outflow boundary or remnant convective boundary|MCS cold pool/effective boundary|prefrontal trough/confluence band|upslope/terrain circulation,prior_convection|ofb_placement|instability_recovery|cap_conditional|mcs_timing|boundary_interaction|nocturnal_evolution|moisture_quality,"Prior/ongoing convection and its outflow or cold pool materially shaped the risk corridor, storm initiation, and mode.","2011-07-12 was an ENH_EQ convective day best classified as northwest_flow_mcs, with the severe corridor focused by advancing cold front or frontal surge, outflow boundary or remnant convective boundary. The expected/observed evolution favored discrete to clustered supercells, MCS clusters and forward-propagating segments, making damaging winds, large hail the dominant hazards. Prior convection, outflow, or cold-pool placement was an important part of the forecast evolution."
2011-07-17,MDT,qlcs_bowing_wind_tornado,likely,tornadoes|damaging winds|large hail,discrete to clustered supercells|squall line/QLCS with embedded bows|MCS clusters and forward-propagating segments|elevated/nocturnal convection,advancing cold front or frontal surge|warm front/baroclinic zone|MCS cold pool/effective boundary|prefrontal trough/confluence band|upslope/terrain circulation,prior_convection|ofb_placement|instability_recovery|cap_conditional|mode_transition|mcs_timing|boundary_interaction|model_guidance_mismatch,"Prior/ongoing convection and its outflow or cold pool materially shaped the risk corridor, storm initiation, and mode.","2011-07-17 was a MDT convective day best classified as qlcs_bowing_wind_tornado, with the severe corridor focused by advancing cold front or frontal surge, warm front/baroclinic zone. The expected/observed evolution favored discrete to clustered supercells, squall line/QLCS with embedded bows, making tornadoes, damaging winds, large hail the dominant hazards. Prior convection, outflow, or cold-pool placement was an important part of the forecast evolution."
2011-07-18,ENH_EQ,qlcs_bowing_wind_tornado,likely,damaging winds|large hail,discrete to clustered supercells|squall line/QLCS with embedded bows|MCS clusters and forward-propagating segments,advancing cold front or frontal surge|outflow boundary or remnant convective boundary,ofb_placement|instability_recovery|cap_conditional|mode_transition|mcs_timing|boundary_interaction|model_guidance_mismatch|nocturnal_evolution,"Prior/ongoing convection and its outflow or cold pool materially shaped the risk corridor, storm initiation, and mode.","2011-07-18 was an ENH_EQ convective day best classified as qlcs_bowing_wind_tornado, with the severe corridor focused by advancing cold front or frontal surge, outflow boundary or remnant convective boundary. The expected/observed evolution favored discrete to clustered supercells, squall line/QLCS with embedded bows, making damaging winds, large hail the dominant hazards. Prior convection, outflow, or cold-pool placement was an important part of the forecast evolution."
2011-07-19,ENH_EQ,qlcs_bowing_wind_tornado,likely,damaging winds|large hail,discrete to clustered supercells|squall line/QLCS with embedded bows|MCS clusters and forward-propagating segments,advancing cold front or frontal surge|warm front/baroclinic zone|outflow boundary or remnant convective boundary|upslope/terrain circulation,ofb_placement|instability_recovery|cap_conditional|mode_transition|mcs_timing|boundary_interaction|nocturnal_evolution|moisture_quality,"Prior/ongoing convection and its outflow or cold pool materially shaped the risk corridor, storm initiation, and mode.","2011-07-19 was an ENH_EQ convective day best classified as qlcs_bowing_wind_tornado, with the severe corridor focused by advancing cold front or frontal surge, warm front/baroclinic zone. The expected/observed evolution favored discrete to clustered supercells, squall line/QLCS with embedded bows, making damaging winds, large hail the dominant hazards. Prior convection, outflow, or cold-pool placement was an important part of the forecast evolution."
2011-07-21,ENH_EQ,northwest_flow_mcs,core,damaging winds|large hail,discrete to clustered supercells|squall line/QLCS with embedded bows|MCS clusters and forward-propagating segments,advancing cold front or frontal surge|outflow boundary or remnant convective boundary|MCS cold pool/effective boundary|remnant MCV and associated mesoscale ascent|upslope/terrain circulation,prior_convection|ofb_placement|instability_recovery|cap_conditional|mode_transition|mcs_timing|mcv_track|boundary_interaction,"Prior/ongoing convection and its outflow or cold pool materially shaped the risk corridor, storm initiation, and mode.","2011-07-21 was an ENH_EQ convective day best classified as northwest_flow_mcs, with the severe corridor focused by advancing cold front or frontal surge, outflow boundary or remnant convective boundary. The expected/observed evolution favored discrete to clustered supercells, squall line/QLCS with embedded bows, making damaging winds, large hail the dominant hazards. Prior convection, outflow, or cold-pool placement was an important part of the forecast evolution."
2011-07-22,MDT,derecho_or_serial_mcs_wind,core,damaging winds|large hail|tornadoes,discrete to clustered supercells|MCS clusters and forward-propagating segments,dryline and adjacent warm-sector confluence|advancing cold front or frontal surge|warm front/baroclinic zone|outflow boundary or remnant convective boundary|MCS cold pool/effective boundary|remnant MCV and associated mesoscale ascent|upslope/terrain circulation,prior_convection|ofb_placement|instability_recovery|cap_conditional|mcs_timing|mcv_track|boundary_interaction|model_guidance_mismatch,"Prior/ongoing convection and its outflow or cold pool materially shaped the risk corridor, storm initiation, and mode.","2011-07-22 was a MDT convective day best classified as derecho_or_serial_mcs_wind, with the severe corridor focused by dryline and adjacent warm-sector confluence, advancing cold front or frontal surge. The expected/observed evolution favored discrete to clustered supercells, MCS clusters and forward-propagating segments, making tornadoes, damaging winds, large hail the dominant hazards. Prior convection, outflow, or cold-pool placement was an important part of the forecast evolution."
2011-07-23,ENH_EQ,qlcs_bowing_wind_tornado,likely,damaging winds|large hail,discrete to clustered supercells|squall line/QLCS with embedded bows|MCS clusters and forward-propagating segments,advancing cold front or frontal surge|outflow boundary or remnant convective boundary|remnant MCV and associated mesoscale ascent|prefrontal trough/confluence band,ofb_placement|instability_recovery|cap_conditional|mode_transition|mcs_timing|mcv_track|boundary_interaction|model_guidance_mismatch,"Prior/ongoing convection and its outflow or cold pool materially shaped the risk corridor, storm initiation, and mode.","2011-07-23 was an ENH_EQ convective day best classified as qlcs_bowing_wind_tornado, with the severe corridor focused by advancing cold front or frontal surge, outflow boundary or remnant convective boundary. The expected/observed evolution favored discrete to clustered supercells, squall line/QLCS with embedded bows, making damaging winds, large hail the dominant hazards. Prior convection, outflow, or cold-pool placement was an important part of the forecast evolution."
2011-07-30,ENH_EQ,northwest_flow_mcs,core,damaging winds|large hail,discrete to clustered supercells|squall line/QLCS with embedded bows|MCS clusters and forward-propagating segments,advancing cold front or frontal surge|warm front/baroclinic zone|outflow boundary or remnant convective boundary|remnant MCV and associated mesoscale ascent|prefrontal trough/confluence band,ofb_placement|instability_recovery|cap_conditional|mode_transition|mcs_timing|mcv_track|boundary_interaction|moisture_quality,"Prior/ongoing convection and its outflow or cold pool materially shaped the risk corridor, storm initiation, and mode.","2011-07-30 was an ENH_EQ convective day best classified as northwest_flow_mcs, with the severe corridor focused by advancing cold front or frontal surge, warm front/baroclinic zone. The expected/observed evolution favored discrete to clustered supercells, squall line/QLCS with embedded bows, making damaging winds, large hail the dominant hazards. Prior convection, outflow, or cold-pool placement was an important part of the forecast evolution."
2011-08-01,ENH_EQ,northwest_flow_mcs,core,damaging winds|large hail,discrete to clustered supercells|MCS clusters and forward-propagating segments|elevated/nocturnal convection,advancing cold front or frontal surge|warm front/baroclinic zone|outflow boundary or remnant convective boundary|MCS cold pool/effective boundary,ofb_placement|instability_recovery|cap_conditional|mcs_timing|boundary_interaction|nocturnal_evolution|moisture_quality,"Prior/ongoing convection and its outflow or cold pool materially shaped the risk corridor, storm initiation, and mode.","2011-08-01 was an ENH_EQ convective day best classified as northwest_flow_mcs, with the severe corridor focused by advancing cold front or frontal surge, warm front/baroclinic zone. The expected/observed evolution favored discrete to clustered supercells, MCS clusters and forward-propagating segments, making damaging winds, large hail the dominant hazards. Prior convection, outflow, or cold-pool placement was an important part of the forecast evolution."
2011-08-02,ENH_EQ,northwest_flow_mcs,core,damaging winds|large hail,discrete to clustered supercells|squall line/QLCS with embedded bows|MCS clusters and forward-propagating segments|elevated/nocturnal convection,advancing cold front or frontal surge|outflow boundary or remnant convective boundary|MCS cold pool/effective boundary|remnant MCV and associated mesoscale ascent,ofb_placement|instability_recovery|cap_conditional|mode_transition|mcs_timing|mcv_track|boundary_interaction|nocturnal_evolution,"Prior/ongoing convection and its outflow or cold pool materially shaped the risk corridor, storm initiation, and mode.","2011-08-02 was an ENH_EQ convective day best classified as northwest_flow_mcs, with the severe corridor focused by advancing cold front or frontal surge, outflow boundary or remnant convective boundary. The expected/observed evolution favored discrete to clustered supercells, squall line/QLCS with embedded bows, making damaging winds, large hail the dominant hazards. Prior convection, outflow, or cold-pool placement was an important part of the forecast evolution."
2011-08-05,ENH_EQ,forward_propagating_mcs_wind,core,damaging winds|large hail,discrete to clustered supercells|squall line/QLCS with embedded bows|MCS clusters and forward-propagating segments,advancing cold front or frontal surge|outflow boundary or remnant convective boundary|MCS cold pool/effective boundary|remnant MCV and associated mesoscale ascent|upslope/terrain circulation,prior_convection|ofb_placement|instability_recovery|cap_conditional|mode_transition|mcs_timing|mcv_track|boundary_interaction,"Prior/ongoing convection and its outflow or cold pool materially shaped the risk corridor, storm initiation, and mode.","2011-08-05 was an ENH_EQ convective day best classified as forward_propagating_mcs_wind, with the severe corridor focused by advancing cold front or frontal surge, outflow boundary or remnant convective boundary. The expected/observed evolution favored discrete to clustered supercells, squall line/QLCS with embedded bows, making damaging winds, large hail the dominant hazards. Prior convection, outflow, or cold-pool placement was an important part of the forecast evolution."
2011-08-06,ENH_EQ,derecho_or_serial_mcs_wind,core,damaging winds|large hail,discrete to clustered supercells|squall line/QLCS with embedded bows|MCS clusters and forward-propagating segments|elevated/nocturnal convection,advancing cold front or frontal surge|warm front/baroclinic zone|outflow boundary or remnant convective boundary|remnant MCV and associated mesoscale ascent|upslope/terrain circulation,prior_convection|ofb_placement|instability_recovery|cap_conditional|mode_transition|mcs_timing|mcv_track|boundary_interaction,"Prior/ongoing convection and its outflow or cold pool materially shaped the risk corridor, storm initiation, and mode.","2011-08-06 was an ENH_EQ convective day best classified as derecho_or_serial_mcs_wind, with the severe corridor focused by advancing cold front or frontal surge, warm front/baroclinic zone. The expected/observed evolution favored discrete to clustered supercells, squall line/QLCS with embedded bows, making damaging winds, large hail the dominant hazards. Prior convection, outflow, or cold-pool placement was an important part of the forecast evolution."
2011-08-07,ENH_EQ,derecho_or_serial_mcs_wind,core,damaging winds|large hail,discrete to clustered supercells|squall line/QLCS with embedded bows|MCS clusters and forward-propagating segments|elevated/nocturnal convection,advancing cold front or frontal surge|outflow boundary or remnant convective boundary|MCS cold pool/effective boundary|remnant MCV and associated mesoscale ascent|upslope/terrain circulation,prior_convection|ofb_placement|instability_recovery|cap_conditional|mode_transition|mcs_timing|mcv_track|boundary_interaction,"Prior/ongoing convection and its outflow or cold pool materially shaped the risk corridor, storm initiation, and mode.","2011-08-07 was an ENH_EQ convective day best classified as derecho_or_serial_mcs_wind, with the severe corridor focused by advancing cold front or frontal surge, outflow boundary or remnant convective boundary. The expected/observed evolution favored discrete to clustered supercells, squall line/QLCS with embedded bows, making damaging winds, large hail the dominant hazards. Prior convection, outflow, or cold-pool placement was an important part of the forecast evolution."
2011-08-08,ENH_EQ,qlcs_bowing_wind_tornado,likely,damaging winds|large hail,discrete to clustered supercells|squall line/QLCS with embedded bows|MCS clusters and forward-propagating segments,advancing cold front or frontal surge|remnant MCV and associated mesoscale ascent,prior_convection|ofb_placement|cap_conditional|mode_transition|mcs_timing|mcv_track|boundary_interaction,"Prior/ongoing convection and its outflow or cold pool materially shaped the risk corridor, storm initiation, and mode.","2011-08-08 was an ENH_EQ convective day best classified as qlcs_bowing_wind_tornado, with the severe corridor focused by advancing cold front or frontal surge, remnant MCV and associated mesoscale ascent. The expected/observed evolution favored discrete to clustered supercells, squall line/QLCS with embedded bows, making damaging winds, large hail the dominant hazards. Prior convection, outflow, or cold-pool placement was an important part of the forecast evolution."
2011-08-09,ENH_EQ,high_plains_upslope_supercells,core,damaging winds|large hail,discrete to clustered supercells|MCS clusters and forward-propagating segments,advancing cold front or frontal surge|warm front/baroclinic zone|outflow boundary or remnant convective boundary|upslope/terrain circulation,prior_convection|ofb_placement|instability_recovery|cap_conditional|mcs_timing|boundary_interaction|model_guidance_mismatch|nocturnal_evolution,"Prior/ongoing convection and its outflow or cold pool materially shaped the risk corridor, storm initiation, and mode.","2011-08-09 was an ENH_EQ convective day best classified as high_plains_upslope_supercells, with the severe corridor focused by advancing cold front or frontal surge, warm front/baroclinic zone. The expected/observed evolution favored discrete to clustered supercells, MCS clusters and forward-propagating segments, making damaging winds, large hail the dominant hazards. Prior convection, outflow, or cold-pool placement was an important part of the forecast evolution."
2011-08-11,ENH_EQ,northwest_flow_mcs,core,damaging winds|large hail,discrete to clustered supercells|squall line/QLCS with embedded bows|MCS clusters and forward-propagating segments|elevated/nocturnal convection,outflow boundary or remnant convective boundary|MCS cold pool/effective boundary|upslope/terrain circulation,prior_convection|ofb_placement|instability_recovery|cap_conditional|mode_transition|mcs_timing|nocturnal_evolution|moisture_quality,"Prior/ongoing convection and its outflow or cold pool materially shaped the risk corridor, storm initiation, and mode.","2011-08-11 was an ENH_EQ convective day best classified as northwest_flow_mcs, with the severe corridor focused by outflow boundary or remnant convective boundary, MCS cold pool/effective boundary. The expected/observed evolution favored discrete to clustered supercells, squall line/QLCS with embedded bows, making damaging winds, large hail the dominant hazards. Prior convection, outflow, or cold-pool placement was an important part of the forecast evolution."
2011-08-12,ENH_EQ,northwest_flow_mcs,core,damaging winds|large hail,discrete to clustered supercells|squall line/QLCS with embedded bows|MCS clusters and forward-propagating segments|elevated/nocturnal convection,advancing cold front or frontal surge|warm front/baroclinic zone|outflow boundary or remnant convective boundary|remnant MCV and associated mesoscale ascent,prior_convection|ofb_placement|instability_recovery|cap_conditional|mode_transition|mcs_timing|mcv_track|boundary_interaction,"Prior/ongoing convection and its outflow or cold pool materially shaped the risk corridor, storm initiation, and mode.","2011-08-12 was an ENH_EQ convective day best classified as northwest_flow_mcs, with the severe corridor focused by advancing cold front or frontal surge, warm front/baroclinic zone. The expected/observed evolution favored discrete to clustered supercells, squall line/QLCS with embedded bows, making damaging winds, large hail the dominant hazards. Prior convection, outflow, or cold-pool placement was an important part of the forecast evolution."
2011-08-13,ENH_EQ,derecho_or_serial_mcs_wind,likely,damaging winds|large hail,discrete to clustered supercells|MCS clusters and forward-propagating segments,advancing cold front or frontal surge|outflow boundary or remnant convective boundary|MCS cold pool/effective boundary|upslope/terrain circulation,prior_convection|ofb_placement|instability_recovery|cap_conditional|mcs_timing|boundary_interaction|nocturnal_evolution|moisture_quality,"Prior/ongoing convection and its outflow or cold pool materially shaped the risk corridor, storm initiation, and mode.","2011-08-13 was an ENH_EQ convective day best classified as derecho_or_serial_mcs_wind, with the severe corridor focused by advancing cold front or frontal surge, outflow boundary or remnant convective boundary. The expected/observed evolution favored discrete to clustered supercells, MCS clusters and forward-propagating segments, making damaging winds, large hail the dominant hazards. Prior convection, outflow, or cold-pool placement was an important part of the forecast evolution."
2011-08-14,ENH_EQ,qlcs_bowing_wind_tornado,likely,damaging winds|large hail,discrete to clustered supercells|squall line/QLCS with embedded bows|MCS clusters and forward-propagating segments|elevated/nocturnal convection,advancing cold front or frontal surge|outflow boundary or remnant convective boundary|upslope/terrain circulation,prior_convection|ofb_placement|instability_recovery|cap_conditional|mode_transition|mcs_timing|boundary_interaction|model_guidance_mismatch,"Prior/ongoing convection and its outflow or cold pool materially shaped the risk corridor, storm initiation, and mode.","2011-08-14 was an ENH_EQ convective day best classified as qlcs_bowing_wind_tornado, with the severe corridor focused by advancing cold front or frontal surge, outflow boundary or remnant convective boundary. The expected/observed evolution favored discrete to clustered supercells, squall line/QLCS with embedded bows, making damaging winds, large hail the dominant hazards. Prior convection, outflow, or cold-pool placement was an important part of the forecast evolution."
2011-08-15,ENH_EQ,conditional_capped_supercells,likely,damaging winds|large hail,discrete to clustered supercells,advancing cold front or frontal surge|warm front/baroclinic zone|outflow boundary or remnant convective boundary,prior_convection|ofb_placement|instability_recovery|cap_conditional|boundary_interaction|model_guidance_mismatch|nocturnal_evolution|moisture_quality,"Prior/ongoing convection and its outflow or cold pool materially shaped the risk corridor, storm initiation, and mode.","2011-08-15 was an ENH_EQ convective day best classified as conditional_capped_supercells, with the severe corridor focused by advancing cold front or frontal surge, warm front/baroclinic zone. The expected/observed evolution favored discrete to clustered supercells, making damaging winds, large hail the dominant hazards. Prior convection, outflow, or cold-pool placement was an important part of the forecast evolution."
2011-08-17,ENH_EQ,conditional_capped_supercells,likely,damaging winds|large hail,discrete to clustered supercells|MCS clusters and forward-propagating segments,advancing cold front or frontal surge|outflow boundary or remnant convective boundary|upslope/terrain circulation,prior_convection|ofb_placement|instability_recovery|cap_conditional|mcs_timing|boundary_interaction|model_guidance_mismatch|nocturnal_evolution,"Prior/ongoing convection and its outflow or cold pool materially shaped the risk corridor, storm initiation, and mode.","2011-08-17 was an ENH_EQ convective day best classified as conditional_capped_supercells, with the severe corridor focused by advancing cold front or frontal surge, outflow boundary or remnant convective boundary. The expected/observed evolution favored discrete to clustered supercells, MCS clusters and forward-propagating segments, making damaging winds, large hail the dominant hazards. Prior convection, outflow, or cold-pool placement was an important part of the forecast evolution."
2011-08-18,ENH_EQ,northwest_flow_mcs,core,damaging winds|large hail,discrete to clustered supercells|MCS clusters and forward-propagating segments,advancing cold front or frontal surge|outflow boundary or remnant convective boundary|MCS cold pool/effective boundary,prior_convection|ofb_placement|instability_recovery|cap_conditional|mcs_timing|boundary_interaction|model_guidance_mismatch|nocturnal_evolution,"Prior/ongoing convection and its outflow or cold pool materially shaped the risk corridor, storm initiation, and mode.","2011-08-18 was an ENH_EQ convective day best classified as northwest_flow_mcs, with the severe corridor focused by advancing cold front or frontal surge, outflow boundary or remnant convective boundary. The expected/observed evolution favored discrete to clustered supercells, MCS clusters and forward-propagating segments, making damaging winds, large hail the dominant hazards. Prior convection, outflow, or cold-pool placement was an important part of the forecast evolution."
2011-08-21,ENH_EQ,elevated_nocturnal_hail_mcs,likely,damaging winds|large hail,discrete to clustered supercells|elevated/nocturnal convection,advancing cold front or frontal surge|warm front/baroclinic zone|outflow boundary or remnant convective boundary|prefrontal trough/confluence band|upslope/terrain circulation,prior_convection|ofb_placement|instability_recovery|cap_conditional|boundary_interaction|model_guidance_mismatch|nocturnal_evolution|moisture_quality,"Prior/ongoing convection and its outflow or cold pool materially shaped the risk corridor, storm initiation, and mode.","2011-08-21 was an ENH_EQ convective day best classified as elevated_nocturnal_hail_mcs, with the severe corridor focused by advancing cold front or frontal surge, warm front/baroclinic zone. The expected/observed evolution favored discrete to clustered supercells, elevated/nocturnal convection, making damaging winds, large hail the dominant hazards. Prior convection, outflow, or cold-pool placement was an important part of the forecast evolution."
2011-08-24,ENH_EQ,northwest_flow_mcs,core,damaging winds|large hail,discrete to clustered supercells|MCS clusters and forward-propagating segments,advancing cold front or frontal surge|MCS cold pool/effective boundary|prefrontal trough/confluence band,prior_convection|ofb_placement|instability_recovery|cap_conditional|mcs_timing|boundary_interaction|model_guidance_mismatch|nocturnal_evolution,"Prior/ongoing convection and its outflow or cold pool materially shaped the risk corridor, storm initiation, and mode.","2011-08-24 was an ENH_EQ convective day best classified as northwest_flow_mcs, with the severe corridor focused by advancing cold front or frontal surge, MCS cold pool/effective boundary. The expected/observed evolution favored discrete to clustered supercells, MCS clusters and forward-propagating segments, making damaging winds, large hail the dominant hazards. Prior convection, outflow, or cold-pool placement was an important part of the forecast evolution."
2011-09-03,ENH_EQ,tropical_cyclone_tornado_rainbands,core,tornadoes|damaging winds,tropical rainband supercells|low-topped convective bands|discrete to clustered supercells|MCS clusters and forward-propagating segments,Tropical Storm Lee circulation/rainband convergence|advancing cold front or frontal surge|warm front/baroclinic zone|outflow boundary or remnant convective boundary|remnant MCV and associated mesoscale ascent,prior_convection|ofb_placement|instability_recovery|cap_conditional|mcs_timing|mcv_track|boundary_interaction|nocturnal_evolution,"Prior/ongoing convection and its outflow or cold pool materially shaped the risk corridor, storm initiation, and mode.","2011-09-03 was an ENH_EQ convective day best classified as tropical_cyclone_tornado_rainbands, with the severe corridor focused by advancing cold front or frontal surge, warm front/baroclinic zone. The expected/observed evolution favored discrete to clustered supercells, MCS clusters and forward-propagating segments, making damaging winds, large hail the dominant hazards. Prior convection, outflow, or cold-pool placement was an important part of the forecast evolution."
2011-09-04,ENH_EQ,tropical_cyclone_tornado_rainbands,likely,tornadoes|damaging winds,tropical rainband supercells|low-topped convective bands|discrete to clustered supercells|squall line/QLCS with embedded bows,Tropical Storm Lee circulation/rainband convergence|advancing cold front or frontal surge|outflow boundary or remnant convective boundary|prefrontal trough/confluence band,prior_convection|ofb_placement|instability_recovery|cap_conditional|mode_transition|boundary_interaction|nocturnal_evolution|moisture_quality,"Prior/ongoing convection and its outflow or cold pool materially shaped the risk corridor, storm initiation, and mode.","2011-09-04 was an ENH_EQ convective day best classified as tropical_cyclone_tornado_rainbands, with the severe corridor focused by advancing cold front or frontal surge, outflow boundary or remnant convective boundary. The expected/observed evolution favored discrete to clustered supercells, squall line/QLCS with embedded bows, making tornadoes, damaging winds, large hail the dominant hazards. Prior convection, outflow, or cold-pool placement was an important part of the forecast evolution."
2011-09-06,ENH_EQ,tropical_cyclone_tornado_rainbands,likely,tornadoes|damaging winds,tropical rainband supercells|low-topped convective bands|discrete to clustered supercells|squall line/QLCS with embedded bows,Tropical Storm Lee circulation/rainband convergence|advancing cold front or frontal surge|outflow boundary or remnant convective boundary|prefrontal trough/confluence band,prior_convection|ofb_placement|instability_recovery|cap_conditional|mode_transition|boundary_interaction|model_guidance_mismatch|nocturnal_evolution,"Prior/ongoing convection and its outflow or cold pool materially shaped the risk corridor, storm initiation, and mode.","2011-09-06 was an ENH_EQ convective day best classified as tropical_cyclone_tornado_rainbands, with the severe corridor focused by advancing cold front or frontal surge, outflow boundary or remnant convective boundary. The expected/observed evolution favored discrete to clustered supercells, squall line/QLCS with embedded bows, making damaging winds, large hail the dominant hazards. Prior convection, outflow, or cold-pool placement was an important part of the forecast evolution."
2011-09-18,ENH_EQ,multi_region_multi_mode,likely,damaging winds|large hail,organized multicell clusters,advancing cold front or frontal surge|outflow boundary or remnant convective boundary,ofb_placement|instability_recovery|cap_conditional|boundary_interaction|moisture_quality,"Prior/ongoing convection and its outflow or cold pool materially shaped the risk corridor, storm initiation, and mode.","2011-09-18 was an ENH_EQ convective day best classified as multi_region_multi_mode, with the severe corridor focused by advancing cold front or frontal surge, outflow boundary or remnant convective boundary. The expected/observed evolution favored organized multicell clusters, making damaging winds, large hail the dominant hazards. Prior convection, outflow, or cold-pool placement was an important part of the forecast evolution."
2012-01-26,ENH_EQ,mixed_discrete_to_qlcs_outbreak,core,tornadoes|damaging winds,discrete/semi-discrete supercells|QLCS or squall line with embedded circulations|bowing MCS/forward-propagating cold pool|mixed discrete-to-linear storm mode,advancing cold front and prefrontal convergence|outflow/effective boundary and cold-pool-modified corridor|upslope/lee-trough terrain circulation,ofb_placement|instability_recovery|cap_conditional|mcs_timing|boundary_interaction|nocturnal_evolution|moisture_quality|storm_coverage_uncertain,"MCS/outflow/cold-pool processes were central to the risk placement, propagation, or dominant wind mode.","The 2012-01-26 Day 1 risk is best classified as mixed_discrete_to_qlcs_outbreak, focused by advancing cold front and prefrontal convergence, outflow/effective boundary and cold-pool-modified corridor. Forecast and MD text support discrete/semi-discrete supercells, QLCS or squall line with embedded circulations, with the main hazards ordered as tornadoes, damaging winds. Key uncertainty involved ofb placement, instability recovery, cap conditional."
2012-02-29,MDT,mixed_discrete_to_qlcs_outbreak,core,tornadoes|damaging winds,discrete/semi-discrete supercells|bowing MCS/forward-propagating cold pool|elevated nocturnal convection/hail clusters|mixed discrete-to-linear storm mode,advancing cold front and prefrontal convergence|retreating or lifting warm front/baroclinic zone|outflow/effective boundary and cold-pool-modified corridor,ofb_placement|instability_recovery|mcs_timing|boundary_interaction|model_guidance_mismatch|nocturnal_evolution|moisture_quality,"MCS/outflow/cold-pool processes were central to the risk placement, propagation, or dominant wind mode.","The 2012-02-29 Day 1 risk is best classified as mixed_discrete_to_qlcs_outbreak, focused by advancing cold front and prefrontal convergence, retreating or lifting warm front/baroclinic zone. Forecast and MD text support discrete/semi-discrete supercells, bowing MCS/forward-propagating cold pool, with the main hazards ordered as tornadoes, damaging winds. Key uncertainty involved ofb placement, instability recovery, mcs timing."
2012-03-03,ENH_EQ,mixed_discrete_to_qlcs_outbreak,likely,tornadoes|damaging winds,QLCS or squall line with embedded circulations|mixed discrete-to-linear storm mode,advancing cold front and prefrontal convergence|outflow/effective boundary and cold-pool-modified corridor,prior_convection|ofb_placement|cap_conditional|mode_transition|mcs_timing|boundary_interaction|model_guidance_mismatch|nocturnal_evolution,Outflow or prior-convective boundaries clearly influenced the event but shared control with synoptic fronts and larger-scale forcing.,"The 2012-03-03 Day 1 risk is best classified as mixed_discrete_to_qlcs_outbreak, focused by advancing cold front and prefrontal convergence, outflow/effective boundary and cold-pool-modified corridor. Forecast and MD text support QLCS or squall line with embedded circulations, mixed discrete-to-linear storm mode, with the main hazards ordered as tornadoes, damaging winds. Key uncertainty involved prior convection, ofb placement, cap conditional."
2012-03-12,ENH_EQ,mixed_discrete_to_qlcs_outbreak,core,tornadoes|damaging winds|large hail,clustered supercells and multicell clusters|bowing MCS/forward-propagating cold pool|elevated nocturnal convection/hail clusters|mixed discrete-to-linear storm mode,advancing cold front and prefrontal convergence|outflow/effective boundary and cold-pool-modified corridor,ofb_placement|instability_recovery|mcs_timing|boundary_interaction|nocturnal_evolution|moisture_quality,"MCS/outflow/cold-pool processes were central to the risk placement, propagation, or dominant wind mode.","The 2012-03-12 Day 1 risk is best classified as mixed_discrete_to_qlcs_outbreak, focused by advancing cold front and prefrontal convergence, outflow/effective boundary and cold-pool-modified corridor. Forecast and MD text support clustered supercells and multicell clusters, bowing MCS/forward-propagating cold pool, with the main hazards ordered as tornadoes, damaging winds, large hail. Key uncertainty involved ofb placement, instability recovery, mcs timing."
2012-03-19,MDT,mixed_discrete_to_qlcs_outbreak,core,tornadoes|damaging winds|very large hail,discrete/semi-discrete supercells|clustered supercells and multicell clusters|QLCS or squall line with embedded circulations|bowing MCS/forward-propagating cold pool|elevated nocturnal convection/hail clusters|mixed discrete-to-linear storm mode,advancing cold front and prefrontal convergence|outflow/effective boundary and cold-pool-modified corridor|remnant or convectively enhanced MCV/shortwave forcing|upslope/lee-trough terrain circulation,ofb_placement|instability_recovery|cap_conditional|mode_transition|mcs_timing|mcv_track|boundary_interaction|nocturnal_evolution,"MCS/outflow/cold-pool processes were central to the risk placement, propagation, or dominant wind mode.","The 2012-03-19 Day 1 risk is best classified as mixed_discrete_to_qlcs_outbreak, focused by advancing cold front and prefrontal convergence, outflow/effective boundary and cold-pool-modified corridor. Forecast and MD text support discrete/semi-discrete supercells, clustered supercells and multicell clusters, with the main hazards ordered as tornadoes, damaging winds, very large hail. Key uncertainty involved ofb placement, instability recovery, cap conditional."
2012-03-28,ENH_EQ,forward_propagating_mcs_wind,core,damaging winds|large hail,QLCS or squall line with embedded circulations|bowing MCS/forward-propagating cold pool|elevated nocturnal convection/hail clusters,advancing cold front and prefrontal convergence|retreating or lifting warm front/baroclinic zone|outflow/effective boundary and cold-pool-modified corridor|upslope/lee-trough terrain circulation,ofb_placement|instability_recovery|cap_conditional|mode_transition|mcs_timing|boundary_interaction|nocturnal_evolution|moisture_quality,"MCS/outflow/cold-pool processes were central to the risk placement, propagation, or dominant wind mode.","The 2012-03-28 Day 1 risk is best classified as forward_propagating_mcs_wind, focused by advancing cold front and prefrontal convergence, retreating or lifting warm front/baroclinic zone. Forecast and MD text support QLCS or squall line with embedded circulations, bowing MCS/forward-propagating cold pool, with the main hazards ordered as damaging winds, large hail. Key uncertainty involved ofb placement, instability recovery, cap conditional."
2012-03-29,ENH_EQ,mixed_discrete_to_qlcs_outbreak,core,tornadoes|damaging winds|very large hail,clustered supercells and multicell clusters|elevated nocturnal convection/hail clusters|mixed discrete-to-linear storm mode,advancing cold front and prefrontal convergence|retreating or lifting warm front/baroclinic zone|outflow/effective boundary and cold-pool-modified corridor|upslope/lee-trough terrain circulation,ofb_placement|cap_conditional|mode_transition|mcs_timing|boundary_interaction|model_guidance_mismatch|nocturnal_evolution|moisture_quality,"MCS/outflow/cold-pool processes were central to the risk placement, propagation, or dominant wind mode.","The 2012-03-29 Day 1 risk is best classified as mixed_discrete_to_qlcs_outbreak, focused by advancing cold front and prefrontal convergence, retreating or lifting warm front/baroclinic zone. Forecast and MD text support clustered supercells and multicell clusters, elevated nocturnal convection/hail clusters, with the main hazards ordered as tornadoes, damaging winds, very large hail. Key uncertainty involved ofb placement, cap conditional, mode transition."
2012-04-01,ENH_EQ,mixed_discrete_to_qlcs_outbreak,likely,tornadoes|damaging winds|very large hail,bowing MCS/forward-propagating cold pool|elevated nocturnal convection/hail clusters|mixed discrete-to-linear storm mode,dryline/lee trough initiating Plains convection|advancing cold front and prefrontal convergence|retreating or lifting warm front/baroclinic zone|outflow/effective boundary and cold-pool-modified corridor|upslope/lee-trough terrain circulation,ofb_placement|cap_conditional|mode_transition|mcs_timing|boundary_interaction|model_guidance_mismatch|nocturnal_evolution|moisture_quality,Outflow or prior-convective boundaries clearly influenced the event but shared control with synoptic fronts and larger-scale forcing.,"The 2012-04-01 Day 1 risk is best classified as mixed_discrete_to_qlcs_outbreak, focused by dryline/lee trough initiating Plains convection, advancing cold front and prefrontal convergence. Forecast and MD text support bowing MCS/forward-propagating cold pool, elevated nocturnal convection/hail clusters, with the main hazards ordered as tornadoes, damaging winds, very large hail. Key uncertainty involved ofb placement, cap conditional, mode transition."
2012-04-02,ENH_EQ,mixed_discrete_to_qlcs_outbreak,core,tornadoes|damaging winds|very large hail,clustered supercells and multicell clusters|bowing MCS/forward-propagating cold pool|elevated nocturnal convection/hail clusters|mixed discrete-to-linear storm mode,dryline/lee trough initiating Plains convection|advancing cold front and prefrontal convergence|outflow/effective boundary and cold-pool-modified corridor|remnant or convectively enhanced MCV/shortwave forcing|upslope/lee-trough terrain circulation,ofb_placement|instability_recovery|cap_conditional|mode_transition|mcs_timing|mcv_track|boundary_interaction|model_guidance_mismatch,"MCS/outflow/cold-pool processes were central to the risk placement, propagation, or dominant wind mode.","The 2012-04-02 Day 1 risk is best classified as mixed_discrete_to_qlcs_outbreak, focused by dryline/lee trough initiating Plains convection, advancing cold front and prefrontal convergence. Forecast and MD text support clustered supercells and multicell clusters, bowing MCS/forward-propagating cold pool, with the main hazards ordered as tornadoes, damaging winds, very large hail. Key uncertainty involved ofb placement, instability recovery, cap conditional."
2012-04-03,ENH_EQ,mixed_discrete_to_qlcs_outbreak,core,tornadoes|damaging winds|very large hail,discrete/semi-discrete supercells|clustered supercells and multicell clusters|QLCS or squall line with embedded circulations|bowing MCS/forward-propagating cold pool|elevated nocturnal convection/hail clusters|mixed discrete-to-linear storm mode,advancing cold front and prefrontal convergence|retreating or lifting warm front/baroclinic zone|quasi-stationary frontal zone on the instability gradient|outflow/effective boundary and cold-pool-modified corridor|remnant or convectively enhanced MCV/shortwave forcing|upslope/lee-trough terrain circulation,ofb_placement|instability_recovery|cap_conditional|mode_transition|mcs_timing|mcv_track|boundary_interaction|nocturnal_evolution,"MCS/outflow/cold-pool processes were central to the risk placement, propagation, or dominant wind mode.","The 2012-04-03 Day 1 risk is best classified as mixed_discrete_to_qlcs_outbreak, focused by advancing cold front and prefrontal convergence, retreating or lifting warm front/baroclinic zone. Forecast and MD text support discrete/semi-discrete supercells, clustered supercells and multicell clusters, with the main hazards ordered as tornadoes, damaging winds, very large hail. Key uncertainty involved ofb placement, instability recovery, cap conditional."
2012-04-05,ENH_EQ,mixed_discrete_to_qlcs_outbreak,core,tornadoes|damaging winds|large hail,clustered supercells and multicell clusters|bowing MCS/forward-propagating cold pool|elevated nocturnal convection/hail clusters|mixed discrete-to-linear storm mode,advancing cold front and prefrontal convergence|outflow/effective boundary and cold-pool-modified corridor,ofb_placement|instability_recovery|mcs_timing|boundary_interaction|nocturnal_evolution|moisture_quality,"MCS/outflow/cold-pool processes were central to the risk placement, propagation, or dominant wind mode.","The 2012-04-05 Day 1 risk is best classified as mixed_discrete_to_qlcs_outbreak, focused by advancing cold front and prefrontal convergence, outflow/effective boundary and cold-pool-modified corridor. Forecast and MD text support clustered supercells and multicell clusters, bowing MCS/forward-propagating cold pool, with the main hazards ordered as tornadoes, damaging winds, large hail. Key uncertainty involved ofb placement, instability recovery, mcs timing."
2012-04-15,MDT,mixed_discrete_to_qlcs_outbreak,likely,tornadoes|damaging winds|large hail,QLCS or squall line with embedded circulations|bowing MCS/forward-propagating cold pool|mixed discrete-to-linear storm mode,advancing cold front and prefrontal convergence|retreating or lifting warm front/baroclinic zone|outflow/effective boundary and cold-pool-modified corridor|upslope/lee-trough terrain circulation,prior_convection|ofb_placement|instability_recovery|cap_conditional|mode_transition|mcs_timing|boundary_interaction|model_guidance_mismatch,Outflow or prior-convective boundaries clearly influenced the event but shared control with synoptic fronts and larger-scale forcing.,"The 2012-04-15 Day 1 risk is best classified as mixed_discrete_to_qlcs_outbreak, focused by advancing cold front and prefrontal convergence, retreating or lifting warm front/baroclinic zone. Forecast and MD text support QLCS or squall line with embedded circulations, bowing MCS/forward-propagating cold pool, with the main hazards ordered as tornadoes, damaging winds, large hail. Key uncertainty involved prior convection, ofb placement, instability recovery."
2012-04-26,ENH_EQ,mixed_discrete_to_qlcs_outbreak,core,strong tornadoes|damaging winds|large hail,QLCS or squall line with embedded circulations|bowing MCS/forward-propagating cold pool|elevated nocturnal convection/hail clusters|mixed discrete-to-linear storm mode,advancing cold front and prefrontal convergence|retreating or lifting warm front/baroclinic zone|quasi-stationary frontal zone on the instability gradient|outflow/effective boundary and cold-pool-modified corridor|remnant or convectively enhanced MCV/shortwave forcing|upslope/lee-trough terrain circulation,prior_convection|ofb_placement|instability_recovery|cap_conditional|mode_transition|mcs_timing|mcv_track|boundary_interaction,"MCS/outflow/cold-pool processes were central to the risk placement, propagation, or dominant wind mode.","The 2012-04-26 Day 1 risk is best classified as mixed_discrete_to_qlcs_outbreak, focused by advancing cold front and prefrontal convergence, retreating or lifting warm front/baroclinic zone. Forecast and MD text support QLCS or squall line with embedded circulations, bowing MCS/forward-propagating cold pool, with the main hazards ordered as strong tornadoes, damaging winds, large hail. Key uncertainty involved prior convection, ofb placement, instability recovery."
2012-04-30,ENH_EQ,mixed_discrete_to_qlcs_outbreak,core,tornadoes|damaging winds|very large hail,discrete/semi-discrete supercells|clustered supercells and multicell clusters|QLCS or squall line with embedded circulations|bowing MCS/forward-propagating cold pool|elevated nocturnal convection/hail clusters|mixed discrete-to-linear storm mode,dryline/lee trough initiating Plains convection|advancing cold front and prefrontal convergence|retreating or lifting warm front/baroclinic zone|quasi-stationary frontal zone on the instability gradient|outflow/effective boundary and cold-pool-modified corridor|upslope/lee-trough terrain circulation,ofb_placement|instability_recovery|cap_conditional|mode_transition|mcs_timing|boundary_interaction|model_guidance_mismatch|nocturnal_evolution,"MCS/outflow/cold-pool processes were central to the risk placement, propagation, or dominant wind mode.","The 2012-04-30 Day 1 risk is best classified as mixed_discrete_to_qlcs_outbreak, focused by dryline/lee trough initiating Plains convection, advancing cold front and prefrontal convergence. Forecast and MD text support discrete/semi-discrete supercells, clustered supercells and multicell clusters, with the main hazards ordered as tornadoes, damaging winds, very large hail. Key uncertainty involved ofb placement, instability recovery, cap conditional."
2012-05-01,ENH_EQ,mixed_discrete_to_qlcs_outbreak,core,strong tornadoes|damaging winds|very large hail,discrete/semi-discrete supercells|clustered supercells and multicell clusters|QLCS or squall line with embedded circulations|bowing MCS/forward-propagating cold pool|elevated nocturnal convection/hail clusters|mixed discrete-to-linear storm mode,dryline/lee trough initiating Plains convection|advancing cold front and prefrontal convergence|retreating or lifting warm front/baroclinic zone|quasi-stationary frontal zone on the instability gradient|outflow/effective boundary and cold-pool-modified corridor|remnant or convectively enhanced MCV/shortwave forcing|upslope/lee-trough terrain circulation,ofb_placement|instability_recovery|cap_conditional|mode_transition|mcs_timing|mcv_track|boundary_interaction|model_guidance_mismatch,"MCS/outflow/cold-pool processes were central to the risk placement, propagation, or dominant wind mode.","The 2012-05-01 Day 1 risk is best classified as mixed_discrete_to_qlcs_outbreak, focused by dryline/lee trough initiating Plains convection, advancing cold front and prefrontal convergence. Forecast and MD text support discrete/semi-discrete supercells, clustered supercells and multicell clusters, with the main hazards ordered as strong tornadoes, damaging winds, very large hail. Key uncertainty involved ofb placement, instability recovery, cap conditional."
2012-05-02,MDT,mixed_discrete_to_qlcs_outbreak,core,tornadoes|widespread damaging winds|very large hail,clustered supercells and multicell clusters|bowing MCS/forward-propagating cold pool|elevated nocturnal convection/hail clusters|mixed discrete-to-linear storm mode,dryline/lee trough initiating Plains convection|retreating or lifting warm front/baroclinic zone|quasi-stationary frontal zone on the instability gradient|outflow/effective boundary and cold-pool-modified corridor|remnant or convectively enhanced MCV/shortwave forcing|upslope/lee-trough terrain circulation,ofb_placement|instability_recovery|cap_conditional|mode_transition|mcs_timing|mcv_track|boundary_interaction|model_guidance_mismatch,"MCS/outflow/cold-pool processes were central to the risk placement, propagation, or dominant wind mode.","The 2012-05-02 Day 1 risk is best classified as mixed_discrete_to_qlcs_outbreak, focused by dryline/lee trough initiating Plains convection, retreating or lifting warm front/baroclinic zone. Forecast and MD text support clustered supercells and multicell clusters, bowing MCS/forward-propagating cold pool, with the main hazards ordered as tornadoes, widespread damaging winds, very large hail. Key uncertainty involved ofb placement, instability recovery, cap conditional."
2012-05-03,ENH_EQ,mixed_discrete_to_qlcs_outbreak,core,tornadoes|damaging winds|very large hail,discrete/semi-discrete supercells|clustered supercells and multicell clusters|bowing MCS/forward-propagating cold pool|elevated nocturnal convection/hail clusters|mixed discrete-to-linear storm mode,dryline/lee trough initiating Plains convection|retreating or lifting warm front/baroclinic zone|quasi-stationary frontal zone on the instability gradient|outflow/effective boundary and cold-pool-modified corridor|remnant or convectively enhanced MCV/shortwave forcing|upslope/lee-trough terrain circulation,prior_convection|ofb_placement|instability_recovery|cap_conditional|mode_transition|mcs_timing|mcv_track|boundary_interaction,"MCS/outflow/cold-pool processes were central to the risk placement, propagation, or dominant wind mode.","The 2012-05-03 Day 1 risk is best classified as mixed_discrete_to_qlcs_outbreak, focused by dryline/lee trough initiating Plains convection, retreating or lifting warm front/baroclinic zone. Forecast and MD text support discrete/semi-discrete supercells, clustered supercells and multicell clusters, with the main hazards ordered as tornadoes, damaging winds, very large hail. Key uncertainty involved prior convection, ofb placement, instability recovery."
2012-05-04,ENH_EQ,mixed_discrete_to_qlcs_outbreak,core,tornadoes|damaging winds|very large hail,clustered supercells and multicell clusters|QLCS or squall line with embedded circulations|bowing MCS/forward-propagating cold pool|elevated nocturnal convection/hail clusters|mixed discrete-to-linear storm mode,dryline/lee trough initiating Plains convection|advancing cold front and prefrontal convergence|retreating or lifting warm front/baroclinic zone|quasi-stationary frontal zone on the instability gradient|outflow/effective boundary and cold-pool-modified corridor|remnant or convectively enhanced MCV/shortwave forcing|upslope/lee-trough terrain circulation,prior_convection|ofb_placement|instability_recovery|cap_conditional|mode_transition|mcs_timing|mcv_track|boundary_interaction,"MCS/outflow/cold-pool processes were central to the risk placement, propagation, or dominant wind mode.","The 2012-05-04 Day 1 risk is best classified as mixed_discrete_to_qlcs_outbreak, focused by dryline/lee trough initiating Plains convection, advancing cold front and prefrontal convergence. Forecast and MD text support clustered supercells and multicell clusters, QLCS or squall line with embedded circulations, with the main hazards ordered as tornadoes, damaging winds, very large hail. Key uncertainty involved prior convection, ofb placement, instability recovery."
2012-05-05,ENH_EQ,mixed_discrete_to_qlcs_outbreak,core,tornadoes|damaging winds|very large hail,clustered supercells and multicell clusters|QLCS or squall line with embedded circulations|bowing MCS/forward-propagating cold pool|elevated nocturnal convection/hail clusters|mixed discrete-to-linear storm mode,dryline/lee trough initiating Plains convection|advancing cold front and prefrontal convergence|retreating or lifting warm front/baroclinic zone|quasi-stationary frontal zone on the instability gradient|outflow/effective boundary and cold-pool-modified corridor|remnant or convectively enhanced MCV/shortwave forcing|upslope/lee-trough terrain circulation|sea-breeze or coastal boundary,prior_convection|ofb_placement|instability_recovery|cap_conditional|mode_transition|mcs_timing|mcv_track|boundary_interaction,"MCS/outflow/cold-pool processes were central to the risk placement, propagation, or dominant wind mode.","The 2012-05-05 Day 1 risk is best classified as mixed_discrete_to_qlcs_outbreak, focused by dryline/lee trough initiating Plains convection, advancing cold front and prefrontal convergence. Forecast and MD text support clustered supercells and multicell clusters, QLCS or squall line with embedded circulations, with the main hazards ordered as tornadoes, damaging winds, very large hail. Key uncertainty involved prior convection, ofb placement, instability recovery."
2012-05-06,ENH_EQ,mixed_discrete_to_qlcs_outbreak,core,tornadoes|damaging winds|large hail,clustered supercells and multicell clusters|QLCS or squall line with embedded circulations|bowing MCS/forward-propagating cold pool|mixed discrete-to-linear storm mode,dryline/lee trough initiating Plains convection|advancing cold front and prefrontal convergence|retreating or lifting warm front/baroclinic zone|quasi-stationary frontal zone on the instability gradient|outflow/effective boundary and cold-pool-modified corridor|remnant or convectively enhanced MCV/shortwave forcing|upslope/lee-trough terrain circulation,ofb_placement|instability_recovery|cap_conditional|mode_transition|mcs_timing|mcv_track|boundary_interaction|nocturnal_evolution,"MCS/outflow/cold-pool processes were central to the risk placement, propagation, or dominant wind mode.","The 2012-05-06 Day 1 risk is best classified as mixed_discrete_to_qlcs_outbreak, focused by dryline/lee trough initiating Plains convection, advancing cold front and prefrontal convergence. Forecast and MD text support clustered supercells and multicell clusters, QLCS or squall line with embedded circulations, with the main hazards ordered as tornadoes, damaging winds, large hail. Key uncertainty involved ofb placement, instability recovery, cap conditional."
2012-05-07,ENH_EQ,mixed_discrete_to_qlcs_outbreak,core,tornadoes|damaging winds|very large hail,discrete/semi-discrete supercells|clustered supercells and multicell clusters|QLCS or squall line with embedded circulations|elevated nocturnal convection/hail clusters|mixed discrete-to-linear storm mode,dryline/lee trough initiating Plains convection|advancing cold front and prefrontal convergence|retreating or lifting warm front/baroclinic zone|outflow/effective boundary and cold-pool-modified corridor|upslope/lee-trough terrain circulation|sea-breeze or coastal boundary,prior_convection|ofb_placement|instability_recovery|cap_conditional|mode_transition|mcs_timing|boundary_interaction|model_guidance_mismatch,"MCS/outflow/cold-pool processes were central to the risk placement, propagation, or dominant wind mode.","The 2012-05-07 Day 1 risk is best classified as mixed_discrete_to_qlcs_outbreak, focused by dryline/lee trough initiating Plains convection, advancing cold front and prefrontal convergence. Forecast and MD text support discrete/semi-discrete supercells, clustered supercells and multicell clusters, with the main hazards ordered as tornadoes, damaging winds, very large hail. Key uncertainty involved prior convection, ofb placement, instability recovery."
2012-05-10,ENH_EQ,mixed_discrete_to_qlcs_outbreak,core,tornadoes|damaging winds|large hail,discrete/semi-discrete supercells|clustered supercells and multicell clusters|QLCS or squall line with embedded circulations|bowing MCS/forward-propagating cold pool|elevated nocturnal convection/hail clusters|mixed discrete-to-linear storm mode,advancing cold front and prefrontal convergence|retreating or lifting warm front/baroclinic zone|quasi-stationary frontal zone on the instability gradient|outflow/effective boundary and cold-pool-modified corridor|remnant or convectively enhanced MCV/shortwave forcing|upslope/lee-trough terrain circulation|sea-breeze or coastal boundary,ofb_placement|instability_recovery|cap_conditional|mode_transition|mcs_timing|mcv_track|boundary_interaction|model_guidance_mismatch,"MCS/outflow/cold-pool processes were central to the risk placement, propagation, or dominant wind mode.","The 2012-05-10 Day 1 risk is best classified as mixed_discrete_to_qlcs_outbreak, focused by advancing cold front and prefrontal convergence, retreating or lifting warm front/baroclinic zone. Forecast and MD text support discrete/semi-discrete supercells, clustered supercells and multicell clusters, with the main hazards ordered as tornadoes, damaging winds, large hail. Key uncertainty involved ofb placement, instability recovery, cap conditional."
2012-05-19,ENH_EQ,mixed_discrete_to_qlcs_outbreak,core,tornadoes|damaging winds|large hail,clustered supercells and multicell clusters|QLCS or squall line with embedded circulations|bowing MCS/forward-propagating cold pool|elevated nocturnal convection/hail clusters|mixed discrete-to-linear storm mode,dryline/lee trough initiating Plains convection|advancing cold front and prefrontal convergence|outflow/effective boundary and cold-pool-modified corridor|remnant or convectively enhanced MCV/shortwave forcing|upslope/lee-trough terrain circulation|sea-breeze or coastal boundary,ofb_placement|instability_recovery|cap_conditional|mode_transition|mcs_timing|mcv_track|boundary_interaction|model_guidance_mismatch,"MCS/outflow/cold-pool processes were central to the risk placement, propagation, or dominant wind mode.","The 2012-05-19 Day 1 risk is best classified as mixed_discrete_to_qlcs_outbreak, focused by dryline/lee trough initiating Plains convection, advancing cold front and prefrontal convergence. Forecast and MD text support clustered supercells and multicell clusters, QLCS or squall line with embedded circulations, with the main hazards ordered as tornadoes, damaging winds, large hail. Key uncertainty involved ofb placement, instability recovery, cap conditional."
2012-05-20,ENH_EQ,mixed_discrete_to_qlcs_outbreak,likely,tornadoes|damaging winds|large hail,clustered supercells and multicell clusters|QLCS or squall line with embedded circulations|elevated nocturnal convection/hail clusters|mixed discrete-to-linear storm mode,advancing cold front and prefrontal convergence|retreating or lifting warm front/baroclinic zone|outflow/effective boundary and cold-pool-modified corridor|remnant or convectively enhanced MCV/shortwave forcing|upslope/lee-trough terrain circulation|sea-breeze or coastal boundary,ofb_placement|instability_recovery|cap_conditional|mode_transition|mcv_track|boundary_interaction|model_guidance_mismatch|nocturnal_evolution,Outflow or prior-convective boundaries clearly influenced the event but shared control with synoptic fronts and larger-scale forcing.,"The 2012-05-20 Day 1 risk is best classified as mixed_discrete_to_qlcs_outbreak, focused by advancing cold front and prefrontal convergence, retreating or lifting warm front/baroclinic zone. Forecast and MD text support clustered supercells and multicell clusters, QLCS or squall line with embedded circulations, with the main hazards ordered as tornadoes, damaging winds, large hail. Key uncertainty involved ofb placement, instability recovery, cap conditional."
2012-05-22,ENH_EQ,mixed_discrete_to_qlcs_outbreak,likely,tornadoes|damaging winds|very large hail,clustered supercells and multicell clusters|QLCS or squall line with embedded circulations|bowing MCS/forward-propagating cold pool|elevated nocturnal convection/hail clusters|mixed discrete-to-linear storm mode,dryline/lee trough initiating Plains convection|advancing cold front and prefrontal convergence|retreating or lifting warm front/baroclinic zone|outflow/effective boundary and cold-pool-modified corridor|upslope/lee-trough terrain circulation,prior_convection|ofb_placement|instability_recovery|cap_conditional|mode_transition|mcs_timing|boundary_interaction|model_guidance_mismatch,Outflow or prior-convective boundaries clearly influenced the event but shared control with synoptic fronts and larger-scale forcing.,"The 2012-05-22 Day 1 risk is best classified as mixed_discrete_to_qlcs_outbreak, focused by dryline/lee trough initiating Plains convection, advancing cold front and prefrontal convergence. Forecast and MD text support clustered supercells and multicell clusters, QLCS or squall line with embedded circulations, with the main hazards ordered as tornadoes, damaging winds, very large hail. Key uncertainty involved prior convection, ofb placement, instability recovery."
2012-05-23,ENH_EQ,mixed_discrete_to_qlcs_outbreak,likely,tornadoes|damaging winds|very large hail,clustered supercells and multicell clusters|QLCS or squall line with embedded circulations|bowing MCS/forward-propagating cold pool|elevated nocturnal convection/hail clusters|mixed discrete-to-linear storm mode,advancing cold front and prefrontal convergence|retreating or lifting warm front/baroclinic zone|quasi-stationary frontal zone on the instability gradient|outflow/effective boundary and cold-pool-modified corridor|upslope/lee-trough terrain circulation,ofb_placement|instability_recovery|cap_conditional|mode_transition|mcs_timing|boundary_interaction|model_guidance_mismatch|nocturnal_evolution,Outflow or prior-convective boundaries clearly influenced the event but shared control with synoptic fronts and larger-scale forcing.,"The 2012-05-23 Day 1 risk is best classified as mixed_discrete_to_qlcs_outbreak, focused by advancing cold front and prefrontal convergence, retreating or lifting warm front/baroclinic zone. Forecast and MD text support clustered supercells and multicell clusters, QLCS or squall line with embedded circulations, with the main hazards ordered as tornadoes, damaging winds, very large hail. Key uncertainty involved ofb placement, instability recovery, cap conditional."
2012-05-27,MDT,tropical_cyclone_tornado_rainbands,core,tornadoes|damaging winds|very large hail,discrete/semi-discrete supercells|clustered supercells and multicell clusters|QLCS or squall line with embedded circulations|bowing MCS/forward-propagating cold pool|elevated nocturnal convection/hail clusters|mixed discrete-to-linear storm mode,dryline/lee trough initiating Plains convection|advancing cold front and prefrontal convergence|retreating or lifting warm front/baroclinic zone|quasi-stationary frontal zone on the instability gradient|outflow/effective boundary and cold-pool-modified corridor|upslope/lee-trough terrain circulation,ofb_placement|instability_recovery|cap_conditional|mode_transition|mcs_timing|boundary_interaction|model_guidance_mismatch|nocturnal_evolution,"MCS/outflow/cold-pool processes were central to the risk placement, propagation, or dominant wind mode.","The 2012-05-27 Day 1 risk is best classified as tropical_cyclone_tornado_rainbands, focused by dryline/lee trough initiating Plains convection, advancing cold front and prefrontal convergence. Forecast and MD text support discrete/semi-discrete supercells, clustered supercells and multicell clusters, with the main hazards ordered as tornadoes, damaging winds, very large hail. Key uncertainty involved ofb placement, instability recovery, cap conditional."
2012-05-28,ENH_EQ,tropical_cyclone_tornado_rainbands,core,tornadoes|damaging winds|very large hail,discrete/semi-discrete supercells|clustered supercells and multicell clusters|QLCS or squall line with embedded circulations|bowing MCS/forward-propagating cold pool|elevated nocturnal convection/hail clusters|mixed discrete-to-linear storm mode,dryline/lee trough initiating Plains convection|advancing cold front and prefrontal convergence|retreating or lifting warm front/baroclinic zone|quasi-stationary frontal zone on the instability gradient|outflow/effective boundary and cold-pool-modified corridor,prior_convection|ofb_placement|instability_recovery|cap_conditional|mode_transition|mcs_timing|boundary_interaction|model_guidance_mismatch,"MCS/outflow/cold-pool processes were central to the risk placement, propagation, or dominant wind mode.","The 2012-05-28 Day 1 risk is best classified as tropical_cyclone_tornado_rainbands, focused by dryline/lee trough initiating Plains convection, advancing cold front and prefrontal convergence. Forecast and MD text support discrete/semi-discrete supercells, clustered supercells and multicell clusters, with the main hazards ordered as tornadoes, damaging winds, very large hail. Key uncertainty involved prior convection, ofb placement, instability recovery."
2012-05-29,MDT,tropical_cyclone_tornado_rainbands,core,tornadoes|widespread damaging winds|very large hail,discrete/semi-discrete supercells|clustered supercells and multicell clusters|QLCS or squall line with embedded circulations|bowing MCS/forward-propagating cold pool|elevated nocturnal convection/hail clusters|mixed discrete-to-linear storm mode,dryline/lee trough initiating Plains convection|advancing cold front and prefrontal convergence|retreating or lifting warm front/baroclinic zone|quasi-stationary frontal zone on the instability gradient|outflow/effective boundary and cold-pool-modified corridor|upslope/lee-trough terrain circulation,prior_convection|ofb_placement|instability_recovery|cap_conditional|mode_transition|mcs_timing|boundary_interaction|model_guidance_mismatch,"MCS/outflow/cold-pool processes were central to the risk placement, propagation, or dominant wind mode.","The 2012-05-29 Day 1 risk is best classified as tropical_cyclone_tornado_rainbands, focused by dryline/lee trough initiating Plains convection, advancing cold front and prefrontal convergence. Forecast and MD text support discrete/semi-discrete supercells, clustered supercells and multicell clusters, with the main hazards ordered as tornadoes, widespread damaging winds, very large hail. Key uncertainty involved prior convection, ofb placement, instability recovery."
2012-05-30,MDT,tropical_cyclone_tornado_rainbands,core,tornadoes|widespread damaging winds|very large hail,discrete/semi-discrete supercells|clustered supercells and multicell clusters|QLCS or squall line with embedded circulations|bowing MCS/forward-propagating cold pool|elevated nocturnal convection/hail clusters|mixed discrete-to-linear storm mode,dryline/lee trough initiating Plains convection|advancing cold front and prefrontal convergence|retreating or lifting warm front/baroclinic zone|quasi-stationary frontal zone on the instability gradient|outflow/effective boundary and cold-pool-modified corridor|remnant or convectively enhanced MCV/shortwave forcing|upslope/lee-trough terrain circulation,prior_convection|ofb_placement|instability_recovery|cap_conditional|mode_transition|mcs_timing|mcv_track|boundary_interaction,"MCS/outflow/cold-pool processes were central to the risk placement, propagation, or dominant wind mode.","This day evolved around a forward-propagating MCS/derecho wind corridor, with dryline/lee trough initiating Plains convection, advancing cold front and prefrontal convergence controlling where the cold pool could accelerate. The dominant mode was discrete/semi-discrete supercells, clustered supercells and multicell clusters, producing tornadoes, widespread damaging winds, very large hail. Confidence is anchored by explicit outlook/MD references to the organized wind event, though timing and downstream recovery remained important."
2012-05-31,ENH_EQ,mixed_discrete_to_qlcs_outbreak,core,tornadoes|damaging winds|large hail,clustered supercells and multicell clusters|QLCS or squall line with embedded circulations|bowing MCS/forward-propagating cold pool|elevated nocturnal convection/hail clusters|mixed discrete-to-linear storm mode,advancing cold front and prefrontal convergence|retreating or lifting warm front/baroclinic zone|outflow/effective boundary and cold-pool-modified corridor|remnant or convectively enhanced MCV/shortwave forcing|upslope/lee-trough terrain circulation,prior_convection|ofb_placement|instability_recovery|cap_conditional|mode_transition|mcs_timing|mcv_track|boundary_interaction,"MCS/outflow/cold-pool processes were central to the risk placement, propagation, or dominant wind mode.","The 2012-05-31 Day 1 risk is best classified as mixed_discrete_to_qlcs_outbreak, focused by advancing cold front and prefrontal convergence, retreating or lifting warm front/baroclinic zone. Forecast and MD text support clustered supercells and multicell clusters, QLCS or squall line with embedded circulations, with the main hazards ordered as tornadoes, damaging winds, large hail. Key uncertainty involved prior convection, ofb placement, instability recovery."
2012-06-01,MDT,mixed_discrete_to_qlcs_outbreak,core,strong tornadoes|damaging winds|large hail,discrete/semi-discrete supercells|clustered supercells and multicell clusters|QLCS or squall line with embedded circulations|bowing MCS/forward-propagating cold pool|elevated nocturnal convection/hail clusters|mixed discrete-to-linear storm mode,advancing cold front and prefrontal convergence|retreating or lifting warm front/baroclinic zone|outflow/effective boundary and cold-pool-modified corridor|remnant or convectively enhanced MCV/shortwave forcing|upslope/lee-trough terrain circulation,prior_convection|ofb_placement|instability_recovery|cap_conditional|mode_transition|mcs_timing|mcv_track|boundary_interaction,"MCS/outflow/cold-pool processes were central to the risk placement, propagation, or dominant wind mode.","This was a higher-end tornado setup with strong shear and a moist, destabilizing warm sector supporting discrete/semi-discrete supercells, clustered supercells and multicell clusters. The risk was focused by advancing cold front and prefrontal convergence, retreating or lifting warm front/baroclinic zone, with strong tornadoes, damaging winds, large hail the primary hazards. Convective evolution concerns centered on prior convection, ofb placement, instability recovery."
2012-06-03,ENH_EQ,derecho_or_serial_mcs_wind,core,tornadoes|widespread damaging winds|very large hail,clustered supercells and multicell clusters|QLCS or squall line with embedded circulations|bowing MCS/forward-propagating cold pool|elevated nocturnal convection/hail clusters|mixed discrete-to-linear storm mode,dryline/lee trough initiating Plains convection|advancing cold front and prefrontal convergence|retreating or lifting warm front/baroclinic zone|outflow/effective boundary and cold-pool-modified corridor|remnant or convectively enhanced MCV/shortwave forcing|upslope/lee-trough terrain circulation,prior_convection|ofb_placement|instability_recovery|cap_conditional|mode_transition|mcs_timing|mcv_track|boundary_interaction,"MCS/outflow/cold-pool processes were central to the risk placement, propagation, or dominant wind mode.","The 2012-06-03 Day 1 risk is best classified as derecho_or_serial_mcs_wind, focused by dryline/lee trough initiating Plains convection, advancing cold front and prefrontal convergence. Forecast and MD text support clustered supercells and multicell clusters, QLCS or squall line with embedded circulations, with the main hazards ordered as tornadoes, widespread damaging winds, very large hail. Key uncertainty involved prior convection, ofb placement, instability recovery."
2012-06-04,ENH_EQ,mixed_discrete_to_qlcs_outbreak,core,tornadoes|damaging winds|large hail,discrete/semi-discrete supercells|clustered supercells and multicell clusters|QLCS or squall line with embedded circulations|bowing MCS/forward-propagating cold pool|elevated nocturnal convection/hail clusters|mixed discrete-to-linear storm mode,advancing cold front and prefrontal convergence|retreating or lifting warm front/baroclinic zone|quasi-stationary frontal zone on the instability gradient|outflow/effective boundary and cold-pool-modified corridor|remnant or convectively enhanced MCV/shortwave forcing|upslope/lee-trough terrain circulation|sea-breeze or coastal boundary,prior_convection|ofb_placement|instability_recovery|cap_conditional|mode_transition|mcs_timing|mcv_track|boundary_interaction,"MCS/outflow/cold-pool processes were central to the risk placement, propagation, or dominant wind mode.","The 2012-06-04 Day 1 risk is best classified as mixed_discrete_to_qlcs_outbreak, focused by advancing cold front and prefrontal convergence, retreating or lifting warm front/baroclinic zone. Forecast and MD text support discrete/semi-discrete supercells, clustered supercells and multicell clusters, with the main hazards ordered as tornadoes, damaging winds, large hail. Key uncertainty involved prior convection, ofb placement, instability recovery."
2012-06-05,ENH_EQ,mixed_discrete_to_qlcs_outbreak,core,strong tornadoes|damaging winds|very large hail,clustered supercells and multicell clusters|QLCS or squall line with embedded circulations|bowing MCS/forward-propagating cold pool|mixed discrete-to-linear storm mode,advancing cold front and prefrontal convergence|retreating or lifting warm front/baroclinic zone|quasi-stationary frontal zone on the instability gradient|outflow/effective boundary and cold-pool-modified corridor|remnant or convectively enhanced MCV/shortwave forcing|upslope/lee-trough terrain circulation|sea-breeze or coastal boundary,ofb_placement|instability_recovery|cap_conditional|mode_transition|mcs_timing|mcv_track|boundary_interaction|model_guidance_mismatch,"MCS/outflow/cold-pool processes were central to the risk placement, propagation, or dominant wind mode.","The 2012-06-05 Day 1 risk is best classified as mixed_discrete_to_qlcs_outbreak, focused by advancing cold front and prefrontal convergence, retreating or lifting warm front/baroclinic zone. Forecast and MD text support clustered supercells and multicell clusters, QLCS or squall line with embedded circulations, with the main hazards ordered as strong tornadoes, damaging winds, very large hail. Key uncertainty involved ofb placement, instability recovery, cap conditional."
2012-06-06,ENH_EQ,mcv_mcs_outflow_reintensification,likely,tornadoes|damaging winds|large hail,clustered supercells and multicell clusters|elevated nocturnal convection/hail clusters|mixed discrete-to-linear storm mode,advancing cold front and prefrontal convergence|quasi-stationary frontal zone on the instability gradient|outflow/effective boundary and cold-pool-modified corridor|remnant or convectively enhanced MCV/shortwave forcing|upslope/lee-trough terrain circulation|sea-breeze or coastal boundary,prior_convection|ofb_placement|instability_recovery|cap_conditional|mode_transition|mcv_track|boundary_interaction|model_guidance_mismatch,Outflow or prior-convective boundaries clearly influenced the event but shared control with synoptic fronts and larger-scale forcing.,"The 2012-06-06 Day 1 risk is best classified as mcv_mcs_outflow_reintensification, focused by advancing cold front and prefrontal convergence, quasi-stationary frontal zone on the instability gradient. Forecast and MD text support clustered supercells and multicell clusters, elevated nocturnal convection/hail clusters, with the main hazards ordered as tornadoes, damaging winds, large hail. Key uncertainty involved prior convection, ofb placement, instability recovery."
2012-06-07,ENH_EQ,mixed_discrete_to_qlcs_outbreak,likely,tornadoes|damaging winds|very large hail,clustered supercells and multicell clusters|elevated nocturnal convection/hail clusters|mixed discrete-to-linear storm mode,advancing cold front and prefrontal convergence|retreating or lifting warm front/baroclinic zone|quasi-stationary frontal zone on the instability gradient|outflow/effective boundary and cold-pool-modified corridor|upslope/lee-trough terrain circulation|sea-breeze or coastal boundary,prior_convection|ofb_placement|instability_recovery|cap_conditional|mode_transition|mcs_timing|boundary_interaction|model_guidance_mismatch,Outflow or prior-convective boundaries clearly influenced the event but shared control with synoptic fronts and larger-scale forcing.,"The 2012-06-07 Day 1 risk is best classified as mixed_discrete_to_qlcs_outbreak, focused by advancing cold front and prefrontal convergence, retreating or lifting warm front/baroclinic zone. Forecast and MD text support clustered supercells and multicell clusters, elevated nocturnal convection/hail clusters, with the main hazards ordered as tornadoes, damaging winds, very large hail. Key uncertainty involved prior convection, ofb placement, instability recovery."
2012-06-08,ENH_EQ,mixed_discrete_to_qlcs_outbreak,core,strong tornadoes|damaging winds|very large hail,discrete/semi-discrete supercells|clustered supercells and multicell clusters|QLCS or squall line with embedded circulations|bowing MCS/forward-propagating cold pool|elevated nocturnal convection/hail clusters|mixed discrete-to-linear storm mode,advancing cold front and prefrontal convergence|retreating or lifting warm front/baroclinic zone|outflow/effective boundary and cold-pool-modified corridor|upslope/lee-trough terrain circulation|sea-breeze or coastal boundary,ofb_placement|instability_recovery|cap_conditional|mode_transition|mcs_timing|boundary_interaction|model_guidance_mismatch|nocturnal_evolution,"MCS/outflow/cold-pool processes were central to the risk placement, propagation, or dominant wind mode.","The 2012-06-08 Day 1 risk is best classified as mixed_discrete_to_qlcs_outbreak, focused by advancing cold front and prefrontal convergence, retreating or lifting warm front/baroclinic zone. Forecast and MD text support discrete/semi-discrete supercells, clustered supercells and multicell clusters, with the main hazards ordered as strong tornadoes, damaging winds, very large hail. Key uncertainty involved ofb placement, instability recovery, cap conditional."
2012-06-10,ENH_EQ,mixed_discrete_to_qlcs_outbreak,core,tornadoes|damaging winds|large hail,discrete/semi-discrete supercells|clustered supercells and multicell clusters|QLCS or squall line with embedded circulations|bowing MCS/forward-propagating cold pool|elevated nocturnal convection/hail clusters|mixed discrete-to-linear storm mode,dryline/lee trough initiating Plains convection|advancing cold front and prefrontal convergence|retreating or lifting warm front/baroclinic zone|outflow/effective boundary and cold-pool-modified corridor|upslope/lee-trough terrain circulation|sea-breeze or coastal boundary,ofb_placement|instability_recovery|cap_conditional|mode_transition|mcs_timing|boundary_interaction|model_guidance_mismatch|nocturnal_evolution,"MCS/outflow/cold-pool processes were central to the risk placement, propagation, or dominant wind mode.","The 2012-06-10 Day 1 risk is best classified as mixed_discrete_to_qlcs_outbreak, focused by dryline/lee trough initiating Plains convection, advancing cold front and prefrontal convergence. Forecast and MD text support discrete/semi-discrete supercells, clustered supercells and multicell clusters, with the main hazards ordered as tornadoes, damaging winds, large hail. Key uncertainty involved ofb placement, instability recovery, cap conditional."
2012-06-11,ENH_EQ,mcv_mcs_outflow_reintensification,core,widespread damaging winds|very large hail,clustered supercells and multicell clusters|QLCS or squall line with embedded circulations|bowing MCS/forward-propagating cold pool|elevated nocturnal convection/hail clusters|mixed discrete-to-linear storm mode,dryline/lee trough initiating Plains convection|advancing cold front and prefrontal convergence|retreating or lifting warm front/baroclinic zone|quasi-stationary frontal zone on the instability gradient|outflow/effective boundary and cold-pool-modified corridor|remnant or convectively enhanced MCV/shortwave forcing|upslope/lee-trough terrain circulation,ofb_placement|instability_recovery|cap_conditional|mode_transition|mcs_timing|mcv_track|boundary_interaction|model_guidance_mismatch,"MCS/outflow/cold-pool processes were central to the risk placement, propagation, or dominant wind mode.","The 2012-06-11 Day 1 risk is best classified as mcv_mcs_outflow_reintensification, focused by dryline/lee trough initiating Plains convection, advancing cold front and prefrontal convergence. Forecast and MD text support clustered supercells and multicell clusters, QLCS or squall line with embedded circulations, with the main hazards ordered as widespread damaging winds, very large hail. Key uncertainty involved ofb placement, instability recovery, cap conditional."
2012-06-12,ENH_EQ,mixed_discrete_to_qlcs_outbreak,core,tornadoes|damaging winds|very large hail,clustered supercells and multicell clusters|QLCS or squall line with embedded circulations|bowing MCS/forward-propagating cold pool|elevated nocturnal convection/hail clusters|mixed discrete-to-linear storm mode,advancing cold front and prefrontal convergence|retreating or lifting warm front/baroclinic zone|quasi-stationary frontal zone on the instability gradient|outflow/effective boundary and cold-pool-modified corridor|remnant or convectively enhanced MCV/shortwave forcing|upslope/lee-trough terrain circulation,ofb_placement|instability_recovery|cap_conditional|mode_transition|mcs_timing|mcv_track|boundary_interaction|model_guidance_mismatch,"MCS/outflow/cold-pool processes were central to the risk placement, propagation, or dominant wind mode.","The 2012-06-12 Day 1 risk is best classified as mixed_discrete_to_qlcs_outbreak, focused by advancing cold front and prefrontal convergence, retreating or lifting warm front/baroclinic zone. Forecast and MD text support clustered supercells and multicell clusters, QLCS or squall line with embedded circulations, with the main hazards ordered as tornadoes, damaging winds, very large hail. Key uncertainty involved ofb placement, instability recovery, cap conditional."
2012-06-13,ENH_EQ,mixed_discrete_to_qlcs_outbreak,likely,tornadoes|damaging winds|very large hail,discrete/semi-discrete supercells|clustered supercells and multicell clusters|bowing MCS/forward-propagating cold pool|elevated nocturnal convection/hail clusters|mixed discrete-to-linear storm mode,advancing cold front and prefrontal convergence|retreating or lifting warm front/baroclinic zone|outflow/effective boundary and cold-pool-modified corridor|remnant or convectively enhanced MCV/shortwave forcing|upslope/lee-trough terrain circulation,ofb_placement|cap_conditional|mode_transition|mcs_timing|mcv_track|boundary_interaction|model_guidance_mismatch|nocturnal_evolution,Outflow or prior-convective boundaries clearly influenced the event but shared control with synoptic fronts and larger-scale forcing.,"The 2012-06-13 Day 1 risk is best classified as mixed_discrete_to_qlcs_outbreak, focused by advancing cold front and prefrontal convergence, retreating or lifting warm front/baroclinic zone. Forecast and MD text support discrete/semi-discrete supercells, clustered supercells and multicell clusters, with the main hazards ordered as tornadoes, damaging winds, very large hail. Key uncertainty involved ofb placement, cap conditional, mode transition."
2012-06-14,ENH_EQ,mixed_discrete_to_qlcs_outbreak,core,tornadoes|damaging winds|very large hail,clustered supercells and multicell clusters|QLCS or squall line with embedded circulations|bowing MCS/forward-propagating cold pool|elevated nocturnal convection/hail clusters|mixed discrete-to-linear storm mode,dryline/lee trough initiating Plains convection|advancing cold front and prefrontal convergence|retreating or lifting warm front/baroclinic zone|outflow/effective boundary and cold-pool-modified corridor|remnant or convectively enhanced MCV/shortwave forcing|upslope/lee-trough terrain circulation,prior_convection|ofb_placement|instability_recovery|cap_conditional|mode_transition|mcs_timing|mcv_track|boundary_interaction,"MCS/outflow/cold-pool processes were central to the risk placement, propagation, or dominant wind mode.","The 2012-06-14 Day 1 risk is best classified as mixed_discrete_to_qlcs_outbreak, focused by dryline/lee trough initiating Plains convection, advancing cold front and prefrontal convergence. Forecast and MD text support clustered supercells and multicell clusters, QLCS or squall line with embedded circulations, with the main hazards ordered as tornadoes, damaging winds, very large hail. Key uncertainty involved prior convection, ofb placement, instability recovery."
2012-06-15,ENH_EQ,mixed_discrete_to_qlcs_outbreak,core,tornadoes|damaging winds|very large hail,discrete/semi-discrete supercells|clustered supercells and multicell clusters|QLCS or squall line with embedded circulations|bowing MCS/forward-propagating cold pool|elevated nocturnal convection/hail clusters|mixed discrete-to-linear storm mode,retreating or lifting warm front/baroclinic zone|outflow/effective boundary and cold-pool-modified corridor|remnant or convectively enhanced MCV/shortwave forcing|upslope/lee-trough terrain circulation|sea-breeze or coastal boundary,prior_convection|ofb_placement|instability_recovery|cap_conditional|mode_transition|mcs_timing|mcv_track|boundary_interaction,"MCS/outflow/cold-pool processes were central to the risk placement, propagation, or dominant wind mode.","The 2012-06-15 Day 1 risk is best classified as mixed_discrete_to_qlcs_outbreak, focused by retreating or lifting warm front/baroclinic zone, outflow/effective boundary and cold-pool-modified corridor. Forecast and MD text support discrete/semi-discrete supercells, clustered supercells and multicell clusters, with the main hazards ordered as tornadoes, damaging winds, very large hail. Key uncertainty involved prior convection, ofb placement, instability recovery."
2012-06-16,ENH_EQ,mixed_discrete_to_qlcs_outbreak,core,tornadoes|damaging winds|large hail,clustered supercells and multicell clusters|QLCS or squall line with embedded circulations|bowing MCS/forward-propagating cold pool|elevated nocturnal convection/hail clusters|mixed discrete-to-linear storm mode,advancing cold front and prefrontal convergence|outflow/effective boundary and cold-pool-modified corridor|remnant or convectively enhanced MCV/shortwave forcing,ofb_placement|instability_recovery|cap_conditional|mode_transition|mcs_timing|mcv_track|boundary_interaction|model_guidance_mismatch,"MCS/outflow/cold-pool processes were central to the risk placement, propagation, or dominant wind mode.","The 2012-06-16 Day 1 risk is best classified as mixed_discrete_to_qlcs_outbreak, focused by advancing cold front and prefrontal convergence, outflow/effective boundary and cold-pool-modified corridor. Forecast and MD text support clustered supercells and multicell clusters, QLCS or squall line with embedded circulations, with the main hazards ordered as tornadoes, damaging winds, large hail. Key uncertainty involved ofb placement, instability recovery, cap conditional."
2012-06-17,MDT,mixed_discrete_to_qlcs_outbreak,core,strong tornadoes|widespread damaging winds|very large hail,discrete/semi-discrete supercells|clustered supercells and multicell clusters|QLCS or squall line with embedded circulations|bowing MCS/forward-propagating cold pool|elevated nocturnal convection/hail clusters|mixed discrete-to-linear storm mode,dryline/lee trough initiating Plains convection|advancing cold front and prefrontal convergence|retreating or lifting warm front/baroclinic zone|outflow/effective boundary and cold-pool-modified corridor|upslope/lee-trough terrain circulation,ofb_placement|instability_recovery|cap_conditional|mode_transition|mcs_timing|boundary_interaction|model_guidance_mismatch|nocturnal_evolution,"MCS/outflow/cold-pool processes were central to the risk placement, propagation, or dominant wind mode.","This was a higher-end tornado setup with strong shear and a moist, destabilizing warm sector supporting discrete/semi-discrete supercells, clustered supercells and multicell clusters. The risk was focused by dryline/lee trough initiating Plains convection, advancing cold front and prefrontal convergence, with strong tornadoes, widespread damaging winds, very large hail the primary hazards. Convective evolution concerns centered on ofb placement, instability recovery, cap conditional."
2012-06-18,ENH_EQ,mixed_discrete_to_qlcs_outbreak,core,tornadoes|damaging winds|large hail,discrete/semi-discrete supercells|clustered supercells and multicell clusters|QLCS or squall line with embedded circulations|bowing MCS/forward-propagating cold pool|elevated nocturnal convection/hail clusters|mixed discrete-to-linear storm mode,advancing cold front and prefrontal convergence|retreating or lifting warm front/baroclinic zone|outflow/effective boundary and cold-pool-modified corridor|upslope/lee-trough terrain circulation,ofb_placement|instability_recovery|cap_conditional|mode_transition|mcs_timing|boundary_interaction|model_guidance_mismatch|nocturnal_evolution,"MCS/outflow/cold-pool processes were central to the risk placement, propagation, or dominant wind mode.","The 2012-06-18 Day 1 risk is best classified as mixed_discrete_to_qlcs_outbreak, focused by advancing cold front and prefrontal convergence, retreating or lifting warm front/baroclinic zone. Forecast and MD text support discrete/semi-discrete supercells, clustered supercells and multicell clusters, with the main hazards ordered as tornadoes, damaging winds, large hail. Key uncertainty involved ofb placement, instability recovery, cap conditional."
2012-06-19,ENH_EQ,mixed_discrete_to_qlcs_outbreak,core,strong tornadoes|damaging winds|large hail,clustered supercells and multicell clusters|QLCS or squall line with embedded circulations|bowing MCS/forward-propagating cold pool|elevated nocturnal convection/hail clusters|mixed discrete-to-linear storm mode,advancing cold front and prefrontal convergence|retreating or lifting warm front/baroclinic zone|quasi-stationary frontal zone on the instability gradient|outflow/effective boundary and cold-pool-modified corridor|upslope/lee-trough terrain circulation,prior_convection|ofb_placement|instability_recovery|cap_conditional|mode_transition|mcs_timing|boundary_interaction|model_guidance_mismatch,"MCS/outflow/cold-pool processes were central to the risk placement, propagation, or dominant wind mode.","The 2012-06-19 Day 1 risk is best classified as mixed_discrete_to_qlcs_outbreak, focused by advancing cold front and prefrontal convergence, retreating or lifting warm front/baroclinic zone. Forecast and MD text support clustered supercells and multicell clusters, QLCS or squall line with embedded circulations, with the main hazards ordered as strong tornadoes, damaging winds, large hail. Key uncertainty involved prior convection, ofb placement, instability recovery."
2012-06-25,ENH_EQ,tropical_cyclone_tornado_rainbands,core,tornadoes|damaging winds|large hail,discrete/semi-discrete supercells|clustered supercells and multicell clusters|QLCS or squall line with embedded circulations|bowing MCS/forward-propagating cold pool|elevated nocturnal convection/hail clusters|mixed discrete-to-linear storm mode,advancing cold front and prefrontal convergence|retreating or lifting warm front/baroclinic zone|outflow/effective boundary and cold-pool-modified corridor|upslope/lee-trough terrain circulation|sea-breeze or coastal boundary,prior_convection|ofb_placement|instability_recovery|cap_conditional|mcs_timing|boundary_interaction|model_guidance_mismatch|nocturnal_evolution,"MCS/outflow/cold-pool processes were central to the risk placement, propagation, or dominant wind mode.","The 2012-06-25 Day 1 risk is best classified as tropical_cyclone_tornado_rainbands, focused by advancing cold front and prefrontal convergence, retreating or lifting warm front/baroclinic zone. Forecast and MD text support discrete/semi-discrete supercells, clustered supercells and multicell clusters, with the main hazards ordered as tornadoes, damaging winds, large hail. Key uncertainty involved prior convection, ofb placement, instability recovery."
2012-06-29,MDT,derecho_or_serial_mcs_wind,core,tornadoes|widespread damaging winds|very large hail,discrete/semi-discrete supercells|clustered supercells and multicell clusters|QLCS or squall line with embedded circulations|bowing MCS/forward-propagating cold pool|elevated nocturnal convection/hail clusters|mixed discrete-to-linear storm mode,advancing cold front and prefrontal convergence|retreating or lifting warm front/baroclinic zone|quasi-stationary frontal zone on the instability gradient|outflow/effective boundary and cold-pool-modified corridor|remnant or convectively enhanced MCV/shortwave forcing|upslope/lee-trough terrain circulation,prior_convection|ofb_placement|instability_recovery|cap_conditional|mode_transition|mcs_timing|mcv_track|boundary_interaction,"MCS/outflow/cold-pool processes were central to the risk placement, propagation, or dominant wind mode.","This day evolved around a forward-propagating MCS/derecho wind corridor, with advancing cold front and prefrontal convergence, retreating or lifting warm front/baroclinic zone controlling where the cold pool could accelerate. The dominant mode was discrete/semi-discrete supercells, clustered supercells and multicell clusters, producing tornadoes, widespread damaging winds, very large hail. Confidence is anchored by explicit outlook/MD references to the organized wind event, though timing and downstream recovery remained important."
2012-06-30,ENH_EQ,derecho_or_serial_mcs_wind,core,tornadoes|widespread damaging winds|large hail,clustered supercells and multicell clusters|QLCS or squall line with embedded circulations|bowing MCS/forward-propagating cold pool|elevated nocturnal convection/hail clusters|mixed discrete-to-linear storm mode,advancing cold front and prefrontal convergence|retreating or lifting warm front/baroclinic zone|quasi-stationary frontal zone on the instability gradient|outflow/effective boundary and cold-pool-modified corridor|remnant or convectively enhanced MCV/shortwave forcing|upslope/lee-trough terrain circulation,prior_convection|ofb_placement|instability_recovery|cap_conditional|mode_transition|mcs_timing|mcv_track|boundary_interaction,"MCS/outflow/cold-pool processes were central to the risk placement, propagation, or dominant wind mode.","This day evolved around a forward-propagating MCS/derecho wind corridor, with advancing cold front and prefrontal convergence, retreating or lifting warm front/baroclinic zone controlling where the cold pool could accelerate. The dominant mode was clustered supercells and multicell clusters, QLCS or squall line with embedded circulations, producing tornadoes, widespread damaging winds, large hail. Confidence is anchored by explicit outlook/MD references to the organized wind event, though timing and downstream recovery remained important."
2012-07-01,ENH_EQ,mcv_mcs_outflow_reintensification,core,damaging winds|very large hail,clustered supercells and multicell clusters|QLCS or squall line with embedded circulations|bowing MCS/forward-propagating cold pool|elevated nocturnal convection/hail clusters|mixed discrete-to-linear storm mode,dryline/lee trough initiating Plains convection|advancing cold front and prefrontal convergence|retreating or lifting warm front/baroclinic zone|quasi-stationary frontal zone on the instability gradient|outflow/effective boundary and cold-pool-modified corridor|remnant or convectively enhanced MCV/shortwave forcing|upslope/lee-trough terrain circulation|sea-breeze or coastal boundary,prior_convection|ofb_placement|instability_recovery|cap_conditional|mode_transition|mcs_timing|mcv_track|boundary_interaction,"MCS/outflow/cold-pool processes were central to the risk placement, propagation, or dominant wind mode.","The 2012-07-01 Day 1 risk is best classified as mcv_mcs_outflow_reintensification, focused by dryline/lee trough initiating Plains convection, advancing cold front and prefrontal convergence. Forecast and MD text support clustered supercells and multicell clusters, QLCS or squall line with embedded circulations, with the main hazards ordered as damaging winds, very large hail. Key uncertainty involved prior convection, ofb placement, instability recovery."
2012-07-02,ENH_EQ,mixed_discrete_to_qlcs_outbreak,core,tornadoes|widespread damaging winds|very large hail,discrete/semi-discrete supercells|clustered supercells and multicell clusters|QLCS or squall line with embedded circulations|bowing MCS/forward-propagating cold pool|elevated nocturnal convection/hail clusters|mixed discrete-to-linear storm mode,advancing cold front and prefrontal convergence|retreating or lifting warm front/baroclinic zone|quasi-stationary frontal zone on the instability gradient|outflow/effective boundary and cold-pool-modified corridor|upslope/lee-trough terrain circulation|sea-breeze or coastal boundary,prior_convection|ofb_placement|instability_recovery|cap_conditional|mode_transition|mcs_timing|boundary_interaction|model_guidance_mismatch,"MCS/outflow/cold-pool processes were central to the risk placement, propagation, or dominant wind mode.","The 2012-07-02 Day 1 risk is best classified as mixed_discrete_to_qlcs_outbreak, focused by advancing cold front and prefrontal convergence, retreating or lifting warm front/baroclinic zone. Forecast and MD text support discrete/semi-discrete supercells, clustered supercells and multicell clusters, with the main hazards ordered as tornadoes, widespread damaging winds, very large hail. Key uncertainty involved prior convection, ofb placement, instability recovery."
2012-07-04,ENH_EQ,mcv_mcs_outflow_reintensification,core,damaging winds|large hail,discrete/semi-discrete supercells|clustered supercells and multicell clusters|QLCS or squall line with embedded circulations|bowing MCS/forward-propagating cold pool|elevated nocturnal convection/hail clusters|mixed discrete-to-linear storm mode,advancing cold front and prefrontal convergence|retreating or lifting warm front/baroclinic zone|outflow/effective boundary and cold-pool-modified corridor|remnant or convectively enhanced MCV/shortwave forcing|upslope/lee-trough terrain circulation,prior_convection|ofb_placement|cap_conditional|mode_transition|mcs_timing|mcv_track|boundary_interaction|nocturnal_evolution,"MCS/outflow/cold-pool processes were central to the risk placement, propagation, or dominant wind mode.","The 2012-07-04 Day 1 risk is best classified as mcv_mcs_outflow_reintensification, focused by advancing cold front and prefrontal convergence, retreating or lifting warm front/baroclinic zone. Forecast and MD text support discrete/semi-discrete supercells, clustered supercells and multicell clusters, with the main hazards ordered as damaging winds, large hail. Key uncertainty involved prior convection, ofb placement, cap conditional."
2012-07-05,ENH_EQ,mixed_discrete_to_qlcs_outbreak,core,tornadoes|damaging winds|large hail,discrete/semi-discrete supercells|clustered supercells and multicell clusters|bowing MCS/forward-propagating cold pool|elevated nocturnal convection/hail clusters|mixed discrete-to-linear storm mode,retreating or lifting warm front/baroclinic zone|outflow/effective boundary and cold-pool-modified corridor|remnant or convectively enhanced MCV/shortwave forcing|upslope/lee-trough terrain circulation,prior_convection|ofb_placement|cap_conditional|mode_transition|mcs_timing|mcv_track|boundary_interaction|model_guidance_mismatch,"MCS/outflow/cold-pool processes were central to the risk placement, propagation, or dominant wind mode.","The 2012-07-05 Day 1 risk is best classified as mixed_discrete_to_qlcs_outbreak, focused by retreating or lifting warm front/baroclinic zone, outflow/effective boundary and cold-pool-modified corridor. Forecast and MD text support discrete/semi-discrete supercells, clustered supercells and multicell clusters, with the main hazards ordered as tornadoes, damaging winds, large hail. Key uncertainty involved prior convection, ofb placement, cap conditional."
2012-07-07,ENH_EQ,northwest_flow_mcs,core,damaging winds,clustered supercells and multicell clusters|QLCS or squall line with embedded circulations|bowing MCS/forward-propagating cold pool|elevated nocturnal convection/hail clusters|mixed discrete-to-linear storm mode,advancing cold front and prefrontal convergence|outflow/effective boundary and cold-pool-modified corridor|upslope/lee-trough terrain circulation,ofb_placement|instability_recovery|cap_conditional|mode_transition|mcs_timing|boundary_interaction|model_guidance_mismatch|nocturnal_evolution,"MCS/outflow/cold-pool processes were central to the risk placement, propagation, or dominant wind mode.","The 2012-07-07 Day 1 risk is best classified as northwest_flow_mcs, focused by advancing cold front and prefrontal convergence, outflow/effective boundary and cold-pool-modified corridor. Forecast and MD text support clustered supercells and multicell clusters, QLCS or squall line with embedded circulations, with the main hazards ordered as damaging winds. Key uncertainty involved ofb placement, instability recovery, cap conditional."
2012-07-08,ENH_EQ,elevated_nocturnal_hail_mcs,likely,damaging winds|large hail,QLCS or squall line with embedded circulations|elevated nocturnal convection/hail clusters,advancing cold front and prefrontal convergence|outflow/effective boundary and cold-pool-modified corridor|upslope/lee-trough terrain circulation,ofb_placement|instability_recovery|cap_conditional|mode_transition|boundary_interaction|model_guidance_mismatch|nocturnal_evolution|moisture_quality,Outflow or prior-convective boundaries clearly influenced the event but shared control with synoptic fronts and larger-scale forcing.,"The 2012-07-08 Day 1 risk is best classified as elevated_nocturnal_hail_mcs, focused by advancing cold front and prefrontal convergence, outflow/effective boundary and cold-pool-modified corridor. Forecast and MD text support QLCS or squall line with embedded circulations, elevated nocturnal convection/hail clusters, with the main hazards ordered as damaging winds, large hail. Key uncertainty involved ofb placement, instability recovery, cap conditional."
2012-07-17,ENH_EQ,mixed_discrete_to_qlcs_outbreak,core,tornadoes|damaging winds|large hail,discrete/semi-discrete supercells|clustered supercells and multicell clusters|bowing MCS/forward-propagating cold pool|elevated nocturnal convection/hail clusters|mixed discrete-to-linear storm mode,advancing cold front and prefrontal convergence|quasi-stationary frontal zone on the instability gradient|outflow/effective boundary and cold-pool-modified corridor|remnant or convectively enhanced MCV/shortwave forcing|upslope/lee-trough terrain circulation,ofb_placement|instability_recovery|cap_conditional|mode_transition|mcs_timing|mcv_track|boundary_interaction|model_guidance_mismatch,"MCS/outflow/cold-pool processes were central to the risk placement, propagation, or dominant wind mode.","The 2012-07-17 Day 1 risk is best classified as mixed_discrete_to_qlcs_outbreak, focused by advancing cold front and prefrontal convergence, quasi-stationary frontal zone on the instability gradient. Forecast and MD text support discrete/semi-discrete supercells, clustered supercells and multicell clusters, with the main hazards ordered as tornadoes, damaging winds, large hail. Key uncertainty involved ofb placement, instability recovery, cap conditional."
2012-07-18,ENH_EQ,mixed_discrete_to_qlcs_outbreak,core,tornadoes|damaging winds|large hail,clustered supercells and multicell clusters|bowing MCS/forward-propagating cold pool|elevated nocturnal convection/hail clusters|mixed discrete-to-linear storm mode,advancing cold front and prefrontal convergence|quasi-stationary frontal zone on the instability gradient|outflow/effective boundary and cold-pool-modified corridor|remnant or convectively enhanced MCV/shortwave forcing|upslope/lee-trough terrain circulation|sea-breeze or coastal boundary,ofb_placement|cap_conditional|mode_transition|mcv_track|boundary_interaction|moisture_quality|storm_coverage_uncertain,"MCS/outflow/cold-pool processes were central to the risk placement, propagation, or dominant wind mode.","The 2012-07-18 Day 1 risk is best classified as mixed_discrete_to_qlcs_outbreak, focused by advancing cold front and prefrontal convergence, quasi-stationary frontal zone on the instability gradient. Forecast and MD text support clustered supercells and multicell clusters, bowing MCS/forward-propagating cold pool, with the main hazards ordered as tornadoes, damaging winds, large hail. Key uncertainty involved ofb placement, cap conditional, mode transition."
2012-07-19,ENH_EQ,mixed_discrete_to_qlcs_outbreak,core,tornadoes|damaging winds|very large hail,clustered supercells and multicell clusters|QLCS or squall line with embedded circulations|bowing MCS/forward-propagating cold pool|elevated nocturnal convection/hail clusters|mixed discrete-to-linear storm mode,advancing cold front and prefrontal convergence|retreating or lifting warm front/baroclinic zone|quasi-stationary frontal zone on the instability gradient|outflow/effective boundary and cold-pool-modified corridor|upslope/lee-trough terrain circulation,prior_convection|ofb_placement|instability_recovery|cap_conditional|mode_transition|mcs_timing|boundary_interaction|model_guidance_mismatch,"MCS/outflow/cold-pool processes were central to the risk placement, propagation, or dominant wind mode.","The 2012-07-19 Day 1 risk is best classified as mixed_discrete_to_qlcs_outbreak, focused by advancing cold front and prefrontal convergence, retreating or lifting warm front/baroclinic zone. Forecast and MD text support clustered supercells and multicell clusters, QLCS or squall line with embedded circulations, with the main hazards ordered as tornadoes, damaging winds, very large hail. Key uncertainty involved prior convection, ofb placement, instability recovery."
2012-07-20,ENH_EQ,mixed_discrete_to_qlcs_outbreak,core,tornadoes|damaging winds|large hail,discrete/semi-discrete supercells|clustered supercells and multicell clusters|QLCS or squall line with embedded circulations|bowing MCS/forward-propagating cold pool|elevated nocturnal convection/hail clusters|mixed discrete-to-linear storm mode,advancing cold front and prefrontal convergence|quasi-stationary frontal zone on the instability gradient|outflow/effective boundary and cold-pool-modified corridor|remnant or convectively enhanced MCV/shortwave forcing|upslope/lee-trough terrain circulation,ofb_placement|instability_recovery|cap_conditional|mode_transition|mcs_timing|mcv_track|boundary_interaction|model_guidance_mismatch,"MCS/outflow/cold-pool processes were central to the risk placement, propagation, or dominant wind mode.","The 2012-07-20 Day 1 risk is best classified as mixed_discrete_to_qlcs_outbreak, focused by advancing cold front and prefrontal convergence, quasi-stationary frontal zone on the instability gradient. Forecast and MD text support discrete/semi-discrete supercells, clustered supercells and multicell clusters, with the main hazards ordered as tornadoes, damaging winds, large hail. Key uncertainty involved ofb placement, instability recovery, cap conditional."
2012-07-23,ENH_EQ,mixed_discrete_to_qlcs_outbreak,core,tornadoes|damaging winds|large hail,clustered supercells and multicell clusters|QLCS or squall line with embedded circulations|bowing MCS/forward-propagating cold pool|elevated nocturnal convection/hail clusters|mixed discrete-to-linear storm mode,advancing cold front and prefrontal convergence|outflow/effective boundary and cold-pool-modified corridor|upslope/lee-trough terrain circulation,ofb_placement|instability_recovery|cap_conditional|mode_transition|mcs_timing|boundary_interaction|model_guidance_mismatch|nocturnal_evolution,"MCS/outflow/cold-pool processes were central to the risk placement, propagation, or dominant wind mode.","The 2012-07-23 Day 1 risk is best classified as mixed_discrete_to_qlcs_outbreak, focused by advancing cold front and prefrontal convergence, outflow/effective boundary and cold-pool-modified corridor. Forecast and MD text support clustered supercells and multicell clusters, QLCS or squall line with embedded circulations, with the main hazards ordered as tornadoes, damaging winds, large hail. Key uncertainty involved ofb placement, instability recovery, cap conditional."
2012-07-24,ENH_EQ,mixed_discrete_to_qlcs_outbreak,core,tornadoes|damaging winds|large hail,discrete/semi-discrete supercells|clustered supercells and multicell clusters|QLCS or squall line with embedded circulations|bowing MCS/forward-propagating cold pool|elevated nocturnal convection/hail clusters|mixed discrete-to-linear storm mode,advancing cold front and prefrontal convergence|retreating or lifting warm front/baroclinic zone|outflow/effective boundary and cold-pool-modified corridor|remnant or convectively enhanced MCV/shortwave forcing|upslope/lee-trough terrain circulation,ofb_placement|instability_recovery|cap_conditional|mode_transition|mcs_timing|mcv_track|boundary_interaction|nocturnal_evolution,"MCS/outflow/cold-pool processes were central to the risk placement, propagation, or dominant wind mode.","The 2012-07-24 Day 1 risk is best classified as mixed_discrete_to_qlcs_outbreak, focused by advancing cold front and prefrontal convergence, retreating or lifting warm front/baroclinic zone. Forecast and MD text support discrete/semi-discrete supercells, clustered supercells and multicell clusters, with the main hazards ordered as tornadoes, damaging winds, large hail. Key uncertainty involved ofb placement, instability recovery, cap conditional."
2012-07-25,MDT,mixed_discrete_to_qlcs_outbreak,core,tornadoes|widespread damaging winds|large hail,discrete/semi-discrete supercells|clustered supercells and multicell clusters|QLCS or squall line with embedded circulations|bowing MCS/forward-propagating cold pool|elevated nocturnal convection/hail clusters|mixed discrete-to-linear storm mode,advancing cold front and prefrontal convergence|retreating or lifting warm front/baroclinic zone|outflow/effective boundary and cold-pool-modified corridor|remnant or convectively enhanced MCV/shortwave forcing|upslope/lee-trough terrain circulation|sea-breeze or coastal boundary,ofb_placement|instability_recovery|cap_conditional|mode_transition|mcs_timing|mcv_track|boundary_interaction|model_guidance_mismatch,"MCS/outflow/cold-pool processes were central to the risk placement, propagation, or dominant wind mode.","The 2012-07-25 Day 1 risk is best classified as mixed_discrete_to_qlcs_outbreak, focused by advancing cold front and prefrontal convergence, retreating or lifting warm front/baroclinic zone. Forecast and MD text support discrete/semi-discrete supercells, clustered supercells and multicell clusters, with the main hazards ordered as tornadoes, widespread damaging winds, large hail. Key uncertainty involved ofb placement, instability recovery, cap conditional."
2012-07-26,MDT,derecho_or_serial_mcs_wind,core,tornadoes|widespread damaging winds|large hail,clustered supercells and multicell clusters|QLCS or squall line with embedded circulations|bowing MCS/forward-propagating cold pool|elevated nocturnal convection/hail clusters|mixed discrete-to-linear storm mode,advancing cold front and prefrontal convergence|retreating or lifting warm front/baroclinic zone|outflow/effective boundary and cold-pool-modified corridor|remnant or convectively enhanced MCV/shortwave forcing|upslope/lee-trough terrain circulation|sea-breeze or coastal boundary,prior_convection|ofb_placement|instability_recovery|cap_conditional|mode_transition|mcs_timing|mcv_track|boundary_interaction,"MCS/outflow/cold-pool processes were central to the risk placement, propagation, or dominant wind mode.","This day evolved around a forward-propagating MCS/derecho wind corridor, with advancing cold front and prefrontal convergence, retreating or lifting warm front/baroclinic zone controlling where the cold pool could accelerate. The dominant mode was clustered supercells and multicell clusters, QLCS or squall line with embedded circulations, producing tornadoes, widespread damaging winds, large hail. Confidence is anchored by explicit outlook/MD references to the organized wind event, though timing and downstream recovery remained important."
2012-07-27,ENH_EQ,mixed_discrete_to_qlcs_outbreak,core,tornadoes|damaging winds|large hail,discrete/semi-discrete supercells|clustered supercells and multicell clusters|QLCS or squall line with embedded circulations|bowing MCS/forward-propagating cold pool|elevated nocturnal convection/hail clusters|mixed discrete-to-linear storm mode,advancing cold front and prefrontal convergence|retreating or lifting warm front/baroclinic zone|outflow/effective boundary and cold-pool-modified corridor|upslope/lee-trough terrain circulation,prior_convection|ofb_placement|instability_recovery|cap_conditional|mode_transition|boundary_interaction|moisture_quality|storm_coverage_uncertain,"MCS/outflow/cold-pool processes were central to the risk placement, propagation, or dominant wind mode.","The 2012-07-27 Day 1 risk is best classified as mixed_discrete_to_qlcs_outbreak, focused by advancing cold front and prefrontal convergence, retreating or lifting warm front/baroclinic zone. Forecast and MD text support discrete/semi-discrete supercells, clustered supercells and multicell clusters, with the main hazards ordered as tornadoes, damaging winds, large hail. Key uncertainty involved prior convection, ofb placement, instability recovery."
2012-07-30,ENH_EQ,northwest_flow_mcs,core,damaging winds|large hail,discrete/semi-discrete supercells|clustered supercells and multicell clusters|QLCS or squall line with embedded circulations|bowing MCS/forward-propagating cold pool|elevated nocturnal convection/hail clusters|mixed discrete-to-linear storm mode,advancing cold front and prefrontal convergence|retreating or lifting warm front/baroclinic zone|quasi-stationary frontal zone on the instability gradient|outflow/effective boundary and cold-pool-modified corridor|upslope/lee-trough terrain circulation|sea-breeze or coastal boundary,ofb_placement|instability_recovery|cap_conditional|mode_transition|mcs_timing|boundary_interaction|model_guidance_mismatch|nocturnal_evolution,"MCS/outflow/cold-pool processes were central to the risk placement, propagation, or dominant wind mode.","The 2012-07-30 Day 1 risk is best classified as northwest_flow_mcs, focused by advancing cold front and prefrontal convergence, retreating or lifting warm front/baroclinic zone. Forecast and MD text support discrete/semi-discrete supercells, clustered supercells and multicell clusters, with the main hazards ordered as damaging winds, large hail. Key uncertainty involved ofb placement, instability recovery, cap conditional."
2012-07-31,ENH_EQ,mcv_mcs_outflow_reintensification,core,damaging winds|large hail,clustered supercells and multicell clusters|bowing MCS/forward-propagating cold pool|elevated nocturnal convection/hail clusters|mixed discrete-to-linear storm mode,advancing cold front and prefrontal convergence|retreating or lifting warm front/baroclinic zone|outflow/effective boundary and cold-pool-modified corridor|remnant or convectively enhanced MCV/shortwave forcing|upslope/lee-trough terrain circulation,ofb_placement|instability_recovery|cap_conditional|mode_transition|mcs_timing|mcv_track|boundary_interaction|nocturnal_evolution,"MCS/outflow/cold-pool processes were central to the risk placement, propagation, or dominant wind mode.","The 2012-07-31 Day 1 risk is best classified as mcv_mcs_outflow_reintensification, focused by advancing cold front and prefrontal convergence, retreating or lifting warm front/baroclinic zone. Forecast and MD text support clustered supercells and multicell clusters, bowing MCS/forward-propagating cold pool, with the main hazards ordered as damaging winds, large hail. Key uncertainty involved ofb placement, instability recovery, cap conditional."
2012-08-01,ENH_EQ,mcv_mcs_outflow_reintensification,core,damaging winds|large hail,clustered supercells and multicell clusters|QLCS or squall line with embedded circulations|bowing MCS/forward-propagating cold pool|elevated nocturnal convection/hail clusters|mixed discrete-to-linear storm mode,dryline/lee trough initiating Plains convection|advancing cold front and prefrontal convergence|retreating or lifting warm front/baroclinic zone|outflow/effective boundary and cold-pool-modified corridor|remnant or convectively enhanced MCV/shortwave forcing|upslope/lee-trough terrain circulation,prior_convection|ofb_placement|instability_recovery|cap_conditional|mode_transition|mcs_timing|mcv_track|boundary_interaction,"MCS/outflow/cold-pool processes were central to the risk placement, propagation, or dominant wind mode.","The 2012-08-01 Day 1 risk is best classified as mcv_mcs_outflow_reintensification, focused by dryline/lee trough initiating Plains convection, advancing cold front and prefrontal convergence. Forecast and MD text support clustered supercells and multicell clusters, QLCS or squall line with embedded circulations, with the main hazards ordered as damaging winds, large hail. Key uncertainty involved prior convection, ofb placement, instability recovery."
2012-08-03,ENH_EQ,mixed_discrete_to_qlcs_outbreak,core,tornadoes|damaging winds|very large hail,discrete/semi-discrete supercells|clustered supercells and multicell clusters|QLCS or squall line with embedded circulations|bowing MCS/forward-propagating cold pool|elevated nocturnal convection/hail clusters|mixed discrete-to-linear storm mode,advancing cold front and prefrontal convergence|retreating or lifting warm front/baroclinic zone|quasi-stationary frontal zone on the instability gradient|outflow/effective boundary and cold-pool-modified corridor|remnant or convectively enhanced MCV/shortwave forcing|upslope/lee-trough terrain circulation,prior_convection|ofb_placement|instability_recovery|cap_conditional|mode_transition|mcs_timing|mcv_track|boundary_interaction,"MCS/outflow/cold-pool processes were central to the risk placement, propagation, or dominant wind mode.","The 2012-08-03 Day 1 risk is best classified as mixed_discrete_to_qlcs_outbreak, focused by advancing cold front and prefrontal convergence, retreating or lifting warm front/baroclinic zone. Forecast and MD text support discrete/semi-discrete supercells, clustered supercells and multicell clusters, with the main hazards ordered as tornadoes, damaging winds, very large hail. Key uncertainty involved prior convection, ofb placement, instability recovery."
2012-08-04,ENH_EQ,mcv_mcs_outflow_reintensification,core,damaging winds|large hail,discrete/semi-discrete supercells|clustered supercells and multicell clusters|QLCS or squall line with embedded circulations|bowing MCS/forward-propagating cold pool|elevated nocturnal convection/hail clusters|mixed discrete-to-linear storm mode,advancing cold front and prefrontal convergence|quasi-stationary frontal zone on the instability gradient|outflow/effective boundary and cold-pool-modified corridor|remnant or convectively enhanced MCV/shortwave forcing|upslope/lee-trough terrain circulation,ofb_placement|instability_recovery|cap_conditional|mode_transition|mcs_timing|mcv_track|boundary_interaction|model_guidance_mismatch,"MCS/outflow/cold-pool processes were central to the risk placement, propagation, or dominant wind mode.","The 2012-08-04 Day 1 risk is best classified as mcv_mcs_outflow_reintensification, focused by advancing cold front and prefrontal convergence, quasi-stationary frontal zone on the instability gradient. Forecast and MD text support discrete/semi-discrete supercells, clustered supercells and multicell clusters, with the main hazards ordered as damaging winds, large hail. Key uncertainty involved ofb placement, instability recovery, cap conditional."
2012-08-05,ENH_EQ,northwest_flow_mcs,likely,damaging winds|large hail,QLCS or squall line with embedded circulations|bowing MCS/forward-propagating cold pool,advancing cold front and prefrontal convergence|outflow/effective boundary and cold-pool-modified corridor|upslope/lee-trough terrain circulation|sea-breeze or coastal boundary,prior_convection|ofb_placement|instability_recovery|cap_conditional|mode_transition|mcs_timing|boundary_interaction|model_guidance_mismatch,Outflow or prior-convective boundaries clearly influenced the event but shared control with synoptic fronts and larger-scale forcing.,"The 2012-08-05 Day 1 risk is best classified as northwest_flow_mcs, focused by advancing cold front and prefrontal convergence, outflow/effective boundary and cold-pool-modified corridor. Forecast and MD text support QLCS or squall line with embedded circulations, bowing MCS/forward-propagating cold pool, with the main hazards ordered as damaging winds, large hail. Key uncertainty involved prior convection, ofb placement, instability recovery."
2012-08-09,ENH_EQ,mixed_discrete_to_qlcs_outbreak,core,tornadoes|damaging winds|large hail,clustered supercells and multicell clusters|QLCS or squall line with embedded circulations|bowing MCS/forward-propagating cold pool|elevated nocturnal convection/hail clusters|mixed discrete-to-linear storm mode,advancing cold front and prefrontal convergence|outflow/effective boundary and cold-pool-modified corridor|upslope/lee-trough terrain circulation,prior_convection|ofb_placement|instability_recovery|cap_conditional|mode_transition|mcs_timing|boundary_interaction|model_guidance_mismatch,"MCS/outflow/cold-pool processes were central to the risk placement, propagation, or dominant wind mode.","The 2012-08-09 Day 1 risk is best classified as mixed_discrete_to_qlcs_outbreak, focused by advancing cold front and prefrontal convergence, outflow/effective boundary and cold-pool-modified corridor. Forecast and MD text support clustered supercells and multicell clusters, QLCS or squall line with embedded circulations, with the main hazards ordered as tornadoes, damaging winds, large hail. Key uncertainty involved prior convection, ofb placement, instability recovery."
2012-08-15,ENH_EQ,mixed_discrete_to_qlcs_outbreak,core,tornadoes|damaging winds|very large hail,discrete/semi-discrete supercells|clustered supercells and multicell clusters|QLCS or squall line with embedded circulations|bowing MCS/forward-propagating cold pool|elevated nocturnal convection/hail clusters|mixed discrete-to-linear storm mode,advancing cold front and prefrontal convergence|outflow/effective boundary and cold-pool-modified corridor|upslope/lee-trough terrain circulation,ofb_placement|instability_recovery|cap_conditional|mode_transition|mcs_timing|boundary_interaction|model_guidance_mismatch|nocturnal_evolution,"MCS/outflow/cold-pool processes were central to the risk placement, propagation, or dominant wind mode.","The 2012-08-15 Day 1 risk is best classified as mixed_discrete_to_qlcs_outbreak, focused by advancing cold front and prefrontal convergence, outflow/effective boundary and cold-pool-modified corridor. Forecast and MD text support discrete/semi-discrete supercells, clustered supercells and multicell clusters, with the main hazards ordered as tornadoes, damaging winds, very large hail. Key uncertainty involved ofb placement, instability recovery, cap conditional."
2012-08-18,ENH_EQ,mixed_discrete_to_qlcs_outbreak,core,tornadoes|damaging winds|large hail,clustered supercells and multicell clusters|bowing MCS/forward-propagating cold pool|elevated nocturnal convection/hail clusters|mixed discrete-to-linear storm mode,advancing cold front and prefrontal convergence|retreating or lifting warm front/baroclinic zone|quasi-stationary frontal zone on the instability gradient|outflow/effective boundary and cold-pool-modified corridor|upslope/lee-trough terrain circulation|sea-breeze or coastal boundary,prior_convection|ofb_placement|instability_recovery|cap_conditional|mcs_timing|boundary_interaction|model_guidance_mismatch|nocturnal_evolution,"MCS/outflow/cold-pool processes were central to the risk placement, propagation, or dominant wind mode.","The 2012-08-18 Day 1 risk is best classified as mixed_discrete_to_qlcs_outbreak, focused by advancing cold front and prefrontal convergence, retreating or lifting warm front/baroclinic zone. Forecast and MD text support clustered supercells and multicell clusters, bowing MCS/forward-propagating cold pool, with the main hazards ordered as tornadoes, damaging winds, large hail. Key uncertainty involved prior convection, ofb placement, instability recovery."
2012-08-26,ENH_EQ,tropical_cyclone_tornado_rainbands,core,tornadoes|damaging winds,discrete/semi-discrete supercells|clustered supercells and multicell clusters|QLCS or squall line with embedded circulations|bowing MCS/forward-propagating cold pool|mixed discrete-to-linear storm mode,retreating or lifting warm front/baroclinic zone|outflow/effective boundary and cold-pool-modified corridor|upslope/lee-trough terrain circulation,ofb_placement|instability_recovery|cap_conditional|mode_transition|mcs_timing|boundary_interaction|nocturnal_evolution|moisture_quality,"MCS/outflow/cold-pool processes were central to the risk placement, propagation, or dominant wind mode.","The 2012-08-26 Day 1 risk is best classified as tropical_cyclone_tornado_rainbands, focused by retreating or lifting warm front/baroclinic zone, outflow/effective boundary and cold-pool-modified corridor. Forecast and MD text support discrete/semi-discrete supercells, clustered supercells and multicell clusters, with the main hazards ordered as tornadoes, damaging winds. Key uncertainty involved ofb placement, instability recovery, cap conditional."
2012-09-04,ENH_EQ,tropical_cyclone_tornado_rainbands,core,tornadoes|widespread damaging winds|very large hail,clustered supercells and multicell clusters|QLCS or squall line with embedded circulations|bowing MCS/forward-propagating cold pool|elevated nocturnal convection/hail clusters|mixed discrete-to-linear storm mode,dryline/lee trough initiating Plains convection|advancing cold front and prefrontal convergence|outflow/effective boundary and cold-pool-modified corridor|upslope/lee-trough terrain circulation,prior_convection|ofb_placement|instability_recovery|cap_conditional|mode_transition|mcs_timing|boundary_interaction|nocturnal_evolution,"MCS/outflow/cold-pool processes were central to the risk placement, propagation, or dominant wind mode.","The 2012-09-04 Day 1 risk is best classified as tropical_cyclone_tornado_rainbands, focused by dryline/lee trough initiating Plains convection, advancing cold front and prefrontal convergence. Forecast and MD text support clustered supercells and multicell clusters, QLCS or squall line with embedded circulations, with the main hazards ordered as tornadoes, widespread damaging winds, very large hail. Key uncertainty involved prior convection, ofb placement, instability recovery."
2012-09-05,ENH_EQ,tropical_cyclone_tornado_rainbands,core,tornadoes|damaging winds|large hail,clustered supercells and multicell clusters|QLCS or squall line with embedded circulations|bowing MCS/forward-propagating cold pool|elevated nocturnal convection/hail clusters|mixed discrete-to-linear storm mode,advancing cold front and prefrontal convergence|outflow/effective boundary and cold-pool-modified corridor|remnant or convectively enhanced MCV/shortwave forcing|upslope/lee-trough terrain circulation,prior_convection|ofb_placement|instability_recovery|cap_conditional|mode_transition|mcs_timing|mcv_track|boundary_interaction,"MCS/outflow/cold-pool processes were central to the risk placement, propagation, or dominant wind mode.","The 2012-09-05 Day 1 risk is best classified as tropical_cyclone_tornado_rainbands, focused by advancing cold front and prefrontal convergence, outflow/effective boundary and cold-pool-modified corridor. Forecast and MD text support clustered supercells and multicell clusters, QLCS or squall line with embedded circulations, with the main hazards ordered as tornadoes, damaging winds, large hail. Key uncertainty involved prior convection, ofb placement, instability recovery."
2012-09-06,ENH_EQ,forward_propagating_mcs_wind,core,damaging winds|large hail,discrete/semi-discrete supercells|clustered supercells and multicell clusters|QLCS or squall line with embedded circulations|bowing MCS/forward-propagating cold pool|elevated nocturnal convection/hail clusters|mixed discrete-to-linear storm mode,dryline/lee trough initiating Plains convection|advancing cold front and prefrontal convergence|retreating or lifting warm front/baroclinic zone|quasi-stationary frontal zone on the instability gradient|outflow/effective boundary and cold-pool-modified corridor|upslope/lee-trough terrain circulation,prior_convection|ofb_placement|instability_recovery|cap_conditional|mode_transition|mcs_timing|boundary_interaction|model_guidance_mismatch,"MCS/outflow/cold-pool processes were central to the risk placement, propagation, or dominant wind mode.","The 2012-09-06 Day 1 risk is best classified as forward_propagating_mcs_wind, focused by dryline/lee trough initiating Plains convection, advancing cold front and prefrontal convergence. Forecast and MD text support discrete/semi-discrete supercells, clustered supercells and multicell clusters, with the main hazards ordered as damaging winds, large hail. Key uncertainty involved prior convection, ofb placement, instability recovery."
2012-09-07,ENH_EQ,mixed_discrete_to_qlcs_outbreak,core,tornadoes|damaging winds|large hail,discrete/semi-discrete supercells|clustered supercells and multicell clusters|QLCS or squall line with embedded circulations|bowing MCS/forward-propagating cold pool|elevated nocturnal convection/hail clusters|mixed discrete-to-linear storm mode,advancing cold front and prefrontal convergence|retreating or lifting warm front/baroclinic zone|outflow/effective boundary and cold-pool-modified corridor|remnant or convectively enhanced MCV/shortwave forcing,prior_convection|ofb_placement|instability_recovery|cap_conditional|mode_transition|mcs_timing|mcv_track|boundary_interaction,"MCS/outflow/cold-pool processes were central to the risk placement, propagation, or dominant wind mode.","The 2012-09-07 Day 1 risk is best classified as mixed_discrete_to_qlcs_outbreak, focused by advancing cold front and prefrontal convergence, retreating or lifting warm front/baroclinic zone. Forecast and MD text support discrete/semi-discrete supercells, clustered supercells and multicell clusters, with the main hazards ordered as tornadoes, damaging winds, large hail. Key uncertainty involved prior convection, ofb placement, instability recovery."
2012-09-08,MDT,derecho_or_serial_mcs_wind,likely,tornadoes|widespread damaging winds|large hail,discrete/semi-discrete supercells|clustered supercells and multicell clusters|QLCS or squall line with embedded circulations|bowing MCS/forward-propagating cold pool|elevated nocturnal convection/hail clusters|mixed discrete-to-linear storm mode,advancing cold front and prefrontal convergence|quasi-stationary frontal zone on the instability gradient|outflow/effective boundary and cold-pool-modified corridor|upslope/lee-trough terrain circulation|sea-breeze or coastal boundary,ofb_placement|instability_recovery|cap_conditional|mode_transition|mcs_timing|boundary_interaction|model_guidance_mismatch|nocturnal_evolution,Outflow or prior-convective boundaries clearly influenced the event but shared control with synoptic fronts and larger-scale forcing.,"The 2012-09-08 Day 1 risk is best classified as derecho_or_serial_mcs_wind, focused by advancing cold front and prefrontal convergence, quasi-stationary frontal zone on the instability gradient. Forecast and MD text support discrete/semi-discrete supercells, clustered supercells and multicell clusters, with the main hazards ordered as tornadoes, widespread damaging winds, large hail. Key uncertainty involved ofb placement, instability recovery, cap conditional."
2012-09-18,MDT,tropical_cyclone_tornado_rainbands,core,tornadoes|damaging winds,discrete/semi-discrete supercells|clustered supercells and multicell clusters|QLCS or squall line with embedded circulations|bowing MCS/forward-propagating cold pool|elevated nocturnal convection/hail clusters|mixed discrete-to-linear storm mode,advancing cold front and prefrontal convergence|retreating or lifting warm front/baroclinic zone|outflow/effective boundary and cold-pool-modified corridor,prior_convection|ofb_placement|instability_recovery|cap_conditional|mode_transition|mcs_timing|boundary_interaction|nocturnal_evolution,"MCS/outflow/cold-pool processes were central to the risk placement, propagation, or dominant wind mode.","The 2012-09-18 Day 1 risk is best classified as tropical_cyclone_tornado_rainbands, focused by advancing cold front and prefrontal convergence, retreating or lifting warm front/baroclinic zone. Forecast and MD text support discrete/semi-discrete supercells, clustered supercells and multicell clusters, with the main hazards ordered as tornadoes, damaging winds. Key uncertainty involved prior convection, ofb placement, instability recovery."
2012-10-13,ENH_EQ,mixed_discrete_to_qlcs_outbreak,likely,tornadoes|damaging winds|large hail,discrete/semi-discrete supercells|clustered supercells and multicell clusters|QLCS or squall line with embedded circulations|bowing MCS/forward-propagating cold pool|elevated nocturnal convection/hail clusters|mixed discrete-to-linear storm mode,dryline/lee trough initiating Plains convection|advancing cold front and prefrontal convergence|retreating or lifting warm front/baroclinic zone|outflow/effective boundary and cold-pool-modified corridor|upslope/lee-trough terrain circulation,prior_convection|ofb_placement|instability_recovery|cap_conditional|mode_transition|mcs_timing|boundary_interaction|model_guidance_mismatch,Outflow or prior-convective boundaries clearly influenced the event but shared control with synoptic fronts and larger-scale forcing.,"The 2012-10-13 Day 1 risk is best classified as mixed_discrete_to_qlcs_outbreak, focused by dryline/lee trough initiating Plains convection, advancing cold front and prefrontal convergence. Forecast and MD text support discrete/semi-discrete supercells, clustered supercells and multicell clusters, with the main hazards ordered as tornadoes, damaging winds, large hail. Key uncertainty involved prior convection, ofb placement, instability recovery."
2012-10-14,ENH_EQ,mixed_discrete_to_qlcs_outbreak,likely,tornadoes|damaging winds,discrete/semi-discrete supercells|QLCS or squall line with embedded circulations|bowing MCS/forward-propagating cold pool|mixed discrete-to-linear storm mode,advancing cold front and prefrontal convergence|outflow/effective boundary and cold-pool-modified corridor,ofb_placement|instability_recovery|cap_conditional|mode_transition|mcs_timing|boundary_interaction|model_guidance_mismatch|nocturnal_evolution,Outflow or prior-convective boundaries clearly influenced the event but shared control with synoptic fronts and larger-scale forcing.,"The 2012-10-14 Day 1 risk is best classified as mixed_discrete_to_qlcs_outbreak, focused by advancing cold front and prefrontal convergence, outflow/effective boundary and cold-pool-modified corridor. Forecast and MD text support discrete/semi-discrete supercells, QLCS or squall line with embedded circulations, with the main hazards ordered as tornadoes, damaging winds. Key uncertainty involved ofb placement, instability recovery, cap conditional."
2012-10-17,ENH_EQ,mixed_discrete_to_qlcs_outbreak,likely,strong tornadoes|damaging winds|large hail,discrete/semi-discrete supercells|clustered supercells and multicell clusters|elevated nocturnal convection/hail clusters|mixed discrete-to-linear storm mode,advancing cold front and prefrontal convergence|retreating or lifting warm front/baroclinic zone|outflow/effective boundary and cold-pool-modified corridor|remnant or convectively enhanced MCV/shortwave forcing|upslope/lee-trough terrain circulation,ofb_placement|instability_recovery|cap_conditional|mode_transition|mcv_track|boundary_interaction|nocturnal_evolution|moisture_quality,Outflow or prior-convective boundaries clearly influenced the event but shared control with synoptic fronts and larger-scale forcing.,"The 2012-10-17 Day 1 risk is best classified as mixed_discrete_to_qlcs_outbreak, focused by advancing cold front and prefrontal convergence, retreating or lifting warm front/baroclinic zone. Forecast and MD text support discrete/semi-discrete supercells, clustered supercells and multicell clusters, with the main hazards ordered as strong tornadoes, damaging winds, large hail. Key uncertainty involved ofb placement, instability recovery, cap conditional."
2012-11-10,ENH_EQ,mixed_discrete_to_qlcs_outbreak,core,tornadoes|damaging winds|large hail,discrete/semi-discrete supercells|QLCS or squall line with embedded circulations|bowing MCS/forward-propagating cold pool|mixed discrete-to-linear storm mode,dryline/lee trough initiating Plains convection|advancing cold front and prefrontal convergence|retreating or lifting warm front/baroclinic zone|quasi-stationary frontal zone on the instability gradient|outflow/effective boundary and cold-pool-modified corridor|upslope/lee-trough terrain circulation,ofb_placement|instability_recovery|cap_conditional|mode_transition|mcs_timing|boundary_interaction|model_guidance_mismatch|nocturnal_evolution,"MCS/outflow/cold-pool processes were central to the risk placement, propagation, or dominant wind mode.","The 2012-11-10 Day 1 risk is best classified as mixed_discrete_to_qlcs_outbreak, focused by dryline/lee trough initiating Plains convection, advancing cold front and prefrontal convergence. Forecast and MD text support discrete/semi-discrete supercells, QLCS or squall line with embedded circulations, with the main hazards ordered as tornadoes, damaging winds, large hail. Key uncertainty involved ofb placement, instability recovery, cap conditional."
2012-11-11,ENH_EQ,mixed_discrete_to_qlcs_outbreak,core,tornadoes|damaging winds,bowing MCS/forward-propagating cold pool|mixed discrete-to-linear storm mode,advancing cold front and prefrontal convergence|outflow/effective boundary and cold-pool-modified corridor,ofb_placement|instability_recovery|cap_conditional|mode_transition|boundary_interaction|moisture_quality|storm_coverage_uncertain,"MCS/outflow/cold-pool processes were central to the risk placement, propagation, or dominant wind mode.","The 2012-11-11 Day 1 risk is best classified as mixed_discrete_to_qlcs_outbreak, focused by advancing cold front and prefrontal convergence, outflow/effective boundary and cold-pool-modified corridor. Forecast and MD text support bowing MCS/forward-propagating cold pool, mixed discrete-to-linear storm mode, with the main hazards ordered as tornadoes, damaging winds. Key uncertainty involved ofb placement, instability recovery, cap conditional."
2012-12-19,ENH_EQ,mixed_discrete_to_qlcs_outbreak,core,tornadoes|damaging winds|large hail,discrete/semi-discrete supercells|QLCS or squall line with embedded circulations|bowing MCS/forward-propagating cold pool|mixed discrete-to-linear storm mode,dryline/lee trough initiating Plains convection|advancing cold front and prefrontal convergence|retreating or lifting warm front/baroclinic zone|quasi-stationary frontal zone on the instability gradient|outflow/effective boundary and cold-pool-modified corridor,ofb_placement|instability_recovery|cap_conditional|mode_transition|mcs_timing|boundary_interaction|model_guidance_mismatch|nocturnal_evolution,"MCS/outflow/cold-pool processes were central to the risk placement, propagation, or dominant wind mode.","The 2012-12-19 Day 1 risk is best classified as mixed_discrete_to_qlcs_outbreak, focused by dryline/lee trough initiating Plains convection, advancing cold front and prefrontal convergence. Forecast and MD text support discrete/semi-discrete supercells, QLCS or squall line with embedded circulations, with the main hazards ordered as tornadoes, damaging winds, large hail. Key uncertainty involved ofb placement, instability recovery, cap conditional."
2012-12-26,MDT,mixed_discrete_to_qlcs_outbreak,core,strong tornadoes|damaging winds|large hail,QLCS or squall line with embedded circulations|bowing MCS/forward-propagating cold pool|mixed discrete-to-linear storm mode,advancing cold front and prefrontal convergence|retreating or lifting warm front/baroclinic zone|outflow/effective boundary and cold-pool-modified corridor,ofb_placement|instability_recovery|cap_conditional|mcs_timing|boundary_interaction|model_guidance_mismatch|nocturnal_evolution|moisture_quality,"MCS/outflow/cold-pool processes were central to the risk placement, propagation, or dominant wind mode.","This was a higher-end tornado setup with strong shear and a moist, destabilizing warm sector supporting QLCS or squall line with embedded circulations, bowing MCS/forward-propagating cold pool. The risk was focused by advancing cold front and prefrontal convergence, retreating or lifting warm front/baroclinic zone, with strong tornadoes, damaging winds, large hail the primary hazards. Convective evolution concerns centered on ofb placement, instability recovery, cap conditional."
2013-01-12,ENH_EQ,warm_front_baroclinic_tornado,likely,tornadoes|damaging winds|large hail,discrete to semi-discrete supercells|QLCS and bowing line segments,synoptic cold front or effective frontal zone|warm front or baroclinic zone|outflow boundary or residual cold pool,ofb_placement|cap_conditional|storm_coverage_uncertain|mode_transition|boundary_interaction,"The packet flags prior convection, outflow, or an effective boundary as influencing instability recovery, initiation, or storm organization.","2013-01-12 featured a warm front baroclinic tornado regime focused on synoptic cold front or effective frontal zone, warm front or baroclinic zone, outflow boundary or residual cold pool. Day 1 outlooks and MDs supported discrete to semi-discrete supercells transitioning to QLCS and bowing line segments with tornadoes, damaging winds, large hail as the dominant hazards. Prior convection, outflow, or effective boundaries affected recovery, placement, or storm mode."
2013-01-29,MDT,qlcs_bowing_wind_tornado,likely,significant tornadoes|widespread damaging winds|very large hail,discrete to semi-discrete supercells|QLCS and bowing line segments,synoptic cold front or effective frontal zone|outflow boundary or residual cold pool,prior_convection|instability_recovery|ofb_placement|cap_conditional|storm_coverage_uncertain|mode_transition|boundary_interaction|nocturnal_evolution,"The packet flags prior convection, outflow, or an effective boundary as influencing instability recovery, initiation, or storm organization.","2013-01-29 featured a qlcs bowing wind tornado regime focused on synoptic cold front or effective frontal zone, outflow boundary or residual cold pool. Day 1 outlooks and MDs supported discrete to semi-discrete supercells transitioning to QLCS and bowing line segments with significant tornadoes, widespread damaging winds, very large hail as the dominant hazards. Prior convection, outflow, or effective boundaries affected recovery, placement, or storm mode."
2013-01-30,ENH_EQ,qlcs_bowing_wind_tornado,likely,tornadoes|damaging winds|large hail,discrete to semi-discrete supercells|QLCS and bowing line segments,synoptic cold front or effective frontal zone|outflow boundary or residual cold pool,prior_convection|instability_recovery|ofb_placement|cap_conditional|storm_coverage_uncertain|mode_transition|boundary_interaction,"The packet flags prior convection, outflow, or an effective boundary as influencing instability recovery, initiation, or storm organization.","2013-01-30 featured a qlcs bowing wind tornado regime focused on synoptic cold front or effective frontal zone, outflow boundary or residual cold pool. Day 1 outlooks and MDs supported discrete to semi-discrete supercells transitioning to QLCS and bowing line segments with tornadoes, damaging winds, large hail as the dominant hazards. Prior convection, outflow, or effective boundaries affected recovery, placement, or storm mode."
2013-02-10,ENH_EQ,warm_front_baroclinic_tornado,core,tornadoes|damaging winds|very large hail|heavy rain/flash flooding overlap,discrete to semi-discrete supercells|QLCS and bowing line segments|organized MCS/clusters,warm front or baroclinic zone|outflow boundary or residual cold pool,prior_convection|instability_recovery|ofb_placement|cap_conditional|storm_coverage_uncertain|mode_transition|mcs_timing|boundary_interaction,"The packet flags prior convection, outflow, or an effective boundary as influencing instability recovery, initiation, or storm organization.","2013-02-10 featured a warm front baroclinic tornado regime focused on warm front or baroclinic zone, outflow boundary or residual cold pool. Day 1 outlooks and MDs supported discrete to semi-discrete supercells transitioning to QLCS and bowing line segments transitioning to organized MCS/clusters with tornadoes, damaging winds, very large hail, heavy rain/flash flooding overlap as the dominant hazards. Prior convection, outflow, or effective boundaries affected recovery, placement, or storm mode."
2013-02-25,ENH_EQ,warm_front_baroclinic_tornado,likely,tornadoes|damaging winds|very large hail,discrete to semi-discrete supercells|QLCS and bowing line segments,synoptic cold front or effective frontal zone|warm front or baroclinic zone|outflow boundary or residual cold pool,prior_convection|instability_recovery|ofb_placement|cap_conditional|storm_coverage_uncertain|mode_transition|boundary_interaction,"The packet flags prior convection, outflow, or an effective boundary as influencing instability recovery, initiation, or storm organization.","2013-02-25 featured a warm front baroclinic tornado regime focused on synoptic cold front or effective frontal zone, warm front or baroclinic zone, outflow boundary or residual cold pool. Day 1 outlooks and MDs supported discrete to semi-discrete supercells transitioning to QLCS and bowing line segments with tornadoes, damaging winds, very large hail as the dominant hazards. Prior convection, outflow, or effective boundaries affected recovery, placement, or storm mode."
2013-03-18,ENH_EQ,qlcs_bowing_wind_tornado,core,tornadoes|damaging winds|very large hail,discrete to semi-discrete supercells|QLCS and bowing line segments|organized MCS/clusters,synoptic cold front or effective frontal zone|outflow boundary or residual cold pool,prior_convection|instability_recovery|ofb_placement|cap_conditional|storm_coverage_uncertain|mode_transition|mcs_timing|boundary_interaction,"The packet flags prior convection, outflow, or an effective boundary as influencing instability recovery, initiation, or storm organization.","2013-03-18 featured a qlcs bowing wind tornado regime focused on synoptic cold front or effective frontal zone, outflow boundary or residual cold pool. Day 1 outlooks and MDs supported discrete to semi-discrete supercells transitioning to QLCS and bowing line segments transitioning to organized MCS/clusters with tornadoes, damaging winds, very large hail as the dominant hazards. Prior convection, outflow, or effective boundaries affected recovery, placement, or storm mode."
2013-03-23,ENH_EQ,warm_front_baroclinic_tornado,likely,tornadoes|damaging winds|very large hail,discrete to semi-discrete supercells|QLCS and bowing line segments,synoptic cold front or effective frontal zone|warm front or baroclinic zone,prior_convection|instability_recovery|cap_conditional|storm_coverage_uncertain|mode_transition|boundary_interaction,"The packet flags prior convection, outflow, or an effective boundary as influencing instability recovery, initiation, or storm organization.","2013-03-23 featured a warm front baroclinic tornado regime focused on synoptic cold front or effective frontal zone, warm front or baroclinic zone. Day 1 outlooks and MDs supported discrete to semi-discrete supercells transitioning to QLCS and bowing line segments with tornadoes, damaging winds, very large hail as the dominant hazards. Prior convection, outflow, or effective boundaries affected recovery, placement, or storm mode."
2013-03-29,ENH_EQ,dryline_supercell_hail_tornado,core,damaging winds|very large hail,discrete to semi-discrete supercells|QLCS and bowing line segments|organized MCS/clusters,dryline and dryline/cold-front intersection|outflow boundary or residual cold pool,prior_convection|instability_recovery|ofb_placement|cap_conditional|storm_coverage_uncertain|mode_transition|mcs_timing|boundary_interaction,"The packet flags prior convection, outflow, or an effective boundary as influencing instability recovery, initiation, or storm organization.","2013-03-29 featured a dryline supercell hail tornado regime focused on dryline and dryline/cold-front intersection, outflow boundary or residual cold pool. Day 1 outlooks and MDs supported discrete to semi-discrete supercells transitioning to QLCS and bowing line segments transitioning to organized MCS/clusters with damaging winds, very large hail as the dominant hazards. Prior convection, outflow, or effective boundaries affected recovery, placement, or storm mode."
2013-03-31,ENH_EQ,qlcs_bowing_wind_tornado,core,tornadoes|damaging winds|very large hail|heavy rain/flash flooding overlap,discrete to semi-discrete supercells|QLCS and bowing line segments|organized MCS/clusters,synoptic cold front or effective frontal zone|outflow boundary or residual cold pool,prior_convection|instability_recovery|ofb_placement|cap_conditional|storm_coverage_uncertain|mode_transition|mcs_timing|boundary_interaction,"The packet flags prior convection, outflow, or an effective boundary as influencing instability recovery, initiation, or storm organization.","2013-03-31 featured a qlcs bowing wind tornado regime focused on synoptic cold front or effective frontal zone, outflow boundary or residual cold pool. Day 1 outlooks and MDs supported discrete to semi-discrete supercells transitioning to QLCS and bowing line segments transitioning to organized MCS/clusters with tornadoes, damaging winds, very large hail, heavy rain/flash flooding overlap as the dominant hazards. Prior convection, outflow, or effective boundaries affected recovery, placement, or storm mode."
2013-04-02,ENH_EQ,warm_front_baroclinic_tornado,core,tornadoes|damaging winds|very large hail,discrete to semi-discrete supercells|QLCS and bowing line segments|organized MCS/clusters,synoptic cold front or effective frontal zone|warm front or baroclinic zone|outflow boundary or residual cold pool,prior_convection|instability_recovery|ofb_placement|cap_conditional|storm_coverage_uncertain|mode_transition|mcs_timing|boundary_interaction,"The packet flags prior convection, outflow, or an effective boundary as influencing instability recovery, initiation, or storm organization.","2013-04-02 featured a warm front baroclinic tornado regime focused on synoptic cold front or effective frontal zone, warm front or baroclinic zone, outflow boundary or residual cold pool. Day 1 outlooks and MDs supported discrete to semi-discrete supercells transitioning to QLCS and bowing line segments transitioning to organized MCS/clusters with tornadoes, damaging winds, very large hail as the dominant hazards. Prior convection, outflow, or effective boundaries affected recovery, placement, or storm mode."
2013-04-04,ENH_EQ,qlcs_bowing_wind_tornado,core,tornadoes|damaging winds|large hail,discrete to semi-discrete supercells|QLCS and bowing line segments|organized MCS/clusters,outflow boundary or residual cold pool,prior_convection|instability_recovery|ofb_placement|cap_conditional|storm_coverage_uncertain|mode_transition|mcs_timing,"The packet flags prior convection, outflow, or an effective boundary as influencing instability recovery, initiation, or storm organization.","2013-04-04 featured a qlcs bowing wind tornado regime focused on outflow boundary or residual cold pool. Day 1 outlooks and MDs supported discrete to semi-discrete supercells transitioning to QLCS and bowing line segments transitioning to organized MCS/clusters with tornadoes, damaging winds, large hail as the dominant hazards. Prior convection, outflow, or effective boundaries affected recovery, placement, or storm mode."
2013-04-10,ENH_EQ,warm_front_baroclinic_tornado,core,tornadoes|damaging winds|very large hail,discrete to semi-discrete supercells|QLCS and bowing line segments|organized MCS/clusters,synoptic cold front or effective frontal zone|warm front or baroclinic zone|outflow boundary or residual cold pool,prior_convection|instability_recovery|ofb_placement|cap_conditional|storm_coverage_uncertain|mode_transition|mcs_timing|boundary_interaction,"The packet flags prior convection, outflow, or an effective boundary as influencing instability recovery, initiation, or storm organization.","2013-04-10 featured a warm front baroclinic tornado regime focused on synoptic cold front or effective frontal zone, warm front or baroclinic zone, outflow boundary or residual cold pool. Day 1 outlooks and MDs supported discrete to semi-discrete supercells transitioning to QLCS and bowing line segments transitioning to organized MCS/clusters with tornadoes, damaging winds, very large hail as the dominant hazards. Prior convection, outflow, or effective boundaries affected recovery, placement, or storm mode."
2013-04-11,ENH_EQ,qlcs_bowing_wind_tornado,core,tornadoes|damaging winds|very large hail,discrete to semi-discrete supercells|QLCS and bowing line segments|organized MCS/clusters,synoptic cold front or effective frontal zone|outflow boundary or residual cold pool,prior_convection|instability_recovery|ofb_placement|cap_conditional|storm_coverage_uncertain|mode_transition|mcs_timing|boundary_interaction,"The packet flags prior convection, outflow, or an effective boundary as influencing instability recovery, initiation, or storm organization.","2013-04-11 featured a qlcs bowing wind tornado regime focused on synoptic cold front or effective frontal zone, outflow boundary or residual cold pool. Day 1 outlooks and MDs supported discrete to semi-discrete supercells transitioning to QLCS and bowing line segments transitioning to organized MCS/clusters with tornadoes, damaging winds, very large hail as the dominant hazards. Prior convection, outflow, or effective boundaries affected recovery, placement, or storm mode."
2013-04-15,ENH_EQ,dryline_supercell_hail_tornado,likely,tornadoes|large hail|heavy rain/flash flooding overlap,discrete to semi-discrete supercells,synoptic cold front or effective frontal zone|dryline and dryline/cold-front intersection|outflow boundary or residual cold pool,prior_convection|instability_recovery|ofb_placement|cap_conditional|storm_coverage_uncertain|boundary_interaction,"The packet flags prior convection, outflow, or an effective boundary as influencing instability recovery, initiation, or storm organization.","2013-04-15 featured a dryline supercell hail tornado regime focused on synoptic cold front or effective frontal zone, dryline and dryline/cold-front intersection, outflow boundary or residual cold pool. Day 1 outlooks and MDs supported discrete to semi-discrete supercells with tornadoes, large hail, heavy rain/flash flooding overlap as the dominant hazards. Prior convection, outflow, or effective boundaries affected recovery, placement, or storm mode."
2013-04-17,MDT,dryline_supercell_hail_tornado,likely,significant tornadoes|damaging winds|very large hail,discrete to semi-discrete supercells|QLCS and bowing line segments,synoptic cold front or effective frontal zone|dryline and dryline/cold-front intersection|warm front or baroclinic zone|outflow boundary or residual cold pool,prior_convection|instability_recovery|ofb_placement|cap_conditional|storm_coverage_uncertain|mode_transition|boundary_interaction,"The packet flags prior convection, outflow, or an effective boundary as influencing instability recovery, initiation, or storm organization.","2013-04-17 featured a dryline supercell hail tornado regime focused on synoptic cold front or effective frontal zone, dryline and dryline/cold-front intersection, warm front or baroclinic zone, outflow boundary or residual cold pool. Day 1 outlooks and MDs supported discrete to semi-discrete supercells transitioning to QLCS and bowing line segments with significant tornadoes, damaging winds, very large hail as the dominant hazards. Prior convection, outflow, or effective boundaries affected recovery, placement, or storm mode."
2013-04-18,MDT,warm_front_baroclinic_tornado,core,significant tornadoes|damaging winds|large hail,discrete to semi-discrete supercells|QLCS and bowing line segments|organized MCS/clusters,synoptic cold front or effective frontal zone|warm front or baroclinic zone|outflow boundary or residual cold pool,prior_convection|instability_recovery|ofb_placement|cap_conditional|storm_coverage_uncertain|mode_transition|mcs_timing|boundary_interaction,"The packet flags prior convection, outflow, or an effective boundary as influencing instability recovery, initiation, or storm organization.","2013-04-18 featured a warm front baroclinic tornado regime focused on synoptic cold front or effective frontal zone, warm front or baroclinic zone, outflow boundary or residual cold pool. Day 1 outlooks and MDs supported discrete to semi-discrete supercells transitioning to QLCS and bowing line segments transitioning to organized MCS/clusters with significant tornadoes, damaging winds, large hail as the dominant hazards. Prior convection, outflow, or effective boundaries affected recovery, placement, or storm mode."
2013-04-19,ENH_EQ,qlcs_bowing_wind_tornado,likely,tornadoes|damaging winds|large hail,discrete to semi-discrete supercells|QLCS and bowing line segments,synoptic cold front or effective frontal zone|outflow boundary or residual cold pool,ofb_placement|cap_conditional|storm_coverage_uncertain|mode_transition|boundary_interaction,"The packet flags prior convection, outflow, or an effective boundary as influencing instability recovery, initiation, or storm organization.","2013-04-19 featured a qlcs bowing wind tornado regime focused on synoptic cold front or effective frontal zone, outflow boundary or residual cold pool. Day 1 outlooks and MDs supported discrete to semi-discrete supercells transitioning to QLCS and bowing line segments with tornadoes, damaging winds, large hail as the dominant hazards. Prior convection, outflow, or effective boundaries affected recovery, placement, or storm mode."
2013-04-26,ENH_EQ,dryline_supercell_hail_tornado,likely,tornadoes|damaging winds|very large hail,discrete to semi-discrete supercells|QLCS and bowing line segments,synoptic cold front or effective frontal zone|dryline and dryline/cold-front intersection|warm front or baroclinic zone|outflow boundary or residual cold pool,prior_convection|instability_recovery|ofb_placement|mode_transition|boundary_interaction,"The packet flags prior convection, outflow, or an effective boundary as influencing instability recovery, initiation, or storm organization.","2013-04-26 featured a dryline supercell hail tornado regime focused on synoptic cold front or effective frontal zone, dryline and dryline/cold-front intersection, warm front or baroclinic zone, outflow boundary or residual cold pool. Day 1 outlooks and MDs supported discrete to semi-discrete supercells transitioning to QLCS and bowing line segments with tornadoes, damaging winds, very large hail as the dominant hazards. Prior convection, outflow, or effective boundaries affected recovery, placement, or storm mode."
2013-04-27,ENH_EQ,dryline_supercell_hail_tornado,core,tornadoes|damaging winds|very large hail,discrete to semi-discrete supercells|QLCS and bowing line segments|organized MCS/clusters,synoptic cold front or effective frontal zone|dryline and dryline/cold-front intersection|warm front or baroclinic zone|outflow boundary or residual cold pool|effective boundary from prior/ongoing convection,prior_convection|instability_recovery|ofb_placement|cap_conditional|storm_coverage_uncertain|mode_transition|mcs_timing|boundary_interaction,"The packet flags prior convection, outflow, or an effective boundary as influencing instability recovery, initiation, or storm organization.","2013-04-27 featured a dryline supercell hail tornado regime focused on synoptic cold front or effective frontal zone, dryline and dryline/cold-front intersection, warm front or baroclinic zone, outflow boundary or residual cold pool, effective boundary from prior/ongoing convection. Day 1 outlooks and MDs supported discrete to semi-discrete supercells transitioning to QLCS and bowing line segments transitioning to organized MCS/clusters with tornadoes, damaging winds, very large hail as the dominant hazards. Prior convection, outflow, or effective boundaries affected recovery, placement, or storm mode."
2013-05-08,ENH_EQ,dryline_supercell_hail_tornado,core,tornadoes|damaging winds|very large hail,discrete to semi-discrete supercells|QLCS and bowing line segments|organized MCS/clusters,synoptic cold front or effective frontal zone|dryline and dryline/cold-front intersection|outflow boundary or residual cold pool,prior_convection|instability_recovery|ofb_placement|cap_conditional|storm_coverage_uncertain|mode_transition|mcs_timing|boundary_interaction,"The packet flags prior convection, outflow, or an effective boundary as influencing instability recovery, initiation, or storm organization.","2013-05-08 featured a dryline supercell hail tornado regime focused on synoptic cold front or effective frontal zone, dryline and dryline/cold-front intersection, outflow boundary or residual cold pool. Day 1 outlooks and MDs supported discrete to semi-discrete supercells transitioning to QLCS and bowing line segments transitioning to organized MCS/clusters with tornadoes, damaging winds, very large hail as the dominant hazards. Prior convection, outflow, or effective boundaries affected recovery, placement, or storm mode."
2013-05-09,ENH_EQ,warm_front_baroclinic_tornado,core,tornadoes|damaging winds|very large hail|heavy rain/flash flooding overlap,discrete to semi-discrete supercells|QLCS and bowing line segments|organized MCS/clusters,warm front or baroclinic zone|outflow boundary or residual cold pool,prior_convection|instability_recovery|ofb_placement|cap_conditional|storm_coverage_uncertain|mode_transition|mcs_timing|boundary_interaction,"The packet flags prior convection, outflow, or an effective boundary as influencing instability recovery, initiation, or storm organization.","2013-05-09 featured a warm front baroclinic tornado regime focused on warm front or baroclinic zone, outflow boundary or residual cold pool. Day 1 outlooks and MDs supported discrete to semi-discrete supercells transitioning to QLCS and bowing line segments transitioning to organized MCS/clusters with tornadoes, damaging winds, very large hail, heavy rain/flash flooding overlap as the dominant hazards. Prior convection, outflow, or effective boundaries affected recovery, placement, or storm mode."
2013-05-10,ENH_EQ,qlcs_bowing_wind_tornado,core,tornadoes|damaging winds|very large hail,discrete to semi-discrete supercells|QLCS and bowing line segments|organized MCS/clusters,synoptic cold front or effective frontal zone|outflow boundary or residual cold pool,prior_convection|instability_recovery|ofb_placement|cap_conditional|storm_coverage_uncertain|mode_transition|mcs_timing|boundary_interaction,"The packet flags prior convection, outflow, or an effective boundary as influencing instability recovery, initiation, or storm organization.","2013-05-10 featured a qlcs bowing wind tornado regime focused on synoptic cold front or effective frontal zone, outflow boundary or residual cold pool. Day 1 outlooks and MDs supported discrete to semi-discrete supercells transitioning to QLCS and bowing line segments transitioning to organized MCS/clusters with tornadoes, damaging winds, very large hail as the dominant hazards. Prior convection, outflow, or effective boundaries affected recovery, placement, or storm mode."
2013-05-15,ENH_EQ,dryline_supercell_hail_tornado,core,tornadoes|damaging winds|very large hail,discrete to semi-discrete supercells|QLCS and bowing line segments|organized MCS/clusters,dryline and dryline/cold-front intersection|outflow boundary or residual cold pool|effective boundary from prior/ongoing convection,prior_convection|instability_recovery|ofb_placement|cap_conditional|storm_coverage_uncertain|mode_transition|mcs_timing|boundary_interaction,"The packet flags prior convection, outflow, or an effective boundary as influencing instability recovery, initiation, or storm organization.","2013-05-15 featured a dryline supercell hail tornado regime focused on dryline and dryline/cold-front intersection, outflow boundary or residual cold pool, effective boundary from prior/ongoing convection. Day 1 outlooks and MDs supported discrete to semi-discrete supercells transitioning to QLCS and bowing line segments transitioning to organized MCS/clusters with tornadoes, damaging winds, very large hail as the dominant hazards. Prior convection, outflow, or effective boundaries affected recovery, placement, or storm mode."
2013-05-18,MDT,dryline_supercell_hail_tornado,core,significant tornadoes|damaging winds|very large hail,discrete to semi-discrete supercells|QLCS and bowing line segments|organized MCS/clusters,dryline and dryline/cold-front intersection|warm front or baroclinic zone|outflow boundary or residual cold pool,prior_convection|instability_recovery|ofb_placement|cap_conditional|storm_coverage_uncertain|mode_transition|mcs_timing|boundary_interaction,"The packet flags prior convection, outflow, or an effective boundary as influencing instability recovery, initiation, or storm organization.","2013-05-18 featured a dryline supercell hail tornado regime focused on dryline and dryline/cold-front intersection, warm front or baroclinic zone, outflow boundary or residual cold pool. Day 1 outlooks and MDs supported discrete to semi-discrete supercells transitioning to QLCS and bowing line segments transitioning to organized MCS/clusters with significant tornadoes, damaging winds, very large hail as the dominant hazards. Prior convection, outflow, or effective boundaries affected recovery, placement, or storm mode."
2013-05-19,MDT,dryline_supercell_hail_tornado,core,significant tornadoes|damaging winds|very large hail|heavy rain/flash flooding overlap,discrete to semi-discrete supercells|QLCS and bowing line segments|organized MCS/clusters,synoptic cold front or effective frontal zone|dryline and dryline/cold-front intersection|outflow boundary or residual cold pool,prior_convection|instability_recovery|ofb_placement|cap_conditional|storm_coverage_uncertain|mode_transition|mcs_timing|boundary_interaction,"The packet flags prior convection, outflow, or an effective boundary as influencing instability recovery, initiation, or storm organization.","2013-05-19 featured a dryline supercell hail tornado regime focused on synoptic cold front or effective frontal zone, dryline and dryline/cold-front intersection, outflow boundary or residual cold pool. Day 1 outlooks and MDs supported discrete to semi-discrete supercells transitioning to QLCS and bowing line segments transitioning to organized MCS/clusters with significant tornadoes, damaging winds, very large hail, heavy rain/flash flooding overlap as the dominant hazards. Prior convection, outflow, or effective boundaries affected recovery, placement, or storm mode."
2013-05-20,MDT,dryline_supercell_hail_tornado,core,significant tornadoes|damaging winds|very large hail,discrete to semi-discrete supercells|QLCS and bowing line segments|organized MCS/clusters,synoptic cold front or effective frontal zone|dryline and dryline/cold-front intersection|warm front or baroclinic zone|outflow boundary or residual cold pool,prior_convection|instability_recovery|ofb_placement|cap_conditional|storm_coverage_uncertain|mode_transition|mcs_timing|boundary_interaction,"The packet flags prior convection, outflow, or an effective boundary as influencing instability recovery, initiation, or storm organization.","2013-05-20 featured a dryline supercell hail tornado regime focused on synoptic cold front or effective frontal zone, dryline and dryline/cold-front intersection, warm front or baroclinic zone, outflow boundary or residual cold pool. Day 1 outlooks and MDs supported discrete to semi-discrete supercells transitioning to QLCS and bowing line segments transitioning to organized MCS/clusters with significant tornadoes, damaging winds, very large hail as the dominant hazards. Prior convection, outflow, or effective boundaries affected recovery, placement, or storm mode."
2013-05-21,MDT,derecho_or_serial_mcs_wind,core,significant tornadoes|widespread damaging winds|very large hail,discrete to semi-discrete supercells|QLCS and bowing line segments|organized MCS/clusters,synoptic cold front or effective frontal zone|warm front or baroclinic zone|outflow boundary or residual cold pool,prior_convection|instability_recovery|ofb_placement|cap_conditional|storm_coverage_uncertain|mode_transition|mcs_timing|boundary_interaction|nocturnal_evolution,"The packet flags prior convection, outflow, or an effective boundary as influencing instability recovery, initiation, or storm organization.","2013-05-21 featured a derecho or serial mcs wind regime focused on synoptic cold front or effective frontal zone, warm front or baroclinic zone, outflow boundary or residual cold pool. Day 1 outlooks and MDs supported discrete to semi-discrete supercells transitioning to QLCS and bowing line segments transitioning to organized MCS/clusters with significant tornadoes, widespread damaging winds, very large hail as the dominant hazards. Prior convection, outflow, or effective boundaries affected recovery, placement, or storm mode."
2013-05-22,ENH_EQ,qlcs_bowing_wind_tornado,likely,tornadoes|damaging winds|very large hail,discrete to semi-discrete supercells|QLCS and bowing line segments,outflow boundary or residual cold pool,prior_convection|instability_recovery|ofb_placement|cap_conditional|storm_coverage_uncertain|mode_transition,"The packet flags prior convection, outflow, or an effective boundary as influencing instability recovery, initiation, or storm organization.","2013-05-22 featured a qlcs bowing wind tornado regime focused on outflow boundary or residual cold pool. Day 1 outlooks and MDs supported discrete to semi-discrete supercells transitioning to QLCS and bowing line segments with tornadoes, damaging winds, very large hail as the dominant hazards. Prior convection, outflow, or effective boundaries affected recovery, placement, or storm mode."
2013-05-23,MDT,qlcs_bowing_wind_tornado,core,significant tornadoes|damaging winds|very large hail|heavy rain/flash flooding overlap,discrete to semi-discrete supercells|QLCS and bowing line segments|organized MCS/clusters,synoptic cold front or effective frontal zone|outflow boundary or residual cold pool,prior_convection|instability_recovery|ofb_placement|cap_conditional|storm_coverage_uncertain|mode_transition|mcs_timing|boundary_interaction,"The packet flags prior convection, outflow, or an effective boundary as influencing instability recovery, initiation, or storm organization.","2013-05-23 featured a qlcs bowing wind tornado regime focused on synoptic cold front or effective frontal zone, outflow boundary or residual cold pool. Day 1 outlooks and MDs supported discrete to semi-discrete supercells transitioning to QLCS and bowing line segments transitioning to organized MCS/clusters with significant tornadoes, damaging winds, very large hail, heavy rain/flash flooding overlap as the dominant hazards. Prior convection, outflow, or effective boundaries affected recovery, placement, or storm mode."
2013-05-25,ENH_EQ,dryline_supercell_hail_tornado,core,tornadoes|damaging winds|very large hail,discrete to semi-discrete supercells|QLCS and bowing line segments|organized MCS/clusters,synoptic cold front or effective frontal zone|dryline and dryline/cold-front intersection|warm front or baroclinic zone|outflow boundary or residual cold pool,prior_convection|instability_recovery|ofb_placement|cap_conditional|storm_coverage_uncertain|mode_transition|mcs_timing|boundary_interaction,"The packet flags prior convection, outflow, or an effective boundary as influencing instability recovery, initiation, or storm organization.","2013-05-25 featured a dryline supercell hail tornado regime focused on synoptic cold front or effective frontal zone, dryline and dryline/cold-front intersection, warm front or baroclinic zone, outflow boundary or residual cold pool. Day 1 outlooks and MDs supported discrete to semi-discrete supercells transitioning to QLCS and bowing line segments transitioning to organized MCS/clusters with tornadoes, damaging winds, very large hail as the dominant hazards. Prior convection, outflow, or effective boundaries affected recovery, placement, or storm mode."
2013-05-26,ENH_EQ,dryline_supercell_hail_tornado,core,tornadoes|damaging winds|very large hail,discrete to semi-discrete supercells|QLCS and bowing line segments|organized MCS/clusters,dryline and dryline/cold-front intersection|warm front or baroclinic zone|outflow boundary or residual cold pool,prior_convection|instability_recovery|ofb_placement|cap_conditional|storm_coverage_uncertain|mode_transition|mcs_timing|boundary_interaction,"The packet flags prior convection, outflow, or an effective boundary as influencing instability recovery, initiation, or storm organization.","2013-05-26 featured a dryline supercell hail tornado regime focused on dryline and dryline/cold-front intersection, warm front or baroclinic zone, outflow boundary or residual cold pool. Day 1 outlooks and MDs supported discrete to semi-discrete supercells transitioning to QLCS and bowing line segments transitioning to organized MCS/clusters with tornadoes, damaging winds, very large hail as the dominant hazards. Prior convection, outflow, or effective boundaries affected recovery, placement, or storm mode."
2013-05-27,MDT,dryline_supercell_hail_tornado,core,significant tornadoes|damaging winds|very large hail,discrete to semi-discrete supercells|QLCS and bowing line segments|organized MCS/clusters,synoptic cold front or effective frontal zone|dryline and dryline/cold-front intersection|warm front or baroclinic zone|outflow boundary or residual cold pool|effective boundary from prior/ongoing convection,prior_convection|instability_recovery|ofb_placement|cap_conditional|storm_coverage_uncertain|mode_transition|mcs_timing|boundary_interaction,"The packet flags prior convection, outflow, or an effective boundary as influencing instability recovery, initiation, or storm organization.","2013-05-27 featured a dryline supercell hail tornado regime focused on synoptic cold front or effective frontal zone, dryline and dryline/cold-front intersection, warm front or baroclinic zone, outflow boundary or residual cold pool, effective boundary from prior/ongoing convection. Day 1 outlooks and MDs supported discrete to semi-discrete supercells transitioning to QLCS and bowing line segments transitioning to organized MCS/clusters with significant tornadoes, damaging winds, very large hail as the dominant hazards. Prior convection, outflow, or effective boundaries affected recovery, placement, or storm mode."
2013-05-28,ENH_EQ,dryline_supercell_hail_tornado,core,tornadoes|damaging winds|very large hail,discrete to semi-discrete supercells|QLCS and bowing line segments|organized MCS/clusters,synoptic cold front or effective frontal zone|dryline and dryline/cold-front intersection|warm front or baroclinic zone|outflow boundary or residual cold pool|effective boundary from prior/ongoing convection,prior_convection|instability_recovery|ofb_placement|cap_conditional|storm_coverage_uncertain|mode_transition|mcs_timing|boundary_interaction,"The packet flags prior convection, outflow, or an effective boundary as influencing instability recovery, initiation, or storm organization.","2013-05-28 featured a dryline supercell hail tornado regime focused on synoptic cold front or effective frontal zone, dryline and dryline/cold-front intersection, warm front or baroclinic zone, outflow boundary or residual cold pool, effective boundary from prior/ongoing convection. Day 1 outlooks and MDs supported discrete to semi-discrete supercells transitioning to QLCS and bowing line segments transitioning to organized MCS/clusters with tornadoes, damaging winds, very large hail as the dominant hazards. Prior convection, outflow, or effective boundaries affected recovery, placement, or storm mode."
2013-05-29,MDT,dryline_supercell_hail_tornado,core,significant tornadoes|damaging winds|very large hail|heavy rain/flash flooding overlap,discrete to semi-discrete supercells|QLCS and bowing line segments|organized MCS/clusters,synoptic cold front or effective frontal zone|dryline and dryline/cold-front intersection|outflow boundary or residual cold pool,prior_convection|instability_recovery|ofb_placement|cap_conditional|storm_coverage_uncertain|mode_transition|mcs_timing|boundary_interaction,"The packet flags prior convection, outflow, or an effective boundary as influencing instability recovery, initiation, or storm organization.","2013-05-29 featured a dryline supercell hail tornado regime focused on synoptic cold front or effective frontal zone, dryline and dryline/cold-front intersection, outflow boundary or residual cold pool. Day 1 outlooks and MDs supported discrete to semi-discrete supercells transitioning to QLCS and bowing line segments transitioning to organized MCS/clusters with significant tornadoes, damaging winds, very large hail, heavy rain/flash flooding overlap as the dominant hazards. Prior convection, outflow, or effective boundaries affected recovery, placement, or storm mode."
2013-05-30,MDT,dryline_supercell_hail_tornado,core,significant tornadoes|damaging winds|very large hail,discrete to semi-discrete supercells|QLCS and bowing line segments|organized MCS/clusters,dryline and dryline/cold-front intersection|warm front or baroclinic zone|outflow boundary or residual cold pool,prior_convection|instability_recovery|ofb_placement|cap_conditional|storm_coverage_uncertain|mode_transition|mcs_timing|boundary_interaction,"The packet flags prior convection, outflow, or an effective boundary as influencing instability recovery, initiation, or storm organization.","2013-05-30 featured a dryline supercell hail tornado regime focused on dryline and dryline/cold-front intersection, warm front or baroclinic zone, outflow boundary or residual cold pool. Day 1 outlooks and MDs supported discrete to semi-discrete supercells transitioning to QLCS and bowing line segments transitioning to organized MCS/clusters with significant tornadoes, damaging winds, very large hail as the dominant hazards. Prior convection, outflow, or effective boundaries affected recovery, placement, or storm mode."
2013-05-31,MDT,dryline_supercell_hail_tornado,core,significant tornadoes|damaging winds|very large hail|heavy rain/flash flooding overlap,discrete to semi-discrete supercells|QLCS and bowing line segments|organized MCS/clusters,synoptic cold front or effective frontal zone|dryline and dryline/cold-front intersection|outflow boundary or residual cold pool,prior_convection|instability_recovery|ofb_placement|cap_conditional|storm_coverage_uncertain|mode_transition|mcs_timing|boundary_interaction,"The packet flags prior convection, outflow, or an effective boundary as influencing instability recovery, initiation, or storm organization.","2013-05-31 featured a dryline supercell hail tornado regime focused on synoptic cold front or effective frontal zone, dryline and dryline/cold-front intersection, outflow boundary or residual cold pool. Day 1 outlooks and MDs supported discrete to semi-discrete supercells transitioning to QLCS and bowing line segments transitioning to organized MCS/clusters with significant tornadoes, damaging winds, very large hail, heavy rain/flash flooding overlap as the dominant hazards. Prior convection, outflow, or effective boundaries affected recovery, placement, or storm mode."
2013-06-01,ENH_EQ,high_plains_upslope_supercells,likely,damaging winds|very large hail,discrete to semi-discrete supercells|QLCS and bowing line segments,synoptic cold front or effective frontal zone|outflow boundary or residual cold pool,prior_convection|instability_recovery|ofb_placement|cap_conditional|storm_coverage_uncertain|mode_transition|boundary_interaction,"The packet flags prior convection, outflow, or an effective boundary as influencing instability recovery, initiation, or storm organization.","2013-06-01 featured a high plains upslope supercells regime focused on synoptic cold front or effective frontal zone, outflow boundary or residual cold pool. Day 1 outlooks and MDs supported discrete to semi-discrete supercells transitioning to QLCS and bowing line segments with damaging winds, very large hail as the dominant hazards. Prior convection, outflow, or effective boundaries affected recovery, placement, or storm mode."
2013-06-02,ENH_EQ,warm_front_baroclinic_tornado,core,tornadoes|damaging winds|very large hail,discrete to semi-discrete supercells|QLCS and bowing line segments|organized MCS/clusters,warm front or baroclinic zone|outflow boundary or residual cold pool,prior_convection|instability_recovery|ofb_placement|cap_conditional|storm_coverage_uncertain|mode_transition|mcs_timing|boundary_interaction,"The packet flags prior convection, outflow, or an effective boundary as influencing instability recovery, initiation, or storm organization.","2013-06-02 featured a warm front baroclinic tornado regime focused on warm front or baroclinic zone, outflow boundary or residual cold pool. Day 1 outlooks and MDs supported discrete to semi-discrete supercells transitioning to QLCS and bowing line segments transitioning to organized MCS/clusters with tornadoes, damaging winds, very large hail as the dominant hazards. Prior convection, outflow, or effective boundaries affected recovery, placement, or storm mode."
2013-06-03,ENH_EQ,dryline_supercell_hail_tornado,core,tornadoes|damaging winds|very large hail,discrete to semi-discrete supercells|QLCS and bowing line segments|organized MCS/clusters,synoptic cold front or effective frontal zone|dryline and dryline/cold-front intersection|outflow boundary or residual cold pool,prior_convection|instability_recovery|ofb_placement|cap_conditional|storm_coverage_uncertain|mode_transition|mcs_timing|boundary_interaction,"The packet flags prior convection, outflow, or an effective boundary as influencing instability recovery, initiation, or storm organization.","2013-06-03 featured a dryline supercell hail tornado regime focused on synoptic cold front or effective frontal zone, dryline and dryline/cold-front intersection, outflow boundary or residual cold pool. Day 1 outlooks and MDs supported discrete to semi-discrete supercells transitioning to QLCS and bowing line segments transitioning to organized MCS/clusters with tornadoes, damaging winds, very large hail as the dominant hazards. Prior convection, outflow, or effective boundaries affected recovery, placement, or storm mode."
2013-06-04,ENH_EQ,dryline_supercell_hail_tornado,core,tornadoes|damaging winds|very large hail,discrete to semi-discrete supercells|QLCS and bowing line segments|organized MCS/clusters,synoptic cold front or effective frontal zone|dryline and dryline/cold-front intersection|warm front or baroclinic zone|outflow boundary or residual cold pool,prior_convection|instability_recovery|ofb_placement|cap_conditional|storm_coverage_uncertain|mode_transition|mcs_timing|boundary_interaction,"The packet flags prior convection, outflow, or an effective boundary as influencing instability recovery, initiation, or storm organization.","2013-06-04 featured a dryline supercell hail tornado regime focused on synoptic cold front or effective frontal zone, dryline and dryline/cold-front intersection, warm front or baroclinic zone, outflow boundary or residual cold pool. Day 1 outlooks and MDs supported discrete to semi-discrete supercells transitioning to QLCS and bowing line segments transitioning to organized MCS/clusters with tornadoes, damaging winds, very large hail as the dominant hazards. Prior convection, outflow, or effective boundaries affected recovery, placement, or storm mode."
2013-06-05,ENH_EQ,qlcs_bowing_wind_tornado,core,tornadoes|damaging winds|very large hail,discrete to semi-discrete supercells|QLCS and bowing line segments|organized MCS/clusters,synoptic cold front or effective frontal zone|outflow boundary or residual cold pool,prior_convection|instability_recovery|ofb_placement|cap_conditional|storm_coverage_uncertain|mode_transition|mcs_timing|boundary_interaction,"The packet flags prior convection, outflow, or an effective boundary as influencing instability recovery, initiation, or storm organization.","2013-06-05 featured a qlcs bowing wind tornado regime focused on synoptic cold front or effective frontal zone, outflow boundary or residual cold pool. Day 1 outlooks and MDs supported discrete to semi-discrete supercells transitioning to QLCS and bowing line segments transitioning to organized MCS/clusters with tornadoes, damaging winds, very large hail as the dominant hazards. Prior convection, outflow, or effective boundaries affected recovery, placement, or storm mode."
2013-06-10,ENH_EQ,dryline_supercell_hail_tornado,likely,tornadoes|damaging winds|large hail,discrete to semi-discrete supercells|QLCS and bowing line segments,dryline and dryline/cold-front intersection|warm front or baroclinic zone|outflow boundary or residual cold pool,ofb_placement|cap_conditional|storm_coverage_uncertain|mode_transition|boundary_interaction,"The packet flags prior convection, outflow, or an effective boundary as influencing instability recovery, initiation, or storm organization.","2013-06-10 featured a dryline supercell hail tornado regime focused on dryline and dryline/cold-front intersection, warm front or baroclinic zone, outflow boundary or residual cold pool. Day 1 outlooks and MDs supported discrete to semi-discrete supercells transitioning to QLCS and bowing line segments with tornadoes, damaging winds, large hail as the dominant hazards. Prior convection, outflow, or effective boundaries affected recovery, placement, or storm mode."
2013-06-11,MDT,dryline_supercell_hail_tornado,core,significant tornadoes|damaging winds|very large hail,discrete to semi-discrete supercells|QLCS and bowing line segments|organized MCS/clusters,dryline and dryline/cold-front intersection|warm front or baroclinic zone|outflow boundary or residual cold pool,prior_convection|instability_recovery|ofb_placement|cap_conditional|storm_coverage_uncertain|mode_transition|mcs_timing|boundary_interaction,"The packet flags prior convection, outflow, or an effective boundary as influencing instability recovery, initiation, or storm organization.","2013-06-11 featured a dryline supercell hail tornado regime focused on dryline and dryline/cold-front intersection, warm front or baroclinic zone, outflow boundary or residual cold pool. Day 1 outlooks and MDs supported discrete to semi-discrete supercells transitioning to QLCS and bowing line segments transitioning to organized MCS/clusters with significant tornadoes, damaging winds, very large hail as the dominant hazards. Prior convection, outflow, or effective boundaries affected recovery, placement, or storm mode."
2013-06-12,HIGH,derecho_or_serial_mcs_wind,core,significant tornadoes|widespread damaging winds|very large hail,discrete to semi-discrete supercells|QLCS and bowing line segments|organized MCS/clusters,synoptic cold front or effective frontal zone|warm front or baroclinic zone|outflow boundary or residual cold pool,prior_convection|instability_recovery|ofb_placement|cap_conditional|storm_coverage_uncertain|mode_transition|mcs_timing|boundary_interaction|nocturnal_evolution,"The packet flags prior convection, outflow, or an effective boundary as influencing instability recovery, initiation, or storm organization.","2013-06-12 featured a derecho or serial mcs wind regime focused on synoptic cold front or effective frontal zone, warm front or baroclinic zone, outflow boundary or residual cold pool. Day 1 outlooks and MDs supported discrete to semi-discrete supercells transitioning to QLCS and bowing line segments transitioning to organized MCS/clusters with significant tornadoes, widespread damaging winds, very large hail as the dominant hazards. Prior convection, outflow, or effective boundaries affected recovery, placement, or storm mode."
2013-06-13,MDT,derecho_or_serial_mcs_wind,core,significant tornadoes|widespread damaging winds|very large hail,discrete to semi-discrete supercells|QLCS and bowing line segments|organized MCS/clusters,synoptic cold front or effective frontal zone|warm front or baroclinic zone|outflow boundary or residual cold pool,prior_convection|instability_recovery|ofb_placement|cap_conditional|storm_coverage_uncertain|mode_transition|mcs_timing|boundary_interaction|nocturnal_evolution,"The packet flags prior convection, outflow, or an effective boundary as influencing instability recovery, initiation, or storm organization.","2013-06-13 featured a derecho or serial mcs wind regime focused on synoptic cold front or effective frontal zone, warm front or baroclinic zone, outflow boundary or residual cold pool. Day 1 outlooks and MDs supported discrete to semi-discrete supercells transitioning to QLCS and bowing line segments transitioning to organized MCS/clusters with significant tornadoes, widespread damaging winds, very large hail as the dominant hazards. Prior convection, outflow, or effective boundaries affected recovery, placement, or storm mode."
2013-06-15,ENH_EQ,warm_front_baroclinic_tornado,core,tornadoes|very large hail|heavy rain/flash flooding overlap,discrete to semi-discrete supercells|organized MCS/clusters,synoptic cold front or effective frontal zone|warm front or baroclinic zone|outflow boundary or residual cold pool,prior_convection|instability_recovery|ofb_placement|cap_conditional|storm_coverage_uncertain|mcs_timing|boundary_interaction,"The packet flags prior convection, outflow, or an effective boundary as influencing instability recovery, initiation, or storm organization.","2013-06-15 featured a warm front baroclinic tornado regime focused on synoptic cold front or effective frontal zone, warm front or baroclinic zone, outflow boundary or residual cold pool. Day 1 outlooks and MDs supported discrete to semi-discrete supercells transitioning to organized MCS/clusters with tornadoes, very large hail, heavy rain/flash flooding overlap as the dominant hazards. Prior convection, outflow, or effective boundaries affected recovery, placement, or storm mode."
2013-06-16,ENH_EQ,qlcs_bowing_wind_tornado,core,tornadoes|damaging winds|very large hail,discrete to semi-discrete supercells|QLCS and bowing line segments|organized MCS/clusters,outflow boundary or residual cold pool,prior_convection|instability_recovery|ofb_placement|cap_conditional|storm_coverage_uncertain|mode_transition|mcs_timing,"The packet flags prior convection, outflow, or an effective boundary as influencing instability recovery, initiation, or storm organization.","2013-06-16 featured a qlcs bowing wind tornado regime focused on outflow boundary or residual cold pool. Day 1 outlooks and MDs supported discrete to semi-discrete supercells transitioning to QLCS and bowing line segments transitioning to organized MCS/clusters with tornadoes, damaging winds, very large hail as the dominant hazards. Prior convection, outflow, or effective boundaries affected recovery, placement, or storm mode."
2013-06-17,ENH_EQ,qlcs_bowing_wind_tornado,core,tornadoes|damaging winds|very large hail,discrete to semi-discrete supercells|QLCS and bowing line segments|organized MCS/clusters,synoptic cold front or effective frontal zone|outflow boundary or residual cold pool,prior_convection|instability_recovery|ofb_placement|cap_conditional|storm_coverage_uncertain|mode_transition|mcs_timing|boundary_interaction,"The packet flags prior convection, outflow, or an effective boundary as influencing instability recovery, initiation, or storm organization.","2013-06-17 featured a qlcs bowing wind tornado regime focused on synoptic cold front or effective frontal zone, outflow boundary or residual cold pool. Day 1 outlooks and MDs supported discrete to semi-discrete supercells transitioning to QLCS and bowing line segments transitioning to organized MCS/clusters with tornadoes, damaging winds, very large hail as the dominant hazards. Prior convection, outflow, or effective boundaries affected recovery, placement, or storm mode."
2013-06-19,ENH_EQ,dryline_supercell_hail_tornado,core,tornadoes|damaging winds|very large hail|heavy rain/flash flooding overlap,discrete to semi-discrete supercells|QLCS and bowing line segments|organized MCS/clusters,synoptic cold front or effective frontal zone|dryline and dryline/cold-front intersection|warm front or baroclinic zone|outflow boundary or residual cold pool,prior_convection|instability_recovery|ofb_placement|cap_conditional|storm_coverage_uncertain|mode_transition|mcs_timing|boundary_interaction,"The packet flags prior convection, outflow, or an effective boundary as influencing instability recovery, initiation, or storm organization.","2013-06-19 featured a dryline supercell hail tornado regime focused on synoptic cold front or effective frontal zone, dryline and dryline/cold-front intersection, warm front or baroclinic zone, outflow boundary or residual cold pool. Day 1 outlooks and MDs supported discrete to semi-discrete supercells transitioning to QLCS and bowing line segments transitioning to organized MCS/clusters with tornadoes, damaging winds, very large hail, heavy rain/flash flooding overlap as the dominant hazards. Prior convection, outflow, or effective boundaries affected recovery, placement, or storm mode."
2013-06-20,ENH_EQ,warm_front_baroclinic_tornado,core,tornadoes|damaging winds|very large hail|heavy rain/flash flooding overlap,discrete to semi-discrete supercells|QLCS and bowing line segments|organized MCS/clusters,synoptic cold front or effective frontal zone|warm front or baroclinic zone|outflow boundary or residual cold pool,prior_convection|instability_recovery|ofb_placement|cap_conditional|storm_coverage_uncertain|mode_transition|mcs_timing|boundary_interaction,"The packet flags prior convection, outflow, or an effective boundary as influencing instability recovery, initiation, or storm organization.","2013-06-20 featured a warm front baroclinic tornado regime focused on synoptic cold front or effective frontal zone, warm front or baroclinic zone, outflow boundary or residual cold pool. Day 1 outlooks and MDs supported discrete to semi-discrete supercells transitioning to QLCS and bowing line segments transitioning to organized MCS/clusters with tornadoes, damaging winds, very large hail, heavy rain/flash flooding overlap as the dominant hazards. Prior convection, outflow, or effective boundaries affected recovery, placement, or storm mode."
2013-06-21,ENH_EQ,qlcs_bowing_wind_tornado,core,tornadoes|damaging winds|very large hail,discrete to semi-discrete supercells|QLCS and bowing line segments|organized MCS/clusters,outflow boundary or residual cold pool,prior_convection|instability_recovery|ofb_placement|cap_conditional|storm_coverage_uncertain|mode_transition|mcs_timing,"The packet flags prior convection, outflow, or an effective boundary as influencing instability recovery, initiation, or storm organization.","2013-06-21 featured a qlcs bowing wind tornado regime focused on outflow boundary or residual cold pool. Day 1 outlooks and MDs supported discrete to semi-discrete supercells transitioning to QLCS and bowing line segments transitioning to organized MCS/clusters with tornadoes, damaging winds, very large hail as the dominant hazards. Prior convection, outflow, or effective boundaries affected recovery, placement, or storm mode."
2013-06-22,ENH_EQ,dryline_supercell_hail_tornado,core,tornadoes|damaging winds|very large hail,discrete to semi-discrete supercells|QLCS and bowing line segments|organized MCS/clusters,synoptic cold front or effective frontal zone|dryline and dryline/cold-front intersection|warm front or baroclinic zone|outflow boundary or residual cold pool|effective boundary from prior/ongoing convection,prior_convection|instability_recovery|ofb_placement|cap_conditional|storm_coverage_uncertain|mode_transition|mcs_timing|boundary_interaction,"The packet flags prior convection, outflow, or an effective boundary as influencing instability recovery, initiation, or storm organization.","2013-06-22 featured a dryline supercell hail tornado regime focused on synoptic cold front or effective frontal zone, dryline and dryline/cold-front intersection, warm front or baroclinic zone, outflow boundary or residual cold pool, effective boundary from prior/ongoing convection. Day 1 outlooks and MDs supported discrete to semi-discrete supercells transitioning to QLCS and bowing line segments transitioning to organized MCS/clusters with tornadoes, damaging winds, very large hail as the dominant hazards. Prior convection, outflow, or effective boundaries affected recovery, placement, or storm mode."
2013-06-23,ENH_EQ,dryline_supercell_hail_tornado,core,tornadoes|damaging winds|very large hail,discrete to semi-discrete supercells|QLCS and bowing line segments|organized MCS/clusters,dryline and dryline/cold-front intersection|outflow boundary or residual cold pool,prior_convection|instability_recovery|ofb_placement|cap_conditional|storm_coverage_uncertain|mode_transition|mcs_timing|boundary_interaction,"The packet flags prior convection, outflow, or an effective boundary as influencing instability recovery, initiation, or storm organization.","2013-06-23 featured a dryline supercell hail tornado regime focused on dryline and dryline/cold-front intersection, outflow boundary or residual cold pool. Day 1 outlooks and MDs supported discrete to semi-discrete supercells transitioning to QLCS and bowing line segments transitioning to organized MCS/clusters with tornadoes, damaging winds, very large hail as the dominant hazards. Prior convection, outflow, or effective boundaries affected recovery, placement, or storm mode."
2013-06-24,ENH_EQ,dryline_supercell_hail_tornado,core,tornadoes|damaging winds|very large hail,discrete to semi-discrete supercells|QLCS and bowing line segments|organized MCS/clusters,dryline and dryline/cold-front intersection|warm front or baroclinic zone|outflow boundary or residual cold pool,prior_convection|instability_recovery|ofb_placement|cap_conditional|storm_coverage_uncertain|mode_transition|mcs_timing|boundary_interaction,"The packet flags prior convection, outflow, or an effective boundary as influencing instability recovery, initiation, or storm organization.","2013-06-24 featured a dryline supercell hail tornado regime focused on dryline and dryline/cold-front intersection, warm front or baroclinic zone, outflow boundary or residual cold pool. Day 1 outlooks and MDs supported discrete to semi-discrete supercells transitioning to QLCS and bowing line segments transitioning to organized MCS/clusters with tornadoes, damaging winds, very large hail as the dominant hazards. Prior convection, outflow, or effective boundaries affected recovery, placement, or storm mode."
2013-06-25,ENH_EQ,dryline_supercell_hail_tornado,core,tornadoes|damaging winds|very large hail,discrete to semi-discrete supercells|QLCS and bowing line segments|organized MCS/clusters,synoptic cold front or effective frontal zone|dryline and dryline/cold-front intersection|warm front or baroclinic zone|outflow boundary or residual cold pool,prior_convection|instability_recovery|ofb_placement|cap_conditional|storm_coverage_uncertain|mode_transition|mcs_timing|boundary_interaction,"The packet flags prior convection, outflow, or an effective boundary as influencing instability recovery, initiation, or storm organization.","2013-06-25 featured a dryline supercell hail tornado regime focused on synoptic cold front or effective frontal zone, dryline and dryline/cold-front intersection, warm front or baroclinic zone, outflow boundary or residual cold pool. Day 1 outlooks and MDs supported discrete to semi-discrete supercells transitioning to QLCS and bowing line segments transitioning to organized MCS/clusters with tornadoes, damaging winds, very large hail as the dominant hazards. Prior convection, outflow, or effective boundaries affected recovery, placement, or storm mode."
2013-06-26,ENH_EQ,dryline_supercell_hail_tornado,core,tornadoes|damaging winds|very large hail,discrete to semi-discrete supercells|QLCS and bowing line segments|organized MCS/clusters,dryline and dryline/cold-front intersection|outflow boundary or residual cold pool|effective boundary from prior/ongoing convection,prior_convection|instability_recovery|ofb_placement|cap_conditional|storm_coverage_uncertain|mode_transition|mcs_timing|boundary_interaction,"The packet flags prior convection, outflow, or an effective boundary as influencing instability recovery, initiation, or storm organization.","2013-06-26 featured a dryline supercell hail tornado regime focused on dryline and dryline/cold-front intersection, outflow boundary or residual cold pool, effective boundary from prior/ongoing convection. Day 1 outlooks and MDs supported discrete to semi-discrete supercells transitioning to QLCS and bowing line segments transitioning to organized MCS/clusters with tornadoes, damaging winds, very large hail as the dominant hazards. Prior convection, outflow, or effective boundaries affected recovery, placement, or storm mode."
2013-06-27,MDT,warm_front_baroclinic_tornado,core,significant tornadoes|damaging winds|very large hail,discrete to semi-discrete supercells|QLCS and bowing line segments|organized MCS/clusters,synoptic cold front or effective frontal zone|warm front or baroclinic zone|outflow boundary or residual cold pool|effective boundary from prior/ongoing convection,prior_convection|instability_recovery|ofb_placement|cap_conditional|storm_coverage_uncertain|mode_transition|mcs_timing|boundary_interaction,"The packet flags prior convection, outflow, or an effective boundary as influencing instability recovery, initiation, or storm organization.","2013-06-27 featured a warm front baroclinic tornado regime focused on synoptic cold front or effective frontal zone, warm front or baroclinic zone, outflow boundary or residual cold pool, effective boundary from prior/ongoing convection. Day 1 outlooks and MDs supported discrete to semi-discrete supercells transitioning to QLCS and bowing line segments transitioning to organized MCS/clusters with significant tornadoes, damaging winds, very large hail as the dominant hazards. Prior convection, outflow, or effective boundaries affected recovery, placement, or storm mode."
2013-06-28,ENH_EQ,qlcs_bowing_wind_tornado,core,tornadoes|damaging winds|very large hail,discrete to semi-discrete supercells|QLCS and bowing line segments|organized MCS/clusters,synoptic cold front or effective frontal zone|outflow boundary or residual cold pool|effective boundary from prior/ongoing convection,prior_convection|instability_recovery|ofb_placement|cap_conditional|storm_coverage_uncertain|mode_transition|mcs_timing|boundary_interaction,"The packet flags prior convection, outflow, or an effective boundary as influencing instability recovery, initiation, or storm organization.","2013-06-28 featured a qlcs bowing wind tornado regime focused on synoptic cold front or effective frontal zone, outflow boundary or residual cold pool, effective boundary from prior/ongoing convection. Day 1 outlooks and MDs supported discrete to semi-discrete supercells transitioning to QLCS and bowing line segments transitioning to organized MCS/clusters with tornadoes, damaging winds, very large hail as the dominant hazards. Prior convection, outflow, or effective boundaries affected recovery, placement, or storm mode."
2013-07-08,ENH_EQ,warm_front_baroclinic_tornado,core,tornadoes|damaging winds|very large hail,discrete to semi-discrete supercells|QLCS and bowing line segments|organized MCS/clusters,synoptic cold front or effective frontal zone|warm front or baroclinic zone|outflow boundary or residual cold pool,prior_convection|instability_recovery|ofb_placement|cap_conditional|storm_coverage_uncertain|mode_transition|mcs_timing|boundary_interaction,"The packet flags prior convection, outflow, or an effective boundary as influencing instability recovery, initiation, or storm organization.","2013-07-08 featured a warm front baroclinic tornado regime focused on synoptic cold front or effective frontal zone, warm front or baroclinic zone, outflow boundary or residual cold pool. Day 1 outlooks and MDs supported discrete to semi-discrete supercells transitioning to QLCS and bowing line segments transitioning to organized MCS/clusters with tornadoes, damaging winds, very large hail as the dominant hazards. Prior convection, outflow, or effective boundaries affected recovery, placement, or storm mode."
2013-07-09,ENH_EQ,high_plains_upslope_supercells,core,tornadoes|very large hail,discrete to semi-discrete supercells|organized MCS/clusters,synoptic cold front or effective frontal zone|outflow boundary or residual cold pool|effective boundary from prior/ongoing convection,prior_convection|instability_recovery|ofb_placement|cap_conditional|storm_coverage_uncertain|mcs_timing|boundary_interaction,"The packet flags prior convection, outflow, or an effective boundary as influencing instability recovery, initiation, or storm organization.","2013-07-09 featured a high plains upslope supercells regime focused on synoptic cold front or effective frontal zone, outflow boundary or residual cold pool, effective boundary from prior/ongoing convection. Day 1 outlooks and MDs supported discrete to semi-discrete supercells transitioning to organized MCS/clusters with tornadoes, very large hail as the dominant hazards. Prior convection, outflow, or effective boundaries affected recovery, placement, or storm mode."
2013-07-10,ENH_EQ,derecho_or_serial_mcs_wind,core,tornadoes|widespread damaging winds|very large hail,discrete to semi-discrete supercells|QLCS and bowing line segments|organized MCS/clusters,synoptic cold front or effective frontal zone|outflow boundary or residual cold pool,prior_convection|instability_recovery|ofb_placement|cap_conditional|storm_coverage_uncertain|mode_transition|mcs_timing|boundary_interaction|nocturnal_evolution,"The packet flags prior convection, outflow, or an effective boundary as influencing instability recovery, initiation, or storm organization.","2013-07-10 featured a derecho or serial mcs wind regime focused on synoptic cold front or effective frontal zone, outflow boundary or residual cold pool. Day 1 outlooks and MDs supported discrete to semi-discrete supercells transitioning to QLCS and bowing line segments transitioning to organized MCS/clusters with tornadoes, widespread damaging winds, very large hail as the dominant hazards. Prior convection, outflow, or effective boundaries affected recovery, placement, or storm mode."
2013-07-18,MDT,warm_front_baroclinic_tornado,likely,significant tornadoes|damaging winds|very large hail,discrete to semi-discrete supercells|QLCS and bowing line segments,synoptic cold front or effective frontal zone|warm front or baroclinic zone|outflow boundary or residual cold pool,prior_convection|instability_recovery|ofb_placement|cap_conditional|storm_coverage_uncertain|mode_transition|boundary_interaction,"The packet flags prior convection, outflow, or an effective boundary as influencing instability recovery, initiation, or storm organization.","2013-07-18 featured a warm front baroclinic tornado regime focused on synoptic cold front or effective frontal zone, warm front or baroclinic zone, outflow boundary or residual cold pool. Day 1 outlooks and MDs supported discrete to semi-discrete supercells transitioning to QLCS and bowing line segments with significant tornadoes, damaging winds, very large hail as the dominant hazards. Prior convection, outflow, or effective boundaries affected recovery, placement, or storm mode."
2013-07-19,ENH_EQ,forward_propagating_mcs_wind,core,damaging winds|large hail,discrete to semi-discrete supercells|QLCS and bowing line segments|organized MCS/clusters,synoptic cold front or effective frontal zone|outflow boundary or residual cold pool,prior_convection|instability_recovery|ofb_placement|cap_conditional|storm_coverage_uncertain|mode_transition|mcs_timing|boundary_interaction,"The packet flags prior convection, outflow, or an effective boundary as influencing instability recovery, initiation, or storm organization.","2013-07-19 featured a forward propagating mcs wind regime focused on synoptic cold front or effective frontal zone, outflow boundary or residual cold pool. Day 1 outlooks and MDs supported discrete to semi-discrete supercells transitioning to QLCS and bowing line segments transitioning to organized MCS/clusters with damaging winds, large hail as the dominant hazards. Prior convection, outflow, or effective boundaries affected recovery, placement, or storm mode."
2013-07-21,ENH_EQ,warm_front_baroclinic_tornado,likely,tornadoes|damaging winds|very large hail,discrete to semi-discrete supercells|QLCS and bowing line segments,synoptic cold front or effective frontal zone|warm front or baroclinic zone|outflow boundary or residual cold pool,ofb_placement|cap_conditional|storm_coverage_uncertain|mode_transition|boundary_interaction,"The packet flags prior convection, outflow, or an effective boundary as influencing instability recovery, initiation, or storm organization.","2013-07-21 featured a warm front baroclinic tornado regime focused on synoptic cold front or effective frontal zone, warm front or baroclinic zone, outflow boundary or residual cold pool. Day 1 outlooks and MDs supported discrete to semi-discrete supercells transitioning to QLCS and bowing line segments with tornadoes, damaging winds, very large hail as the dominant hazards. Prior convection, outflow, or effective boundaries affected recovery, placement, or storm mode."
2013-07-23,ENH_EQ,qlcs_bowing_wind_tornado,core,tornadoes|damaging winds|very large hail,discrete to semi-discrete supercells|QLCS and bowing line segments|organized MCS/clusters,synoptic cold front or effective frontal zone|outflow boundary or residual cold pool,prior_convection|instability_recovery|ofb_placement|cap_conditional|storm_coverage_uncertain|mode_transition|mcs_timing|boundary_interaction,"The packet flags prior convection, outflow, or an effective boundary as influencing instability recovery, initiation, or storm organization.","2013-07-23 featured a qlcs bowing wind tornado regime focused on synoptic cold front or effective frontal zone, outflow boundary or residual cold pool. Day 1 outlooks and MDs supported discrete to semi-discrete supercells transitioning to QLCS and bowing line segments transitioning to organized MCS/clusters with tornadoes, damaging winds, very large hail as the dominant hazards. Prior convection, outflow, or effective boundaries affected recovery, placement, or storm mode."
2013-08-01,ENH_EQ,derecho_or_serial_mcs_wind,core,tornadoes|widespread damaging winds|very large hail,discrete to semi-discrete supercells|QLCS and bowing line segments|organized MCS/clusters,synoptic cold front or effective frontal zone|warm front or baroclinic zone|outflow boundary or residual cold pool,prior_convection|instability_recovery|ofb_placement|cap_conditional|storm_coverage_uncertain|mode_transition|mcs_timing|boundary_interaction|nocturnal_evolution,"The packet flags prior convection, outflow, or an effective boundary as influencing instability recovery, initiation, or storm organization.","2013-08-01 featured a derecho or serial mcs wind regime focused on synoptic cold front or effective frontal zone, warm front or baroclinic zone, outflow boundary or residual cold pool. Day 1 outlooks and MDs supported discrete to semi-discrete supercells transitioning to QLCS and bowing line segments transitioning to organized MCS/clusters with tornadoes, widespread damaging winds, very large hail as the dominant hazards. Prior convection, outflow, or effective boundaries affected recovery, placement, or storm mode."
2013-08-03,ENH_EQ,qlcs_bowing_wind_tornado,core,tornadoes|damaging winds|very large hail|heavy rain/flash flooding overlap,discrete to semi-discrete supercells|QLCS and bowing line segments|organized MCS/clusters,synoptic cold front or effective frontal zone|outflow boundary or residual cold pool,prior_convection|instability_recovery|ofb_placement|cap_conditional|storm_coverage_uncertain|mode_transition|mcs_timing|boundary_interaction,"The packet flags prior convection, outflow, or an effective boundary as influencing instability recovery, initiation, or storm organization.","2013-08-03 featured a qlcs bowing wind tornado regime focused on synoptic cold front or effective frontal zone, outflow boundary or residual cold pool. Day 1 outlooks and MDs supported discrete to semi-discrete supercells transitioning to QLCS and bowing line segments transitioning to organized MCS/clusters with tornadoes, damaging winds, very large hail, heavy rain/flash flooding overlap as the dominant hazards. Prior convection, outflow, or effective boundaries affected recovery, placement, or storm mode."
2013-08-06,ENH_EQ,warm_front_baroclinic_tornado,core,tornadoes|damaging winds|very large hail|heavy rain/flash flooding overlap,discrete to semi-discrete supercells|QLCS and bowing line segments|organized MCS/clusters,synoptic cold front or effective frontal zone|warm front or baroclinic zone|outflow boundary or residual cold pool,prior_convection|instability_recovery|ofb_placement|cap_conditional|storm_coverage_uncertain|mode_transition|mcs_timing|boundary_interaction,"The packet flags prior convection, outflow, or an effective boundary as influencing instability recovery, initiation, or storm organization.","2013-08-06 featured a warm front baroclinic tornado regime focused on synoptic cold front or effective frontal zone, warm front or baroclinic zone, outflow boundary or residual cold pool. Day 1 outlooks and MDs supported discrete to semi-discrete supercells transitioning to QLCS and bowing line segments transitioning to organized MCS/clusters with tornadoes, damaging winds, very large hail, heavy rain/flash flooding overlap as the dominant hazards. Prior convection, outflow, or effective boundaries affected recovery, placement, or storm mode."
2013-08-07,ENH_EQ,forward_propagating_mcs_wind,core,damaging winds|very large hail,discrete to semi-discrete supercells|QLCS and bowing line segments|organized MCS/clusters,synoptic cold front or effective frontal zone|outflow boundary or residual cold pool,prior_convection|instability_recovery|ofb_placement|cap_conditional|storm_coverage_uncertain|mode_transition|mcs_timing|boundary_interaction,"The packet flags prior convection, outflow, or an effective boundary as influencing instability recovery, initiation, or storm organization.","2013-08-07 featured a forward propagating mcs wind regime focused on synoptic cold front or effective frontal zone, outflow boundary or residual cold pool. Day 1 outlooks and MDs supported discrete to semi-discrete supercells transitioning to QLCS and bowing line segments transitioning to organized MCS/clusters with damaging winds, very large hail as the dominant hazards. Prior convection, outflow, or effective boundaries affected recovery, placement, or storm mode."
2013-08-15,ENH_EQ,forward_propagating_mcs_wind,core,damaging winds|very large hail,discrete to semi-discrete supercells|QLCS and bowing line segments|organized MCS/clusters,outflow boundary or residual cold pool,prior_convection|instability_recovery|ofb_placement|cap_conditional|storm_coverage_uncertain|mode_transition|mcs_timing,"The packet flags prior convection, outflow, or an effective boundary as influencing instability recovery, initiation, or storm organization.","2013-08-15 featured a forward propagating mcs wind regime focused on outflow boundary or residual cold pool. Day 1 outlooks and MDs supported discrete to semi-discrete supercells transitioning to QLCS and bowing line segments transitioning to organized MCS/clusters with damaging winds, very large hail as the dominant hazards. Prior convection, outflow, or effective boundaries affected recovery, placement, or storm mode."
2013-08-31,ENH_EQ,high_plains_upslope_supercells,likely,damaging winds|very large hail,discrete to semi-discrete supercells|QLCS and bowing line segments,synoptic cold front or effective frontal zone|outflow boundary or residual cold pool,prior_convection|instability_recovery|ofb_placement|cap_conditional|storm_coverage_uncertain|mode_transition|boundary_interaction,"The packet flags prior convection, outflow, or an effective boundary as influencing instability recovery, initiation, or storm organization.","2013-08-31 featured a high plains upslope supercells regime focused on synoptic cold front or effective frontal zone, outflow boundary or residual cold pool. Day 1 outlooks and MDs supported discrete to semi-discrete supercells transitioning to QLCS and bowing line segments with damaging winds, very large hail as the dominant hazards. Prior convection, outflow, or effective boundaries affected recovery, placement, or storm mode."
2013-09-08,ENH_EQ,forward_propagating_mcs_wind,core,damaging winds|very large hail,discrete to semi-discrete supercells|QLCS and bowing line segments|organized MCS/clusters,outflow boundary or residual cold pool,prior_convection|instability_recovery|ofb_placement|cap_conditional|storm_coverage_uncertain|mode_transition|mcs_timing,"The packet flags prior convection, outflow, or an effective boundary as influencing instability recovery, initiation, or storm organization.","2013-09-08 featured a forward propagating mcs wind regime focused on outflow boundary or residual cold pool. Day 1 outlooks and MDs supported discrete to semi-discrete supercells transitioning to QLCS and bowing line segments transitioning to organized MCS/clusters with damaging winds, very large hail as the dominant hazards. Prior convection, outflow, or effective boundaries affected recovery, placement, or storm mode."
2013-09-11,ENH_EQ,high_plains_upslope_supercells,likely,damaging winds|very large hail,discrete to semi-discrete supercells|QLCS and bowing line segments,synoptic cold front or effective frontal zone|outflow boundary or residual cold pool,ofb_placement|cap_conditional|storm_coverage_uncertain|mode_transition|boundary_interaction,"The packet flags prior convection, outflow, or an effective boundary as influencing instability recovery, initiation, or storm organization.","2013-09-11 featured a high plains upslope supercells regime focused on synoptic cold front or effective frontal zone, outflow boundary or residual cold pool. Day 1 outlooks and MDs supported discrete to semi-discrete supercells transitioning to QLCS and bowing line segments with damaging winds, very large hail as the dominant hazards. Prior convection, outflow, or effective boundaries affected recovery, placement, or storm mode."
2013-09-12,ENH_EQ,qlcs_bowing_wind_tornado,likely,damaging winds,QLCS and bowing line segments,prefrontal convergence and mesoscale ascent,prior_convection|instability_recovery|cap_conditional|storm_coverage_uncertain,"The packet flags prior convection, outflow, or an effective boundary as influencing instability recovery, initiation, or storm organization.","2013-09-12 featured a qlcs bowing wind tornado regime focused on prefrontal convergence and mesoscale ascent. Day 1 outlooks and MDs supported QLCS and bowing line segments with damaging winds as the dominant hazards. Prior convection, outflow, or effective boundaries affected recovery, placement, or storm mode."
2013-10-04,MDT,dryline_supercell_hail_tornado,likely,significant tornadoes|damaging winds|very large hail,discrete to semi-discrete supercells|QLCS and bowing line segments,synoptic cold front or effective frontal zone|dryline and dryline/cold-front intersection|warm front or baroclinic zone|outflow boundary or residual cold pool,ofb_placement|cap_conditional|storm_coverage_uncertain|mode_transition|boundary_interaction,"The packet flags prior convection, outflow, or an effective boundary as influencing instability recovery, initiation, or storm organization.","2013-10-04 featured a dryline supercell hail tornado regime focused on synoptic cold front or effective frontal zone, dryline and dryline/cold-front intersection, warm front or baroclinic zone, outflow boundary or residual cold pool. Day 1 outlooks and MDs supported discrete to semi-discrete supercells transitioning to QLCS and bowing line segments with significant tornadoes, damaging winds, very large hail as the dominant hazards. Prior convection, outflow, or effective boundaries affected recovery, placement, or storm mode."
2013-12-21,MDT,derecho_or_serial_mcs_wind,likely,significant tornadoes|widespread damaging winds|large hail,discrete to semi-discrete supercells|QLCS and bowing line segments|organized MCS/clusters,synoptic cold front or effective frontal zone,prior_convection|instability_recovery|cap_conditional|storm_coverage_uncertain|mode_transition|mcs_timing|boundary_interaction|nocturnal_evolution,"The packet flags prior convection, outflow, or an effective boundary as influencing instability recovery, initiation, or storm organization.","2013-12-21 featured a derecho or serial mcs wind regime focused on synoptic cold front or effective frontal zone. Day 1 outlooks and MDs supported discrete to semi-discrete supercells transitioning to QLCS and bowing line segments transitioning to organized MCS/clusters with significant tornadoes, widespread damaging winds, large hail as the dominant hazards. Prior convection, outflow, or effective boundaries affected recovery, placement, or storm mode."
2014-02-12,ENH_EQ,qlcs_bowing_wind_tornado,likely,damaging winds|tornadoes|large hail,discrete to semi-discrete supercells|bowing line segments/QLCS,cold front or Pacific front|warm front/baroclinic zone|low-level confluence/prefrontal trough,prior_convection|ofb_placement|instability_recovery|mode_transition|boundary_interaction|nocturnal_evolution|moisture_quality|storm_coverage_uncertain,"Convective remnants or outflow likely modulated the severe corridor, alongside the synoptic front/warm front/dryline forcing.","2014-02-12 was classified as ENH_EQ with forcing focused by cold front or Pacific front, warm front/baroclinic zone, low-level confluence/prefrontal trough. The dominant storm character was discrete to semi-discrete supercells, bowing line segments/QLCS, yielding a primary hazard mix of damaging winds, tornadoes, large hail. Convective remnants or outflow likely modulated the severe corridor, alongside the synoptic front/warm front/dryline forcing. Forecast uncertainty centered on prior_convection, ofb_placement, instability_recovery."
2014-02-20,MDT,derecho_or_serial_mcs_wind,likely,damaging winds|large hail|tornadoes,discrete to semi-discrete supercells|bowing line segments/QLCS|elevated convection north of the boundary,dryline or sharpening lee trough|cold front or Pacific front|warm front/baroclinic zone|outflow boundary and/or convective cold pool|low-level confluence/prefrontal trough,prior_convection|ofb_placement|instability_recovery|cap_conditional|mode_transition|boundary_interaction|nocturnal_evolution|moisture_quality,"Convective remnants or outflow likely modulated the severe corridor, alongside the synoptic front/warm front/dryline forcing.","2014-02-20 was classified as MDT with forcing focused by dryline or sharpening lee trough, cold front or Pacific front, warm front/baroclinic zone. The dominant storm character was discrete to semi-discrete supercells, bowing line segments/QLCS, elevated convection north of the boundary, yielding a primary hazard mix of damaging winds, large hail, tornadoes. Convective remnants or outflow likely modulated the severe corridor, alongside the synoptic front/warm front/dryline forcing. Forecast uncertainty centered on prior_convection, ofb_placement, instability_recovery."
2014-03-17,ENH_EQ,qlcs_bowing_wind_tornado,likely,damaging winds|tornadoes,discrete to semi-discrete supercells|bowing line segments/QLCS|MCS or upscale-growing clusters,cold front or Pacific front|outflow boundary and/or convective cold pool|low-level confluence/prefrontal trough,prior_convection|ofb_placement|instability_recovery|cap_conditional|mode_transition|boundary_interaction|nocturnal_evolution|moisture_quality,"Convective remnants or outflow likely modulated the severe corridor, alongside the synoptic front/warm front/dryline forcing.","2014-03-17 was classified as ENH_EQ with forcing focused by cold front or Pacific front, outflow boundary and/or convective cold pool, low-level confluence/prefrontal trough. The dominant storm character was discrete to semi-discrete supercells, bowing line segments/QLCS, MCS or upscale-growing clusters, yielding a primary hazard mix of damaging winds, tornadoes. Convective remnants or outflow likely modulated the severe corridor, alongside the synoptic front/warm front/dryline forcing. Forecast uncertainty centered on prior_convection, ofb_placement, instability_recovery."
2014-03-28,ENH_EQ,dryline_supercell_hail_tornado,core,damaging winds|large hail|tornadoes,discrete to semi-discrete supercells|bowing line segments/QLCS|MCS or upscale-growing clusters|elevated convection north of the boundary,dryline or sharpening lee trough|cold front or Pacific front|outflow boundary and/or convective cold pool,prior_convection|ofb_placement|instability_recovery|cap_conditional|mode_transition|mcs_timing|boundary_interaction|moisture_quality,"Prior or ongoing convection, cold pools, or outflow boundaries were central to risk placement, storm mode, or downstream destabilization.","2014-03-28 was classified as ENH_EQ with forcing focused by dryline or sharpening lee trough, cold front or Pacific front, outflow boundary and/or convective cold pool. The dominant storm character was discrete to semi-discrete supercells, bowing line segments/QLCS, MCS or upscale-growing clusters, yielding a primary hazard mix of damaging winds, large hail, tornadoes. Prior or ongoing convection, cold pools, or outflow boundaries were central to risk placement, storm mode, or downstream destabilization. Forecast uncertainty centered on prior_convection, ofb_placement, instability_recovery."
2014-04-02,ENH_EQ,dryline_supercell_hail_tornado,likely,large hail|damaging winds|tornadoes|flash-flood-producing rainfall,discrete to semi-discrete supercells|bowing line segments/QLCS|MCS or upscale-growing clusters|elevated convection north of the boundary,dryline or sharpening lee trough|warm front/baroclinic zone|low-level confluence/prefrontal trough,instability_recovery|cap_conditional|mode_transition|mcs_timing|boundary_interaction|nocturnal_evolution|moisture_quality|storm_coverage_uncertain,"Convective remnants or outflow likely modulated the severe corridor, alongside the synoptic front/warm front/dryline forcing.","2014-04-02 was classified as ENH_EQ with forcing focused by dryline or sharpening lee trough, warm front/baroclinic zone, low-level confluence/prefrontal trough. The dominant storm character was discrete to semi-discrete supercells, bowing line segments/QLCS, MCS or upscale-growing clusters, yielding a primary hazard mix of large hail, damaging winds, tornadoes. Convective remnants or outflow likely modulated the severe corridor, alongside the synoptic front/warm front/dryline forcing. Forecast uncertainty centered on instability_recovery, cap_conditional, mode_transition."
2014-04-03,MDT,dryline_supercell_hail_tornado,core,damaging winds|large hail|tornadoes|flash-flood-producing rainfall,discrete to semi-discrete supercells|bowing line segments/QLCS|MCS or upscale-growing clusters|elevated convection north of the boundary,dryline or sharpening lee trough|cold front or Pacific front|warm front/baroclinic zone|outflow boundary and/or convective cold pool|low-level confluence/prefrontal trough,prior_convection|ofb_placement|instability_recovery|cap_conditional|mode_transition|mcs_timing|boundary_interaction|nocturnal_evolution,"Prior or ongoing convection, cold pools, or outflow boundaries were central to risk placement, storm mode, or downstream destabilization.","2014-04-03 was classified as MDT with forcing focused by dryline or sharpening lee trough, cold front or Pacific front, warm front/baroclinic zone. The dominant storm character was discrete to semi-discrete supercells, bowing line segments/QLCS, MCS or upscale-growing clusters, yielding a primary hazard mix of damaging winds, large hail, tornadoes. Prior or ongoing convection, cold pools, or outflow boundaries were central to risk placement, storm mode, or downstream destabilization. Forecast uncertainty centered on prior_convection, ofb_placement, instability_recovery."
2014-04-06,ENH_EQ,warm_front_baroclinic_tornado,likely,damaging winds|large hail|tornadoes,discrete to semi-discrete supercells|bowing line segments/QLCS|elevated convection north of the boundary,cold front or Pacific front|warm front/baroclinic zone|outflow boundary and/or convective cold pool|low-level confluence/prefrontal trough,prior_convection|ofb_placement|instability_recovery|cap_conditional|mode_transition|boundary_interaction|nocturnal_evolution|moisture_quality,"Convective remnants or outflow likely modulated the severe corridor, alongside the synoptic front/warm front/dryline forcing.","2014-04-06 was classified as ENH_EQ with forcing focused by cold front or Pacific front, warm front/baroclinic zone, outflow boundary and/or convective cold pool. The dominant storm character was discrete to semi-discrete supercells, bowing line segments/QLCS, elevated convection north of the boundary, yielding a primary hazard mix of damaging winds, large hail, tornadoes. Convective remnants or outflow likely modulated the severe corridor, alongside the synoptic front/warm front/dryline forcing. Forecast uncertainty centered on prior_convection, ofb_placement, instability_recovery."
2014-04-12,ENH_EQ,dryline_supercell_hail_tornado,likely,damaging winds|large hail|tornadoes,discrete to semi-discrete supercells|bowing line segments/QLCS|elevated convection north of the boundary,dryline or sharpening lee trough|cold front or Pacific front|warm front/baroclinic zone|outflow boundary and/or convective cold pool,prior_convection|ofb_placement|instability_recovery|cap_conditional|mode_transition|boundary_interaction|nocturnal_evolution|moisture_quality,"Convective remnants or outflow likely modulated the severe corridor, alongside the synoptic front/warm front/dryline forcing.","2014-04-12 was classified as ENH_EQ with forcing focused by dryline or sharpening lee trough, cold front or Pacific front, warm front/baroclinic zone. The dominant storm character was discrete to semi-discrete supercells, bowing line segments/QLCS, elevated convection north of the boundary, yielding a primary hazard mix of damaging winds, large hail, tornadoes. Convective remnants or outflow likely modulated the severe corridor, alongside the synoptic front/warm front/dryline forcing. Forecast uncertainty centered on prior_convection, ofb_placement, instability_recovery."
2014-04-13,MDT,dryline_supercell_hail_tornado,core,damaging winds|large hail|tornadoes,discrete to semi-discrete supercells|bowing line segments/QLCS|MCS or upscale-growing clusters|elevated convection north of the boundary,dryline or sharpening lee trough|cold front or Pacific front|warm front/baroclinic zone|outflow boundary and/or convective cold pool,prior_convection|ofb_placement|instability_recovery|cap_conditional|mode_transition|mcs_timing|boundary_interaction|nocturnal_evolution,"Prior or ongoing convection, cold pools, or outflow boundaries were central to risk placement, storm mode, or downstream destabilization.","2014-04-13 was classified as MDT with forcing focused by dryline or sharpening lee trough, cold front or Pacific front, warm front/baroclinic zone. The dominant storm character was discrete to semi-discrete supercells, bowing line segments/QLCS, MCS or upscale-growing clusters, yielding a primary hazard mix of damaging winds, large hail, tornadoes. Prior or ongoing convection, cold pools, or outflow boundaries were central to risk placement, storm mode, or downstream destabilization. Forecast uncertainty centered on prior_convection, ofb_placement, instability_recovery."
2014-04-23,ENH_EQ,dryline_supercell_hail_tornado,likely,damaging winds|large hail|tornadoes,discrete to semi-discrete supercells|bowing line segments/QLCS|MCS or upscale-growing clusters|organized multicell clusters,dryline or sharpening lee trough|cold front or Pacific front|outflow boundary and/or convective cold pool|upslope flow/terrain circulation,ofb_placement|instability_recovery|cap_conditional|mode_transition|boundary_interaction|nocturnal_evolution|moisture_quality|storm_coverage_uncertain,"Convective remnants or outflow likely modulated the severe corridor, alongside the synoptic front/warm front/dryline forcing.","2014-04-23 was classified as ENH_EQ with forcing focused by dryline or sharpening lee trough, cold front or Pacific front, outflow boundary and/or convective cold pool. The dominant storm character was discrete to semi-discrete supercells, bowing line segments/QLCS, MCS or upscale-growing clusters, yielding a primary hazard mix of damaging winds, large hail, tornadoes. Convective remnants or outflow likely modulated the severe corridor, alongside the synoptic front/warm front/dryline forcing. Forecast uncertainty centered on ofb_placement, instability_recovery, cap_conditional."
2014-04-24,ENH_EQ,warm_front_baroclinic_tornado,likely,damaging winds|large hail|tornadoes,discrete to semi-discrete supercells|bowing line segments/QLCS|elevated convection north of the boundary|organized multicell clusters,cold front or Pacific front|warm front/baroclinic zone|outflow boundary and/or convective cold pool|low-level confluence/prefrontal trough,prior_convection|ofb_placement|instability_recovery|cap_conditional|mode_transition|boundary_interaction|nocturnal_evolution|moisture_quality,"Convective remnants or outflow likely modulated the severe corridor, alongside the synoptic front/warm front/dryline forcing.","2014-04-24 was classified as ENH_EQ with forcing focused by cold front or Pacific front, warm front/baroclinic zone, outflow boundary and/or convective cold pool. The dominant storm character was discrete to semi-discrete supercells, bowing line segments/QLCS, elevated convection north of the boundary, yielding a primary hazard mix of damaging winds, large hail, tornadoes. Convective remnants or outflow likely modulated the severe corridor, alongside the synoptic front/warm front/dryline forcing. Forecast uncertainty centered on prior_convection, ofb_placement, instability_recovery."
2014-04-25,ENH_EQ,warm_front_baroclinic_tornado,likely,damaging winds|tornadoes|large hail,discrete to semi-discrete supercells|bowing line segments/QLCS|elevated convection north of the boundary,cold front or Pacific front|warm front/baroclinic zone|outflow boundary and/or convective cold pool|low-level confluence/prefrontal trough,prior_convection|ofb_placement|instability_recovery|cap_conditional|mode_transition|boundary_interaction|nocturnal_evolution|moisture_quality,"Convective remnants or outflow likely modulated the severe corridor, alongside the synoptic front/warm front/dryline forcing.","2014-04-25 was classified as ENH_EQ with forcing focused by cold front or Pacific front, warm front/baroclinic zone, outflow boundary and/or convective cold pool. The dominant storm character was discrete to semi-discrete supercells, bowing line segments/QLCS, elevated convection north of the boundary, yielding a primary hazard mix of damaging winds, tornadoes, large hail. Convective remnants or outflow likely modulated the severe corridor, alongside the synoptic front/warm front/dryline forcing. Forecast uncertainty centered on prior_convection, ofb_placement, instability_recovery."
2014-04-26,ENH_EQ,dryline_supercell_hail_tornado,likely,large hail|damaging winds|tornadoes,discrete to semi-discrete supercells|elevated convection north of the boundary,dryline or sharpening lee trough|cold front or Pacific front|warm front/baroclinic zone|outflow boundary and/or convective cold pool|low-level confluence/prefrontal trough|upslope flow/terrain circulation,prior_convection|ofb_placement|instability_recovery|cap_conditional|mode_transition|boundary_interaction|nocturnal_evolution|moisture_quality,"Convective remnants or outflow likely modulated the severe corridor, alongside the synoptic front/warm front/dryline forcing.","2014-04-26 was classified as ENH_EQ with forcing focused by dryline or sharpening lee trough, cold front or Pacific front, warm front/baroclinic zone. The dominant storm character was discrete to semi-discrete supercells, elevated convection north of the boundary, yielding a primary hazard mix of large hail, damaging winds, tornadoes. Convective remnants or outflow likely modulated the severe corridor, alongside the synoptic front/warm front/dryline forcing. Forecast uncertainty centered on prior_convection, ofb_placement, instability_recovery."
2014-04-27,HIGH,high_end_tornado_outbreak,core,damaging winds|tornadoes|large hail|flash-flood-producing rainfall,discrete to semi-discrete supercells|bowing line segments/QLCS|MCS or upscale-growing clusters|elevated convection north of the boundary,dryline or sharpening lee trough|cold front or Pacific front|warm front/baroclinic zone|outflow boundary and/or convective cold pool|low-level confluence/prefrontal trough,prior_convection|ofb_placement|instability_recovery|cap_conditional|mode_transition|mcs_timing|boundary_interaction|nocturnal_evolution,"Prior or ongoing convection, cold pools, or outflow boundaries were central to risk placement, storm mode, or downstream destabilization.","2014-04-27 was classified as HIGH with forcing focused by dryline or sharpening lee trough, cold front or Pacific front, warm front/baroclinic zone. The dominant storm character was discrete to semi-discrete supercells, bowing line segments/QLCS, MCS or upscale-growing clusters, yielding a primary hazard mix of damaging winds, tornadoes, large hail. Prior or ongoing convection, cold pools, or outflow boundaries were central to risk placement, storm mode, or downstream destabilization. Forecast uncertainty centered on prior_convection, ofb_placement, instability_recovery."
2014-04-28,HIGH,high_end_tornado_outbreak,core,damaging winds|tornadoes|large hail|flash-flood-producing rainfall,discrete to semi-discrete supercells|bowing line segments/QLCS|MCS or upscale-growing clusters|organized multicell clusters,dryline or sharpening lee trough|cold front or Pacific front|warm front/baroclinic zone|outflow boundary and/or convective cold pool|low-level confluence/prefrontal trough,prior_convection|ofb_placement|instability_recovery|cap_conditional|mode_transition|mcs_timing|boundary_interaction|nocturnal_evolution,"Prior or ongoing convection, cold pools, or outflow boundaries were central to risk placement, storm mode, or downstream destabilization.","2014-04-28 was classified as HIGH with forcing focused by dryline or sharpening lee trough, cold front or Pacific front, warm front/baroclinic zone. The dominant storm character was discrete to semi-discrete supercells, bowing line segments/QLCS, MCS or upscale-growing clusters, yielding a primary hazard mix of damaging winds, tornadoes, large hail. Prior or ongoing convection, cold pools, or outflow boundaries were central to risk placement, storm mode, or downstream destabilization. Forecast uncertainty centered on prior_convection, ofb_placement, instability_recovery."
2014-04-29,MDT,warm_front_baroclinic_tornado,core,damaging winds|large hail|tornadoes,discrete to semi-discrete supercells|bowing line segments/QLCS|MCS or upscale-growing clusters|elevated convection north of the boundary,cold front or Pacific front|warm front/baroclinic zone|outflow boundary and/or convective cold pool|low-level confluence/prefrontal trough,prior_convection|ofb_placement|instability_recovery|cap_conditional|mode_transition|mcs_timing|boundary_interaction|nocturnal_evolution,"Prior or ongoing convection, cold pools, or outflow boundaries were central to risk placement, storm mode, or downstream destabilization.","2014-04-29 was classified as MDT with forcing focused by cold front or Pacific front, warm front/baroclinic zone, outflow boundary and/or convective cold pool. The dominant storm character was discrete to semi-discrete supercells, bowing line segments/QLCS, MCS or upscale-growing clusters, yielding a primary hazard mix of damaging winds, large hail, tornadoes. Prior or ongoing convection, cold pools, or outflow boundaries were central to risk placement, storm mode, or downstream destabilization. Forecast uncertainty centered on prior_convection, ofb_placement, instability_recovery."
2014-04-30,ENH_EQ,qlcs_bowing_wind_tornado,likely,damaging winds|tornadoes|large hail,discrete to semi-discrete supercells|bowing line segments/QLCS|MCS or upscale-growing clusters|organized multicell clusters,cold front or Pacific front|warm front/baroclinic zone|outflow boundary and/or convective cold pool,prior_convection|ofb_placement|instability_recovery|cap_conditional|mode_transition|boundary_interaction|nocturnal_evolution|moisture_quality,"Convective remnants or outflow likely modulated the severe corridor, alongside the synoptic front/warm front/dryline forcing.","2014-04-30 was classified as ENH_EQ with forcing focused by cold front or Pacific front, warm front/baroclinic zone, outflow boundary and/or convective cold pool. The dominant storm character was discrete to semi-discrete supercells, bowing line segments/QLCS, MCS or upscale-growing clusters, yielding a primary hazard mix of damaging winds, tornadoes, large hail. Convective remnants or outflow likely modulated the severe corridor, alongside the synoptic front/warm front/dryline forcing. Forecast uncertainty centered on prior_convection, ofb_placement, instability_recovery."
2014-05-07,ENH_EQ,dryline_supercell_hail_tornado,likely,large hail|damaging winds|tornadoes,discrete to semi-discrete supercells|bowing line segments/QLCS|elevated convection north of the boundary|organized multicell clusters,dryline or sharpening lee trough|cold front or Pacific front|warm front/baroclinic zone|outflow boundary and/or convective cold pool|upslope flow/terrain circulation,prior_convection|ofb_placement|cap_conditional|mode_transition|boundary_interaction|nocturnal_evolution|moisture_quality|storm_coverage_uncertain,"Convective remnants or outflow likely modulated the severe corridor, alongside the synoptic front/warm front/dryline forcing.","2014-05-07 was classified as ENH_EQ with forcing focused by dryline or sharpening lee trough, cold front or Pacific front, warm front/baroclinic zone. The dominant storm character was discrete to semi-discrete supercells, bowing line segments/QLCS, elevated convection north of the boundary, yielding a primary hazard mix of large hail, damaging winds, tornadoes. Convective remnants or outflow likely modulated the severe corridor, alongside the synoptic front/warm front/dryline forcing. Forecast uncertainty centered on prior_convection, ofb_placement, cap_conditional."
2014-05-08,MDT,dryline_supercell_hail_tornado,likely,large hail|damaging winds|tornadoes,discrete to semi-discrete supercells|bowing line segments/QLCS|elevated convection north of the boundary,dryline or sharpening lee trough|cold front or Pacific front|warm front/baroclinic zone|outflow boundary and/or convective cold pool,prior_convection|ofb_placement|instability_recovery|cap_conditional|mode_transition|boundary_interaction|nocturnal_evolution|moisture_quality,"Convective remnants or outflow likely modulated the severe corridor, alongside the synoptic front/warm front/dryline forcing.","2014-05-08 was classified as MDT with forcing focused by dryline or sharpening lee trough, cold front or Pacific front, warm front/baroclinic zone. The dominant storm character was discrete to semi-discrete supercells, bowing line segments/QLCS, elevated convection north of the boundary, yielding a primary hazard mix of large hail, damaging winds, tornadoes. Convective remnants or outflow likely modulated the severe corridor, alongside the synoptic front/warm front/dryline forcing. Forecast uncertainty centered on prior_convection, ofb_placement, instability_recovery."
2014-05-09,ENH_EQ,mcv_mcs_outflow_reintensification,core,large hail|damaging winds|tornadoes,discrete to semi-discrete supercells|bowing line segments/QLCS|MCS or upscale-growing clusters|organized multicell clusters,dryline or sharpening lee trough|cold front or Pacific front|outflow boundary and/or convective cold pool|low-level confluence/prefrontal trough,prior_convection|ofb_placement|instability_recovery|cap_conditional|mode_transition|mcs_timing|boundary_interaction|nocturnal_evolution,"Prior or ongoing convection, cold pools, or outflow boundaries were central to risk placement, storm mode, or downstream destabilization.","2014-05-09 was classified as ENH_EQ with forcing focused by dryline or sharpening lee trough, cold front or Pacific front, outflow boundary and/or convective cold pool. The dominant storm character was discrete to semi-discrete supercells, bowing line segments/QLCS, MCS or upscale-growing clusters, yielding a primary hazard mix of large hail, damaging winds, tornadoes. Prior or ongoing convection, cold pools, or outflow boundaries were central to risk placement, storm mode, or downstream destabilization. Forecast uncertainty centered on prior_convection, ofb_placement, instability_recovery."
2014-05-11,MDT,derecho_or_serial_mcs_wind,core,damaging winds|tornadoes|large hail|flash-flood-producing rainfall,discrete to semi-discrete supercells|bowing line segments/QLCS|MCS or upscale-growing clusters|elevated convection north of the boundary,dryline or sharpening lee trough|cold front or Pacific front|warm front/baroclinic zone|outflow boundary and/or convective cold pool,prior_convection|ofb_placement|instability_recovery|cap_conditional|mode_transition|mcs_timing|boundary_interaction|nocturnal_evolution,"Prior or ongoing convection, cold pools, or outflow boundaries were central to risk placement, storm mode, or downstream destabilization.","2014-05-11 was classified as MDT with forcing focused by dryline or sharpening lee trough, cold front or Pacific front, warm front/baroclinic zone. The dominant storm character was discrete to semi-discrete supercells, bowing line segments/QLCS, MCS or upscale-growing clusters, yielding a primary hazard mix of damaging winds, tornadoes, large hail. Prior or ongoing convection, cold pools, or outflow boundaries were central to risk placement, storm mode, or downstream destabilization. Forecast uncertainty centered on prior_convection, ofb_placement, instability_recovery."
2014-05-12,ENH_EQ,warm_front_baroclinic_tornado,core,damaging winds|large hail|tornadoes,discrete to semi-discrete supercells|bowing line segments/QLCS|MCS or upscale-growing clusters|organized multicell clusters,dryline or sharpening lee trough|cold front or Pacific front|warm front/baroclinic zone|outflow boundary and/or convective cold pool,prior_convection|ofb_placement|instability_recovery|cap_conditional|mode_transition|mcs_timing|boundary_interaction|nocturnal_evolution,"Prior or ongoing convection, cold pools, or outflow boundaries were central to risk placement, storm mode, or downstream destabilization.","2014-05-12 was classified as ENH_EQ with forcing focused by dryline or sharpening lee trough, cold front or Pacific front, warm front/baroclinic zone. The dominant storm character was discrete to semi-discrete supercells, bowing line segments/QLCS, MCS or upscale-growing clusters, yielding a primary hazard mix of damaging winds, large hail, tornadoes. Prior or ongoing convection, cold pools, or outflow boundaries were central to risk placement, storm mode, or downstream destabilization. Forecast uncertainty centered on prior_convection, ofb_placement, instability_recovery."
2014-05-14,ENH_EQ,warm_front_baroclinic_tornado,likely,damaging winds|large hail|tornadoes,discrete to semi-discrete supercells|bowing line segments/QLCS|organized multicell clusters,cold front or Pacific front|warm front/baroclinic zone|outflow boundary and/or convective cold pool|low-level confluence/prefrontal trough,prior_convection|ofb_placement|instability_recovery|cap_conditional|mode_transition|boundary_interaction|nocturnal_evolution|moisture_quality,"Convective remnants or outflow likely modulated the severe corridor, alongside the synoptic front/warm front/dryline forcing.","2014-05-14 was classified as ENH_EQ with forcing focused by cold front or Pacific front, warm front/baroclinic zone, outflow boundary and/or convective cold pool. The dominant storm character was discrete to semi-discrete supercells, bowing line segments/QLCS, organized multicell clusters, yielding a primary hazard mix of damaging winds, large hail, tornadoes. Convective remnants or outflow likely modulated the severe corridor, alongside the synoptic front/warm front/dryline forcing. Forecast uncertainty centered on prior_convection, ofb_placement, instability_recovery."
2014-05-15,ENH_EQ,qlcs_bowing_wind_tornado,likely,damaging winds|tornadoes|large hail,discrete to semi-discrete supercells|bowing line segments/QLCS,cold front or Pacific front,prior_convection|ofb_placement|cap_conditional|mode_transition|nocturnal_evolution|moisture_quality|storm_coverage_uncertain,"Convective remnants or outflow likely modulated the severe corridor, alongside the synoptic front/warm front/dryline forcing.","2014-05-15 was classified as ENH_EQ with forcing focused by cold front or Pacific front. The dominant storm character was discrete to semi-discrete supercells, bowing line segments/QLCS, yielding a primary hazard mix of damaging winds, tornadoes, large hail. Convective remnants or outflow likely modulated the severe corridor, alongside the synoptic front/warm front/dryline forcing. Forecast uncertainty centered on prior_convection, ofb_placement, cap_conditional."
2014-05-18,ENH_EQ,qlcs_bowing_wind_tornado,likely,damaging winds|large hail|tornadoes,discrete to semi-discrete supercells|bowing line segments/QLCS|MCS or upscale-growing clusters|organized multicell clusters,dryline or sharpening lee trough|cold front or Pacific front|outflow boundary and/or convective cold pool,prior_convection|ofb_placement|instability_recovery|cap_conditional|mode_transition|boundary_interaction|nocturnal_evolution|moisture_quality,"Convective remnants or outflow likely modulated the severe corridor, alongside the synoptic front/warm front/dryline forcing.","2014-05-18 was classified as ENH_EQ with forcing focused by dryline or sharpening lee trough, cold front or Pacific front, outflow boundary and/or convective cold pool. The dominant storm character was discrete to semi-discrete supercells, bowing line segments/QLCS, MCS or upscale-growing clusters, yielding a primary hazard mix of damaging winds, large hail, tornadoes. Convective remnants or outflow likely modulated the severe corridor, alongside the synoptic front/warm front/dryline forcing. Forecast uncertainty centered on prior_convection, ofb_placement, instability_recovery."
2014-05-20,ENH_EQ,mcv_mcs_outflow_reintensification,core,damaging winds|large hail|tornadoes,discrete to semi-discrete supercells|bowing line segments/QLCS|MCS or upscale-growing clusters|elevated convection north of the boundary|organized multicell clusters,cold front or Pacific front|warm front/baroclinic zone|outflow boundary and/or convective cold pool|upslope flow/terrain circulation,ofb_placement|instability_recovery|cap_conditional|mode_transition|mcs_timing|boundary_interaction|nocturnal_evolution|moisture_quality,"Prior or ongoing convection, cold pools, or outflow boundaries were central to risk placement, storm mode, or downstream destabilization.","2014-05-20 was classified as ENH_EQ with forcing focused by cold front or Pacific front, warm front/baroclinic zone, outflow boundary and/or convective cold pool. The dominant storm character was discrete to semi-discrete supercells, bowing line segments/QLCS, MCS or upscale-growing clusters, yielding a primary hazard mix of damaging winds, large hail, tornadoes. Prior or ongoing convection, cold pools, or outflow boundaries were central to risk placement, storm mode, or downstream destabilization. Forecast uncertainty centered on ofb_placement, instability_recovery, cap_conditional."
2014-05-21,ENH_EQ,forward_propagating_mcs_wind,core,damaging winds|large hail|tornadoes,discrete to semi-discrete supercells|bowing line segments/QLCS|MCS or upscale-growing clusters|elevated convection north of the boundary|organized multicell clusters,dryline or sharpening lee trough|cold front or Pacific front|warm front/baroclinic zone|outflow boundary and/or convective cold pool|upslope flow/terrain circulation,prior_convection|ofb_placement|instability_recovery|cap_conditional|mode_transition|mcs_timing|boundary_interaction|nocturnal_evolution,"Prior or ongoing convection, cold pools, or outflow boundaries were central to risk placement, storm mode, or downstream destabilization.","2014-05-21 was classified as ENH_EQ with forcing focused by dryline or sharpening lee trough, cold front or Pacific front, warm front/baroclinic zone. The dominant storm character was discrete to semi-discrete supercells, bowing line segments/QLCS, MCS or upscale-growing clusters, yielding a primary hazard mix of damaging winds, large hail, tornadoes. Prior or ongoing convection, cold pools, or outflow boundaries were central to risk placement, storm mode, or downstream destabilization. Forecast uncertainty centered on prior_convection, ofb_placement, instability_recovery."
2014-05-22,ENH_EQ,warm_front_baroclinic_tornado,likely,large hail|damaging winds|tornadoes,discrete to semi-discrete supercells|bowing line segments/QLCS|MCS or upscale-growing clusters|organized multicell clusters,dryline or sharpening lee trough|cold front or Pacific front|warm front/baroclinic zone|outflow boundary and/or convective cold pool|low-level confluence/prefrontal trough|upslope flow/terrain circulation,prior_convection|ofb_placement|instability_recovery|cap_conditional|mode_transition|boundary_interaction|nocturnal_evolution|moisture_quality,"Convective remnants or outflow likely modulated the severe corridor, alongside the synoptic front/warm front/dryline forcing.","2014-05-22 was classified as ENH_EQ with forcing focused by dryline or sharpening lee trough, cold front or Pacific front, warm front/baroclinic zone. The dominant storm character was discrete to semi-discrete supercells, bowing line segments/QLCS, MCS or upscale-growing clusters, yielding a primary hazard mix of large hail, damaging winds, tornadoes. Convective remnants or outflow likely modulated the severe corridor, alongside the synoptic front/warm front/dryline forcing. Forecast uncertainty centered on prior_convection, ofb_placement, instability_recovery."
2014-05-28,ENH_EQ,mcv_mcs_outflow_reintensification,core,damaging winds|large hail|tornadoes,discrete to semi-discrete supercells|bowing line segments/QLCS|MCS or upscale-growing clusters|organized multicell clusters,cold front or Pacific front|warm front/baroclinic zone|outflow boundary and/or convective cold pool|low-level confluence/prefrontal trough,prior_convection|ofb_placement|instability_recovery|cap_conditional|mode_transition|mcs_timing|boundary_interaction|nocturnal_evolution,"Prior or ongoing convection, cold pools, or outflow boundaries were central to risk placement, storm mode, or downstream destabilization.","2014-05-28 was classified as ENH_EQ with forcing focused by cold front or Pacific front, warm front/baroclinic zone, outflow boundary and/or convective cold pool. The dominant storm character was discrete to semi-discrete supercells, bowing line segments/QLCS, MCS or upscale-growing clusters, yielding a primary hazard mix of damaging winds, large hail, tornadoes. Prior or ongoing convection, cold pools, or outflow boundaries were central to risk placement, storm mode, or downstream destabilization. Forecast uncertainty centered on prior_convection, ofb_placement, instability_recovery."
2014-05-31,ENH_EQ,qlcs_bowing_wind_tornado,likely,damaging winds|large hail|tornadoes,discrete to semi-discrete supercells|bowing line segments/QLCS|MCS or upscale-growing clusters|elevated convection north of the boundary|organized multicell clusters,outflow boundary and/or convective cold pool|upslope flow/terrain circulation,prior_convection|ofb_placement|instability_recovery|cap_conditional|mode_transition|nocturnal_evolution|moisture_quality|storm_coverage_uncertain,"Convective remnants or outflow likely modulated the severe corridor, alongside the synoptic front/warm front/dryline forcing.","2014-05-31 was classified as ENH_EQ with forcing focused by outflow boundary and/or convective cold pool, upslope flow/terrain circulation. The dominant storm character was discrete to semi-discrete supercells, bowing line segments/QLCS, MCS or upscale-growing clusters, yielding a primary hazard mix of damaging winds, large hail, tornadoes. Convective remnants or outflow likely modulated the severe corridor, alongside the synoptic front/warm front/dryline forcing. Forecast uncertainty centered on prior_convection, ofb_placement, instability_recovery."
2014-06-01,ENH_EQ,mcv_mcs_outflow_reintensification,core,large hail|damaging winds|tornadoes,discrete to semi-discrete supercells|bowing line segments/QLCS|MCS or upscale-growing clusters|elevated convection north of the boundary,dryline or sharpening lee trough|cold front or Pacific front|outflow boundary and/or convective cold pool|low-level confluence/prefrontal trough|upslope flow/terrain circulation,prior_convection|ofb_placement|instability_recovery|cap_conditional|mode_transition|mcs_timing|boundary_interaction|nocturnal_evolution,"Prior or ongoing convection, cold pools, or outflow boundaries were central to risk placement, storm mode, or downstream destabilization.","2014-06-01 was classified as ENH_EQ with forcing focused by dryline or sharpening lee trough, cold front or Pacific front, outflow boundary and/or convective cold pool. The dominant storm character was discrete to semi-discrete supercells, bowing line segments/QLCS, MCS or upscale-growing clusters, yielding a primary hazard mix of large hail, damaging winds, tornadoes. Prior or ongoing convection, cold pools, or outflow boundaries were central to risk placement, storm mode, or downstream destabilization. Forecast uncertainty centered on prior_convection, ofb_placement, instability_recovery."
2014-06-03,HIGH,derecho_or_serial_mcs_wind,core,damaging winds|large hail|tornadoes,discrete to semi-discrete supercells|bowing line segments/QLCS|MCS or upscale-growing clusters|elevated convection north of the boundary|organized multicell clusters,dryline or sharpening lee trough|cold front or Pacific front|warm front/baroclinic zone|outflow boundary and/or convective cold pool|upslope flow/terrain circulation,prior_convection|ofb_placement|instability_recovery|cap_conditional|mode_transition|mcs_timing|boundary_interaction|nocturnal_evolution,"Prior or ongoing convection, cold pools, or outflow boundaries were central to risk placement, storm mode, or downstream destabilization.","2014-06-03 was classified as HIGH with forcing focused by dryline or sharpening lee trough, cold front or Pacific front, warm front/baroclinic zone. The dominant storm character was discrete to semi-discrete supercells, bowing line segments/QLCS, MCS or upscale-growing clusters, yielding a primary hazard mix of damaging winds, large hail, tornadoes. Prior or ongoing convection, cold pools, or outflow boundaries were central to risk placement, storm mode, or downstream destabilization. Forecast uncertainty centered on prior_convection, ofb_placement, instability_recovery."
2014-06-04,ENH_EQ,forward_propagating_mcs_wind,core,damaging winds|large hail|tornadoes,discrete to semi-discrete supercells|bowing line segments/QLCS|MCS or upscale-growing clusters|elevated convection north of the boundary|organized multicell clusters,cold front or Pacific front|warm front/baroclinic zone|outflow boundary and/or convective cold pool|low-level confluence/prefrontal trough|upslope flow/terrain circulation,prior_convection|ofb_placement|instability_recovery|cap_conditional|mode_transition|mcs_timing|boundary_interaction|nocturnal_evolution,"Prior or ongoing convection, cold pools, or outflow boundaries were central to risk placement, storm mode, or downstream destabilization.","2014-06-04 was classified as ENH_EQ with forcing focused by cold front or Pacific front, warm front/baroclinic zone, outflow boundary and/or convective cold pool. The dominant storm character was discrete to semi-discrete supercells, bowing line segments/QLCS, MCS or upscale-growing clusters, yielding a primary hazard mix of damaging winds, large hail, tornadoes. Prior or ongoing convection, cold pools, or outflow boundaries were central to risk placement, storm mode, or downstream destabilization. Forecast uncertainty centered on prior_convection, ofb_placement, instability_recovery."
2014-06-05,MDT,derecho_or_serial_mcs_wind,core,damaging winds|large hail|tornadoes,discrete to semi-discrete supercells|bowing line segments/QLCS|MCS or upscale-growing clusters|elevated convection north of the boundary|organized multicell clusters,cold front or Pacific front|warm front/baroclinic zone|outflow boundary and/or convective cold pool|low-level confluence/prefrontal trough|upslope flow/terrain circulation,prior_convection|ofb_placement|instability_recovery|cap_conditional|mode_transition|mcs_timing|boundary_interaction|nocturnal_evolution,"Prior or ongoing convection, cold pools, or outflow boundaries were central to risk placement, storm mode, or downstream destabilization.","2014-06-05 was classified as MDT with forcing focused by cold front or Pacific front, warm front/baroclinic zone, outflow boundary and/or convective cold pool. The dominant storm character was discrete to semi-discrete supercells, bowing line segments/QLCS, MCS or upscale-growing clusters, yielding a primary hazard mix of damaging winds, large hail, tornadoes. Prior or ongoing convection, cold pools, or outflow boundaries were central to risk placement, storm mode, or downstream destabilization. Forecast uncertainty centered on prior_convection, ofb_placement, instability_recovery."
2014-06-06,MDT,mcv_mcs_outflow_reintensification,core,damaging winds|large hail|tornadoes,discrete to semi-discrete supercells|bowing line segments/QLCS|MCS or upscale-growing clusters|organized multicell clusters,cold front or Pacific front|outflow boundary and/or convective cold pool|low-level confluence/prefrontal trough|upslope flow/terrain circulation,prior_convection|ofb_placement|instability_recovery|cap_conditional|mode_transition|mcs_timing|boundary_interaction|nocturnal_evolution,"Prior or ongoing convection, cold pools, or outflow boundaries were central to risk placement, storm mode, or downstream destabilization.","2014-06-06 was classified as MDT with forcing focused by cold front or Pacific front, outflow boundary and/or convective cold pool, low-level confluence/prefrontal trough. The dominant storm character was discrete to semi-discrete supercells, bowing line segments/QLCS, MCS or upscale-growing clusters, yielding a primary hazard mix of damaging winds, large hail, tornadoes. Prior or ongoing convection, cold pools, or outflow boundaries were central to risk placement, storm mode, or downstream destabilization. Forecast uncertainty centered on prior_convection, ofb_placement, instability_recovery."
2014-06-07,ENH_EQ,warm_front_baroclinic_tornado,core,large hail|damaging winds|tornadoes,discrete to semi-discrete supercells|bowing line segments/QLCS|MCS or upscale-growing clusters|elevated convection north of the boundary|organized multicell clusters,cold front or Pacific front|warm front/baroclinic zone|outflow boundary and/or convective cold pool|low-level confluence/prefrontal trough|upslope flow/terrain circulation,prior_convection|ofb_placement|instability_recovery|cap_conditional|mode_transition|mcs_timing|boundary_interaction|nocturnal_evolution,"Prior or ongoing convection, cold pools, or outflow boundaries were central to risk placement, storm mode, or downstream destabilization.","2014-06-07 was classified as ENH_EQ with forcing focused by cold front or Pacific front, warm front/baroclinic zone, outflow boundary and/or convective cold pool. The dominant storm character was discrete to semi-discrete supercells, bowing line segments/QLCS, MCS or upscale-growing clusters, yielding a primary hazard mix of large hail, damaging winds, tornadoes. Prior or ongoing convection, cold pools, or outflow boundaries were central to risk placement, storm mode, or downstream destabilization. Forecast uncertainty centered on prior_convection, ofb_placement, instability_recovery."
2014-06-08,ENH_EQ,mcv_mcs_outflow_reintensification,core,damaging winds|large hail|tornadoes,discrete to semi-discrete supercells|bowing line segments/QLCS|MCS or upscale-growing clusters|elevated convection north of the boundary|organized multicell clusters,cold front or Pacific front|outflow boundary and/or convective cold pool|low-level confluence/prefrontal trough|upslope flow/terrain circulation,prior_convection|ofb_placement|instability_recovery|cap_conditional|mode_transition|mcs_timing|boundary_interaction|nocturnal_evolution,"Prior or ongoing convection, cold pools, or outflow boundaries were central to risk placement, storm mode, or downstream destabilization.","2014-06-08 was classified as ENH_EQ with forcing focused by cold front or Pacific front, outflow boundary and/or convective cold pool, low-level confluence/prefrontal trough. The dominant storm character was discrete to semi-discrete supercells, bowing line segments/QLCS, MCS or upscale-growing clusters, yielding a primary hazard mix of damaging winds, large hail, tornadoes. Prior or ongoing convection, cold pools, or outflow boundaries were central to risk placement, storm mode, or downstream destabilization. Forecast uncertainty centered on prior_convection, ofb_placement, instability_recovery."
2014-06-10,ENH_EQ,warm_front_baroclinic_tornado,core,damaging winds|large hail|tornadoes,discrete to semi-discrete supercells|bowing line segments/QLCS|MCS or upscale-growing clusters|elevated convection north of the boundary,cold front or Pacific front|warm front/baroclinic zone|outflow boundary and/or convective cold pool|upslope flow/terrain circulation,prior_convection|ofb_placement|instability_recovery|cap_conditional|mode_transition|mcs_timing|boundary_interaction|nocturnal_evolution,"Prior or ongoing convection, cold pools, or outflow boundaries were central to risk placement, storm mode, or downstream destabilization.","2014-06-10 was classified as ENH_EQ with forcing focused by cold front or Pacific front, warm front/baroclinic zone, outflow boundary and/or convective cold pool. The dominant storm character was discrete to semi-discrete supercells, bowing line segments/QLCS, MCS or upscale-growing clusters, yielding a primary hazard mix of damaging winds, large hail, tornadoes. Prior or ongoing convection, cold pools, or outflow boundaries were central to risk placement, storm mode, or downstream destabilization. Forecast uncertainty centered on prior_convection, ofb_placement, instability_recovery."
2014-06-11,ENH_EQ,dryline_supercell_hail_tornado,core,damaging winds|large hail|tornadoes,discrete to semi-discrete supercells|bowing line segments/QLCS|MCS or upscale-growing clusters|organized multicell clusters,dryline or sharpening lee trough|cold front or Pacific front|warm front/baroclinic zone|outflow boundary and/or convective cold pool|upslope flow/terrain circulation,prior_convection|ofb_placement|instability_recovery|cap_conditional|mode_transition|mcs_timing|boundary_interaction|nocturnal_evolution,"Prior or ongoing convection, cold pools, or outflow boundaries were central to risk placement, storm mode, or downstream destabilization.","2014-06-11 was classified as ENH_EQ with forcing focused by dryline or sharpening lee trough, cold front or Pacific front, warm front/baroclinic zone. The dominant storm character was discrete to semi-discrete supercells, bowing line segments/QLCS, MCS or upscale-growing clusters, yielding a primary hazard mix of damaging winds, large hail, tornadoes. Prior or ongoing convection, cold pools, or outflow boundaries were central to risk placement, storm mode, or downstream destabilization. Forecast uncertainty centered on prior_convection, ofb_placement, instability_recovery."
2014-06-12,ENH_EQ,mcv_mcs_outflow_reintensification,core,large hail|damaging winds|tornadoes,discrete to semi-discrete supercells|bowing line segments/QLCS|MCS or upscale-growing clusters|elevated convection north of the boundary,dryline or sharpening lee trough|cold front or Pacific front|warm front/baroclinic zone|outflow boundary and/or convective cold pool|upslope flow/terrain circulation,prior_convection|ofb_placement|instability_recovery|cap_conditional|mode_transition|mcs_timing|boundary_interaction|nocturnal_evolution,"Prior or ongoing convection, cold pools, or outflow boundaries were central to risk placement, storm mode, or downstream destabilization.","2014-06-12 was classified as ENH_EQ with forcing focused by dryline or sharpening lee trough, cold front or Pacific front, warm front/baroclinic zone. The dominant storm character was discrete to semi-discrete supercells, bowing line segments/QLCS, MCS or upscale-growing clusters, yielding a primary hazard mix of large hail, damaging winds, tornadoes. Prior or ongoing convection, cold pools, or outflow boundaries were central to risk placement, storm mode, or downstream destabilization. Forecast uncertainty centered on prior_convection, ofb_placement, instability_recovery."
2014-06-13,ENH_EQ,dryline_supercell_hail_tornado,likely,large hail|damaging winds|tornadoes,discrete to semi-discrete supercells|bowing line segments/QLCS|MCS or upscale-growing clusters|elevated convection north of the boundary|organized multicell clusters,dryline or sharpening lee trough|cold front or Pacific front|outflow boundary and/or convective cold pool|upslope flow/terrain circulation,prior_convection|ofb_placement|instability_recovery|cap_conditional|mode_transition|boundary_interaction|nocturnal_evolution|moisture_quality,"Convective remnants or outflow likely modulated the severe corridor, alongside the synoptic front/warm front/dryline forcing.","2014-06-13 was classified as ENH_EQ with forcing focused by dryline or sharpening lee trough, cold front or Pacific front, outflow boundary and/or convective cold pool. The dominant storm character was discrete to semi-discrete supercells, bowing line segments/QLCS, MCS or upscale-growing clusters, yielding a primary hazard mix of large hail, damaging winds, tornadoes. Convective remnants or outflow likely modulated the severe corridor, alongside the synoptic front/warm front/dryline forcing. Forecast uncertainty centered on prior_convection, ofb_placement, instability_recovery."
2014-06-14,MDT,derecho_or_serial_mcs_wind,core,damaging winds|large hail|tornadoes,discrete to semi-discrete supercells|bowing line segments/QLCS|MCS or upscale-growing clusters|elevated convection north of the boundary|organized multicell clusters,dryline or sharpening lee trough|cold front or Pacific front|warm front/baroclinic zone|outflow boundary and/or convective cold pool|low-level confluence/prefrontal trough|upslope flow/terrain circulation,prior_convection|ofb_placement|instability_recovery|cap_conditional|mode_transition|mcs_timing|boundary_interaction|nocturnal_evolution,"Prior or ongoing convection, cold pools, or outflow boundaries were central to risk placement, storm mode, or downstream destabilization.","2014-06-14 was classified as MDT with forcing focused by dryline or sharpening lee trough, cold front or Pacific front, warm front/baroclinic zone. The dominant storm character was discrete to semi-discrete supercells, bowing line segments/QLCS, MCS or upscale-growing clusters, yielding a primary hazard mix of damaging winds, large hail, tornadoes. Prior or ongoing convection, cold pools, or outflow boundaries were central to risk placement, storm mode, or downstream destabilization. Forecast uncertainty centered on prior_convection, ofb_placement, instability_recovery."
2014-06-16,MDT,derecho_or_serial_mcs_wind,core,damaging winds|large hail|tornadoes|flash-flood-producing rainfall,discrete to semi-discrete supercells|bowing line segments/QLCS|MCS or upscale-growing clusters|elevated convection north of the boundary|organized multicell clusters,dryline or sharpening lee trough|warm front/baroclinic zone|outflow boundary and/or convective cold pool|upslope flow/terrain circulation,prior_convection|ofb_placement|instability_recovery|cap_conditional|mode_transition|mcs_timing|boundary_interaction|nocturnal_evolution,"Prior or ongoing convection, cold pools, or outflow boundaries were central to risk placement, storm mode, or downstream destabilization.","2014-06-16 was classified as MDT with forcing focused by dryline or sharpening lee trough, warm front/baroclinic zone, outflow boundary and/or convective cold pool. The dominant storm character was discrete to semi-discrete supercells, bowing line segments/QLCS, MCS or upscale-growing clusters, yielding a primary hazard mix of damaging winds, large hail, tornadoes. Prior or ongoing convection, cold pools, or outflow boundaries were central to risk placement, storm mode, or downstream destabilization. Forecast uncertainty centered on prior_convection, ofb_placement, instability_recovery."
2014-06-17,ENH_EQ,forward_propagating_mcs_wind,core,damaging winds|large hail|tornadoes,discrete to semi-discrete supercells|bowing line segments/QLCS|MCS or upscale-growing clusters|elevated convection north of the boundary|organized multicell clusters,dryline or sharpening lee trough|cold front or Pacific front|warm front/baroclinic zone|outflow boundary and/or convective cold pool|effective boundary from prior convection|upslope flow/terrain circulation,prior_convection|ofb_placement|instability_recovery|cap_conditional|mode_transition|mcs_timing|boundary_interaction|nocturnal_evolution,"Prior or ongoing convection, cold pools, or outflow boundaries were central to risk placement, storm mode, or downstream destabilization.","2014-06-17 was classified as ENH_EQ with forcing focused by dryline or sharpening lee trough, cold front or Pacific front, warm front/baroclinic zone. The dominant storm character was discrete to semi-discrete supercells, bowing line segments/QLCS, MCS or upscale-growing clusters, yielding a primary hazard mix of damaging winds, large hail, tornadoes. Prior or ongoing convection, cold pools, or outflow boundaries were central to risk placement, storm mode, or downstream destabilization. Forecast uncertainty centered on prior_convection, ofb_placement, instability_recovery."
2014-06-18,ENH_EQ,dryline_supercell_hail_tornado,core,damaging winds|large hail|tornadoes,discrete to semi-discrete supercells|bowing line segments/QLCS|MCS or upscale-growing clusters|elevated convection north of the boundary|organized multicell clusters,dryline or sharpening lee trough|cold front or Pacific front|warm front/baroclinic zone|outflow boundary and/or convective cold pool|effective boundary from prior convection|upslope flow/terrain circulation,prior_convection|ofb_placement|instability_recovery|cap_conditional|mode_transition|mcs_timing|boundary_interaction|nocturnal_evolution,"Prior or ongoing convection, cold pools, or outflow boundaries were central to risk placement, storm mode, or downstream destabilization.","2014-06-18 was classified as ENH_EQ with forcing focused by dryline or sharpening lee trough, cold front or Pacific front, warm front/baroclinic zone. The dominant storm character was discrete to semi-discrete supercells, bowing line segments/QLCS, MCS or upscale-growing clusters, yielding a primary hazard mix of damaging winds, large hail, tornadoes. Prior or ongoing convection, cold pools, or outflow boundaries were central to risk placement, storm mode, or downstream destabilization. Forecast uncertainty centered on prior_convection, ofb_placement, instability_recovery."
2014-06-21,ENH_EQ,mcv_mcs_outflow_reintensification,core,large hail|damaging winds|tornadoes,discrete to semi-discrete supercells|bowing line segments/QLCS|MCS or upscale-growing clusters|elevated convection north of the boundary|organized multicell clusters,cold front or Pacific front|outflow boundary and/or convective cold pool|low-level confluence/prefrontal trough,prior_convection|ofb_placement|instability_recovery|cap_conditional|mode_transition|mcs_timing|boundary_interaction|nocturnal_evolution,"Prior or ongoing convection, cold pools, or outflow boundaries were central to risk placement, storm mode, or downstream destabilization.","2014-06-21 was classified as ENH_EQ with forcing focused by cold front or Pacific front, outflow boundary and/or convective cold pool, low-level confluence/prefrontal trough. The dominant storm character was discrete to semi-discrete supercells, bowing line segments/QLCS, MCS or upscale-growing clusters, yielding a primary hazard mix of large hail, damaging winds, tornadoes. Prior or ongoing convection, cold pools, or outflow boundaries were central to risk placement, storm mode, or downstream destabilization. Forecast uncertainty centered on prior_convection, ofb_placement, instability_recovery."
2014-06-22,ENH_EQ,mcv_mcs_outflow_reintensification,core,damaging winds|large hail,discrete to semi-discrete supercells|bowing line segments/QLCS|MCS or upscale-growing clusters|elevated convection north of the boundary|organized multicell clusters,cold front or Pacific front|outflow boundary and/or convective cold pool|low-level confluence/prefrontal trough|upslope flow/terrain circulation,prior_convection|ofb_placement|instability_recovery|cap_conditional|mode_transition|mcs_timing|boundary_interaction|nocturnal_evolution,"Prior or ongoing convection, cold pools, or outflow boundaries were central to risk placement, storm mode, or downstream destabilization.","2014-06-22 was classified as ENH_EQ with forcing focused by cold front or Pacific front, outflow boundary and/or convective cold pool, low-level confluence/prefrontal trough. The dominant storm character was discrete to semi-discrete supercells, bowing line segments/QLCS, MCS or upscale-growing clusters, yielding a primary hazard mix of damaging winds, large hail. Prior or ongoing convection, cold pools, or outflow boundaries were central to risk placement, storm mode, or downstream destabilization. Forecast uncertainty centered on prior_convection, ofb_placement, instability_recovery."
2014-06-25,ENH_EQ,warm_front_baroclinic_tornado,core,damaging winds|large hail|tornadoes,discrete to semi-discrete supercells|bowing line segments/QLCS|MCS or upscale-growing clusters|elevated convection north of the boundary|organized multicell clusters,cold front or Pacific front|warm front/baroclinic zone|outflow boundary and/or convective cold pool,prior_convection|ofb_placement|instability_recovery|cap_conditional|mode_transition|mcs_timing|boundary_interaction|nocturnal_evolution,"Prior or ongoing convection, cold pools, or outflow boundaries were central to risk placement, storm mode, or downstream destabilization.","2014-06-25 was classified as ENH_EQ with forcing focused by cold front or Pacific front, warm front/baroclinic zone, outflow boundary and/or convective cold pool. The dominant storm character was discrete to semi-discrete supercells, bowing line segments/QLCS, MCS or upscale-growing clusters, yielding a primary hazard mix of damaging winds, large hail, tornadoes. Prior or ongoing convection, cold pools, or outflow boundaries were central to risk placement, storm mode, or downstream destabilization. Forecast uncertainty centered on prior_convection, ofb_placement, instability_recovery."
2014-06-26,ENH_EQ,dryline_supercell_hail_tornado,core,large hail|damaging winds|tornadoes,discrete to semi-discrete supercells|bowing line segments/QLCS|MCS or upscale-growing clusters|elevated convection north of the boundary|organized multicell clusters,dryline or sharpening lee trough|cold front or Pacific front|warm front/baroclinic zone|outflow boundary and/or convective cold pool|upslope flow/terrain circulation,prior_convection|ofb_placement|cap_conditional|mode_transition|mcs_timing|boundary_interaction|nocturnal_evolution|moisture_quality,"Prior or ongoing convection, cold pools, or outflow boundaries were central to risk placement, storm mode, or downstream destabilization.","2014-06-26 was classified as ENH_EQ with forcing focused by dryline or sharpening lee trough, cold front or Pacific front, warm front/baroclinic zone. The dominant storm character was discrete to semi-discrete supercells, bowing line segments/QLCS, MCS or upscale-growing clusters, yielding a primary hazard mix of large hail, damaging winds, tornadoes. Prior or ongoing convection, cold pools, or outflow boundaries were central to risk placement, storm mode, or downstream destabilization. Forecast uncertainty centered on prior_convection, ofb_placement, cap_conditional."
2014-06-27,ENH_EQ,dryline_supercell_hail_tornado,likely,damaging winds|large hail|tornadoes,discrete to semi-discrete supercells|bowing line segments/QLCS|MCS or upscale-growing clusters|elevated convection north of the boundary|organized multicell clusters,dryline or sharpening lee trough|cold front or Pacific front|warm front/baroclinic zone|outflow boundary and/or convective cold pool|upslope flow/terrain circulation,prior_convection|ofb_placement|instability_recovery|cap_conditional|mode_transition|boundary_interaction|nocturnal_evolution|moisture_quality,"Convective remnants or outflow likely modulated the severe corridor, alongside the synoptic front/warm front/dryline forcing.","2014-06-27 was classified as ENH_EQ with forcing focused by dryline or sharpening lee trough, cold front or Pacific front, warm front/baroclinic zone. The dominant storm character was discrete to semi-discrete supercells, bowing line segments/QLCS, MCS or upscale-growing clusters, yielding a primary hazard mix of damaging winds, large hail, tornadoes. Convective remnants or outflow likely modulated the severe corridor, alongside the synoptic front/warm front/dryline forcing. Forecast uncertainty centered on prior_convection, ofb_placement, instability_recovery."
2014-06-29,MDT,mcv_mcs_outflow_reintensification,core,damaging winds|large hail|tornadoes,discrete to semi-discrete supercells|bowing line segments/QLCS|MCS or upscale-growing clusters|elevated convection north of the boundary|organized multicell clusters,dryline or sharpening lee trough|cold front or Pacific front|outflow boundary and/or convective cold pool|effective boundary from prior convection|low-level confluence/prefrontal trough,prior_convection|ofb_placement|instability_recovery|cap_conditional|mode_transition|mcs_timing|boundary_interaction|nocturnal_evolution,"Prior or ongoing convection, cold pools, or outflow boundaries were central to risk placement, storm mode, or downstream destabilization.","2014-06-29 was classified as MDT with forcing focused by dryline or sharpening lee trough, cold front or Pacific front, outflow boundary and/or convective cold pool. The dominant storm character was discrete to semi-discrete supercells, bowing line segments/QLCS, MCS or upscale-growing clusters, yielding a primary hazard mix of damaging winds, large hail, tornadoes. Prior or ongoing convection, cold pools, or outflow boundaries were central to risk placement, storm mode, or downstream destabilization. Forecast uncertainty centered on prior_convection, ofb_placement, instability_recovery."
2014-06-30,MDT,derecho_or_serial_mcs_wind,core,damaging winds|large hail|tornadoes,discrete to semi-discrete supercells|bowing line segments/QLCS|MCS or upscale-growing clusters|elevated convection north of the boundary|organized multicell clusters,dryline or sharpening lee trough|cold front or Pacific front|warm front/baroclinic zone|outflow boundary and/or convective cold pool,prior_convection|ofb_placement|instability_recovery|cap_conditional|mode_transition|mcs_timing|boundary_interaction|nocturnal_evolution,"Prior or ongoing convection, cold pools, or outflow boundaries were central to risk placement, storm mode, or downstream destabilization.","2014-06-30 was classified as MDT with forcing focused by dryline or sharpening lee trough, cold front or Pacific front, warm front/baroclinic zone. The dominant storm character was discrete to semi-discrete supercells, bowing line segments/QLCS, MCS or upscale-growing clusters, yielding a primary hazard mix of damaging winds, large hail, tornadoes. Prior or ongoing convection, cold pools, or outflow boundaries were central to risk placement, storm mode, or downstream destabilization. Forecast uncertainty centered on prior_convection, ofb_placement, instability_recovery."
2014-07-01,ENH_EQ,forward_propagating_mcs_wind,core,damaging winds|large hail,bowing line segments/QLCS|MCS or upscale-growing clusters|elevated convection north of the boundary|organized multicell clusters,cold front or Pacific front|outflow boundary and/or convective cold pool|upslope flow/terrain circulation,prior_convection|ofb_placement|instability_recovery|cap_conditional|mode_transition|mcs_timing|boundary_interaction|nocturnal_evolution,"Prior or ongoing convection, cold pools, or outflow boundaries were central to risk placement, storm mode, or downstream destabilization.","2014-07-01 was classified as ENH_EQ with forcing focused by cold front or Pacific front, outflow boundary and/or convective cold pool, upslope flow/terrain circulation. The dominant storm character was bowing line segments/QLCS, MCS or upscale-growing clusters, elevated convection north of the boundary, yielding a primary hazard mix of damaging winds, large hail. Prior or ongoing convection, cold pools, or outflow boundaries were central to risk placement, storm mode, or downstream destabilization. Forecast uncertainty centered on prior_convection, ofb_placement, instability_recovery."
2014-07-02,ENH_EQ,forward_propagating_mcs_wind,likely,damaging winds|large hail|tornadoes,discrete to semi-discrete supercells|bowing line segments/QLCS|organized multicell clusters,cold front or Pacific front|outflow boundary and/or convective cold pool,prior_convection|ofb_placement|instability_recovery|cap_conditional|mode_transition|moisture_quality|storm_coverage_uncertain,"Convective remnants or outflow likely modulated the severe corridor, alongside the synoptic front/warm front/dryline forcing.","2014-07-02 was classified as ENH_EQ with forcing focused by cold front or Pacific front, outflow boundary and/or convective cold pool. The dominant storm character was discrete to semi-discrete supercells, bowing line segments/QLCS, organized multicell clusters, yielding a primary hazard mix of damaging winds, large hail, tornadoes. Convective remnants or outflow likely modulated the severe corridor, alongside the synoptic front/warm front/dryline forcing. Forecast uncertainty centered on prior_convection, ofb_placement, instability_recovery."
2014-07-03,ENH_EQ,tropical_cyclone_tornado_rainbands,likely,damaging winds|large hail|tornadoes,discrete to semi-discrete supercells|bowing line segments/QLCS|elevated convection north of the boundary|organized multicell clusters,cold front or Pacific front|outflow boundary and/or convective cold pool|low-level confluence/prefrontal trough,prior_convection|ofb_placement|instability_recovery|cap_conditional|mode_transition|boundary_interaction|nocturnal_evolution|moisture_quality,"Convective remnants or outflow likely modulated the severe corridor, alongside the synoptic front/warm front/dryline forcing.","2014-07-03 was classified as ENH_EQ with forcing focused by cold front or Pacific front, outflow boundary and/or convective cold pool, low-level confluence/prefrontal trough. The dominant storm character was discrete to semi-discrete supercells, bowing line segments/QLCS, elevated convection north of the boundary, yielding a primary hazard mix of damaging winds, large hail, tornadoes. Convective remnants or outflow likely modulated the severe corridor, alongside the synoptic front/warm front/dryline forcing. Forecast uncertainty centered on prior_convection, ofb_placement, instability_recovery."
2014-07-06,ENH_EQ,mcv_mcs_outflow_reintensification,likely,damaging winds|large hail|tornadoes,discrete to semi-discrete supercells|bowing line segments/QLCS|MCS or upscale-growing clusters|elevated convection north of the boundary|organized multicell clusters,cold front or Pacific front,prior_convection|ofb_placement|instability_recovery|cap_conditional|mode_transition|mcs_timing|nocturnal_evolution|moisture_quality,"Convective remnants or outflow likely modulated the severe corridor, alongside the synoptic front/warm front/dryline forcing.","2014-07-06 was classified as ENH_EQ with forcing focused by cold front or Pacific front. The dominant storm character was discrete to semi-discrete supercells, bowing line segments/QLCS, MCS or upscale-growing clusters, yielding a primary hazard mix of damaging winds, large hail, tornadoes. Convective remnants or outflow likely modulated the severe corridor, alongside the synoptic front/warm front/dryline forcing. Forecast uncertainty centered on prior_convection, ofb_placement, instability_recovery."
2014-07-07,ENH_EQ,forward_propagating_mcs_wind,core,damaging winds|large hail|tornadoes,discrete to semi-discrete supercells|bowing line segments/QLCS|MCS or upscale-growing clusters|elevated convection north of the boundary|organized multicell clusters,cold front or Pacific front|outflow boundary and/or convective cold pool|low-level confluence/prefrontal trough,prior_convection|ofb_placement|instability_recovery|cap_conditional|mode_transition|mcs_timing|boundary_interaction|nocturnal_evolution,"Prior or ongoing convection, cold pools, or outflow boundaries were central to risk placement, storm mode, or downstream destabilization.","2014-07-07 was classified as ENH_EQ with forcing focused by cold front or Pacific front, outflow boundary and/or convective cold pool, low-level confluence/prefrontal trough. The dominant storm character was discrete to semi-discrete supercells, bowing line segments/QLCS, MCS or upscale-growing clusters, yielding a primary hazard mix of damaging winds, large hail, tornadoes. Prior or ongoing convection, cold pools, or outflow boundaries were central to risk placement, storm mode, or downstream destabilization. Forecast uncertainty centered on prior_convection, ofb_placement, instability_recovery."
2014-07-08,MDT,derecho_or_serial_mcs_wind,core,damaging winds|large hail|tornadoes,discrete to semi-discrete supercells|bowing line segments/QLCS|MCS or upscale-growing clusters|elevated convection north of the boundary|organized multicell clusters,cold front or Pacific front|outflow boundary and/or convective cold pool,prior_convection|ofb_placement|cap_conditional|mode_transition|mcs_timing|nocturnal_evolution|moisture_quality|storm_coverage_uncertain,"Prior or ongoing convection, cold pools, or outflow boundaries were central to risk placement, storm mode, or downstream destabilization.","2014-07-08 was classified as MDT with forcing focused by cold front or Pacific front, outflow boundary and/or convective cold pool. The dominant storm character was discrete to semi-discrete supercells, bowing line segments/QLCS, MCS or upscale-growing clusters, yielding a primary hazard mix of damaging winds, large hail, tornadoes. Prior or ongoing convection, cold pools, or outflow boundaries were central to risk placement, storm mode, or downstream destabilization. Forecast uncertainty centered on prior_convection, ofb_placement, cap_conditional."
2014-07-12,ENH_EQ,mcv_mcs_outflow_reintensification,core,damaging winds|large hail|tornadoes,discrete to semi-discrete supercells|bowing line segments/QLCS|MCS or upscale-growing clusters|elevated convection north of the boundary|organized multicell clusters,cold front or Pacific front|outflow boundary and/or convective cold pool|effective boundary from prior convection,prior_convection|ofb_placement|instability_recovery|cap_conditional|mode_transition|mcs_timing|boundary_interaction|nocturnal_evolution,"Prior or ongoing convection, cold pools, or outflow boundaries were central to risk placement, storm mode, or downstream destabilization.","2014-07-12 was classified as ENH_EQ with forcing focused by cold front or Pacific front, outflow boundary and/or convective cold pool, effective boundary from prior convection. The dominant storm character was discrete to semi-discrete supercells, bowing line segments/QLCS, MCS or upscale-growing clusters, yielding a primary hazard mix of damaging winds, large hail, tornadoes. Prior or ongoing convection, cold pools, or outflow boundaries were central to risk placement, storm mode, or downstream destabilization. Forecast uncertainty centered on prior_convection, ofb_placement, instability_recovery."
2014-07-15,ENH_EQ,qlcs_bowing_wind_tornado,likely,damaging winds|large hail|tornadoes,discrete to semi-discrete supercells|bowing line segments/QLCS|organized multicell clusters,cold front or Pacific front|outflow boundary and/or convective cold pool,prior_convection|ofb_placement|instability_recovery|cap_conditional|mode_transition|moisture_quality|storm_coverage_uncertain,"Convective remnants or outflow likely modulated the severe corridor, alongside the synoptic front/warm front/dryline forcing.","2014-07-15 was classified as ENH_EQ with forcing focused by cold front or Pacific front, outflow boundary and/or convective cold pool. The dominant storm character was discrete to semi-discrete supercells, bowing line segments/QLCS, organized multicell clusters, yielding a primary hazard mix of damaging winds, large hail, tornadoes. Convective remnants or outflow likely modulated the severe corridor, alongside the synoptic front/warm front/dryline forcing. Forecast uncertainty centered on prior_convection, ofb_placement, instability_recovery."
2014-07-21,MDT,derecho_or_serial_mcs_wind,core,damaging winds|large hail|tornadoes,discrete to semi-discrete supercells|bowing line segments/QLCS|MCS or upscale-growing clusters|organized multicell clusters,cold front or Pacific front|warm front/baroclinic zone|outflow boundary and/or convective cold pool,prior_convection|ofb_placement|instability_recovery|cap_conditional|mode_transition|mcs_timing|boundary_interaction|nocturnal_evolution,"Prior or ongoing convection, cold pools, or outflow boundaries were central to risk placement, storm mode, or downstream destabilization.","2014-07-21 was classified as MDT with forcing focused by cold front or Pacific front, warm front/baroclinic zone, outflow boundary and/or convective cold pool. The dominant storm character was discrete to semi-discrete supercells, bowing line segments/QLCS, MCS or upscale-growing clusters, yielding a primary hazard mix of damaging winds, large hail, tornadoes. Prior or ongoing convection, cold pools, or outflow boundaries were central to risk placement, storm mode, or downstream destabilization. Forecast uncertainty centered on prior_convection, ofb_placement, instability_recovery."
2014-07-23,ENH_EQ,mcv_mcs_outflow_reintensification,core,damaging winds|large hail|tornadoes,discrete to semi-discrete supercells|bowing line segments/QLCS|MCS or upscale-growing clusters|elevated convection north of the boundary,cold front or Pacific front|outflow boundary and/or convective cold pool,ofb_placement|instability_recovery|cap_conditional|mode_transition|mcs_timing|nocturnal_evolution|moisture_quality|storm_coverage_uncertain,"Prior or ongoing convection, cold pools, or outflow boundaries were central to risk placement, storm mode, or downstream destabilization.","2014-07-23 was classified as ENH_EQ with forcing focused by cold front or Pacific front, outflow boundary and/or convective cold pool. The dominant storm character was discrete to semi-discrete supercells, bowing line segments/QLCS, MCS or upscale-growing clusters, yielding a primary hazard mix of damaging winds, large hail, tornadoes. Prior or ongoing convection, cold pools, or outflow boundaries were central to risk placement, storm mode, or downstream destabilization. Forecast uncertainty centered on ofb_placement, instability_recovery, cap_conditional."
2014-07-24,ENH_EQ,mcv_mcs_outflow_reintensification,core,damaging winds|large hail,discrete to semi-discrete supercells|bowing line segments/QLCS|MCS or upscale-growing clusters|elevated convection north of the boundary|organized multicell clusters,cold front or Pacific front|outflow boundary and/or convective cold pool,prior_convection|ofb_placement|instability_recovery|cap_conditional|mode_transition|mcs_timing|nocturnal_evolution|moisture_quality,"Prior or ongoing convection, cold pools, or outflow boundaries were central to risk placement, storm mode, or downstream destabilization.","2014-07-24 was classified as ENH_EQ with forcing focused by cold front or Pacific front, outflow boundary and/or convective cold pool. The dominant storm character was discrete to semi-discrete supercells, bowing line segments/QLCS, MCS or upscale-growing clusters, yielding a primary hazard mix of damaging winds, large hail. Prior or ongoing convection, cold pools, or outflow boundaries were central to risk placement, storm mode, or downstream destabilization. Forecast uncertainty centered on prior_convection, ofb_placement, instability_recovery."
2014-07-26,MDT,derecho_or_serial_mcs_wind,core,damaging winds|large hail|tornadoes,discrete to semi-discrete supercells|bowing line segments/QLCS|MCS or upscale-growing clusters|elevated convection north of the boundary,cold front or Pacific front|warm front/baroclinic zone|outflow boundary and/or convective cold pool|effective boundary from prior convection,ofb_placement|instability_recovery|cap_conditional|mode_transition|mcs_timing|boundary_interaction|nocturnal_evolution|moisture_quality,"Prior or ongoing convection, cold pools, or outflow boundaries were central to risk placement, storm mode, or downstream destabilization.","2014-07-26 was classified as MDT with forcing focused by cold front or Pacific front, warm front/baroclinic zone, outflow boundary and/or convective cold pool. The dominant storm character was discrete to semi-discrete supercells, bowing line segments/QLCS, MCS or upscale-growing clusters, yielding a primary hazard mix of damaging winds, large hail, tornadoes. Prior or ongoing convection, cold pools, or outflow boundaries were central to risk placement, storm mode, or downstream destabilization. Forecast uncertainty centered on ofb_placement, instability_recovery, cap_conditional."
2014-07-27,MDT,derecho_or_serial_mcs_wind,core,damaging winds|large hail|tornadoes,discrete to semi-discrete supercells|bowing line segments/QLCS|MCS or upscale-growing clusters|elevated convection north of the boundary|organized multicell clusters,cold front or Pacific front|warm front/baroclinic zone|outflow boundary and/or convective cold pool,prior_convection|ofb_placement|instability_recovery|cap_conditional|mode_transition|mcs_timing|boundary_interaction|nocturnal_evolution,"Prior or ongoing convection, cold pools, or outflow boundaries were central to risk placement, storm mode, or downstream destabilization.","2014-07-27 was classified as MDT with forcing focused by cold front or Pacific front, warm front/baroclinic zone, outflow boundary and/or convective cold pool. The dominant storm character was discrete to semi-discrete supercells, bowing line segments/QLCS, MCS or upscale-growing clusters, yielding a primary hazard mix of damaging winds, large hail, tornadoes. Prior or ongoing convection, cold pools, or outflow boundaries were central to risk placement, storm mode, or downstream destabilization. Forecast uncertainty centered on prior_convection, ofb_placement, instability_recovery."
2014-08-20,ENH_EQ,warm_front_baroclinic_tornado,core,large hail|damaging winds|tornadoes,discrete to semi-discrete supercells|bowing line segments/QLCS|MCS or upscale-growing clusters|elevated convection north of the boundary|organized multicell clusters,dryline or sharpening lee trough|warm front/baroclinic zone|outflow boundary and/or convective cold pool,prior_convection|ofb_placement|instability_recovery|cap_conditional|mode_transition|mcs_timing|boundary_interaction|nocturnal_evolution,"Prior or ongoing convection, cold pools, or outflow boundaries were central to risk placement, storm mode, or downstream destabilization.","2014-08-20 was classified as ENH_EQ with forcing focused by dryline or sharpening lee trough, warm front/baroclinic zone, outflow boundary and/or convective cold pool. The dominant storm character was discrete to semi-discrete supercells, bowing line segments/QLCS, MCS or upscale-growing clusters, yielding a primary hazard mix of large hail, damaging winds, tornadoes. Prior or ongoing convection, cold pools, or outflow boundaries were central to risk placement, storm mode, or downstream destabilization. Forecast uncertainty centered on prior_convection, ofb_placement, instability_recovery."
2014-08-23,ENH_EQ,warm_front_baroclinic_tornado,core,damaging winds|large hail|tornadoes|flash-flood-producing rainfall,discrete to semi-discrete supercells|bowing line segments/QLCS|MCS or upscale-growing clusters,cold front or Pacific front|warm front/baroclinic zone|outflow boundary and/or convective cold pool,prior_convection|ofb_placement|instability_recovery|cap_conditional|mode_transition|mcs_timing|boundary_interaction|nocturnal_evolution,"Prior or ongoing convection, cold pools, or outflow boundaries were central to risk placement, storm mode, or downstream destabilization.","2014-08-23 was classified as ENH_EQ with forcing focused by cold front or Pacific front, warm front/baroclinic zone, outflow boundary and/or convective cold pool. The dominant storm character was discrete to semi-discrete supercells, bowing line segments/QLCS, MCS or upscale-growing clusters, yielding a primary hazard mix of damaging winds, large hail, tornadoes. Prior or ongoing convection, cold pools, or outflow boundaries were central to risk placement, storm mode, or downstream destabilization. Forecast uncertainty centered on prior_convection, ofb_placement, instability_recovery."
2014-08-31,ENH_EQ,dryline_supercell_hail_tornado,core,damaging winds|large hail|tornadoes,discrete to semi-discrete supercells|bowing line segments/QLCS|MCS or upscale-growing clusters|elevated convection north of the boundary|organized multicell clusters,dryline or sharpening lee trough|cold front or Pacific front|warm front/baroclinic zone|outflow boundary and/or convective cold pool,prior_convection|ofb_placement|instability_recovery|cap_conditional|mode_transition|mcs_timing|boundary_interaction|nocturnal_evolution,"Prior or ongoing convection, cold pools, or outflow boundaries were central to risk placement, storm mode, or downstream destabilization.","2014-08-31 was classified as ENH_EQ with forcing focused by dryline or sharpening lee trough, cold front or Pacific front, warm front/baroclinic zone. The dominant storm character was discrete to semi-discrete supercells, bowing line segments/QLCS, MCS or upscale-growing clusters, yielding a primary hazard mix of damaging winds, large hail, tornadoes. Prior or ongoing convection, cold pools, or outflow boundaries were central to risk placement, storm mode, or downstream destabilization. Forecast uncertainty centered on prior_convection, ofb_placement, instability_recovery."
2014-09-03,ENH_EQ,warm_front_baroclinic_tornado,likely,damaging winds|large hail|tornadoes,discrete to semi-discrete supercells|bowing line segments/QLCS|elevated convection north of the boundary,cold front or Pacific front|warm front/baroclinic zone|outflow boundary and/or convective cold pool,ofb_placement|instability_recovery|cap_conditional|mode_transition|boundary_interaction|nocturnal_evolution|moisture_quality|storm_coverage_uncertain,"Convective remnants or outflow likely modulated the severe corridor, alongside the synoptic front/warm front/dryline forcing.","2014-09-03 was classified as ENH_EQ with forcing focused by cold front or Pacific front, warm front/baroclinic zone, outflow boundary and/or convective cold pool. The dominant storm character was discrete to semi-discrete supercells, bowing line segments/QLCS, elevated convection north of the boundary, yielding a primary hazard mix of damaging winds, large hail, tornadoes. Convective remnants or outflow likely modulated the severe corridor, alongside the synoptic front/warm front/dryline forcing. Forecast uncertainty centered on ofb_placement, instability_recovery, cap_conditional."
2014-09-09,ENH_EQ,warm_front_baroclinic_tornado,core,large hail|damaging winds|tornadoes,discrete to semi-discrete supercells|bowing line segments/QLCS|MCS or upscale-growing clusters|elevated convection north of the boundary|organized multicell clusters,cold front or Pacific front|warm front/baroclinic zone|outflow boundary and/or convective cold pool|upslope flow/terrain circulation,prior_convection|ofb_placement|instability_recovery|cap_conditional|mode_transition|mcs_timing|boundary_interaction|nocturnal_evolution,"Prior or ongoing convection, cold pools, or outflow boundaries were central to risk placement, storm mode, or downstream destabilization.","2014-09-09 was classified as ENH_EQ with forcing focused by cold front or Pacific front, warm front/baroclinic zone, outflow boundary and/or convective cold pool. The dominant storm character was discrete to semi-discrete supercells, bowing line segments/QLCS, MCS or upscale-growing clusters, yielding a primary hazard mix of large hail, damaging winds, tornadoes. Prior or ongoing convection, cold pools, or outflow boundaries were central to risk placement, storm mode, or downstream destabilization. Forecast uncertainty centered on prior_convection, ofb_placement, instability_recovery."
2014-09-20,ENH_EQ,mcv_mcs_outflow_reintensification,core,damaging winds|large hail|tornadoes,discrete to semi-discrete supercells|bowing line segments/QLCS|MCS or upscale-growing clusters|elevated convection north of the boundary|organized multicell clusters,cold front or Pacific front|outflow boundary and/or convective cold pool|low-level confluence/prefrontal trough|upslope flow/terrain circulation,prior_convection|ofb_placement|instability_recovery|cap_conditional|mode_transition|mcs_timing|boundary_interaction|nocturnal_evolution,"Prior or ongoing convection, cold pools, or outflow boundaries were central to risk placement, storm mode, or downstream destabilization.","2014-09-20 was classified as ENH_EQ with forcing focused by cold front or Pacific front, outflow boundary and/or convective cold pool, low-level confluence/prefrontal trough. The dominant storm character was discrete to semi-discrete supercells, bowing line segments/QLCS, MCS or upscale-growing clusters, yielding a primary hazard mix of damaging winds, large hail, tornadoes. Prior or ongoing convection, cold pools, or outflow boundaries were central to risk placement, storm mode, or downstream destabilization. Forecast uncertainty centered on prior_convection, ofb_placement, instability_recovery."
2014-10-01,ENH_EQ,dryline_supercell_hail_tornado,likely,damaging winds|large hail|tornadoes,discrete to semi-discrete supercells|bowing line segments/QLCS|elevated convection north of the boundary,dryline or sharpening lee trough|cold front or Pacific front|warm front/baroclinic zone|outflow boundary and/or convective cold pool|effective boundary from prior convection,prior_convection|ofb_placement|instability_recovery|cap_conditional|mode_transition|boundary_interaction|nocturnal_evolution|moisture_quality,"Convective remnants or outflow likely modulated the severe corridor, alongside the synoptic front/warm front/dryline forcing.","2014-10-01 was classified as ENH_EQ with forcing focused by dryline or sharpening lee trough, cold front or Pacific front, warm front/baroclinic zone. The dominant storm character was discrete to semi-discrete supercells, bowing line segments/QLCS, elevated convection north of the boundary, yielding a primary hazard mix of damaging winds, large hail, tornadoes. Convective remnants or outflow likely modulated the severe corridor, alongside the synoptic front/warm front/dryline forcing. Forecast uncertainty centered on prior_convection, ofb_placement, instability_recovery."
2014-10-02,ENH_EQ,qlcs_bowing_wind_tornado,likely,damaging winds|large hail|tornadoes,discrete to semi-discrete supercells|bowing line segments/QLCS|elevated convection north of the boundary,cold front or Pacific front|warm front/baroclinic zone|outflow boundary and/or convective cold pool|low-level confluence/prefrontal trough,prior_convection|ofb_placement|instability_recovery|cap_conditional|mode_transition|boundary_interaction|nocturnal_evolution|moisture_quality,"Convective remnants or outflow likely modulated the severe corridor, alongside the synoptic front/warm front/dryline forcing.","2014-10-02 was classified as ENH_EQ with forcing focused by cold front or Pacific front, warm front/baroclinic zone, outflow boundary and/or convective cold pool. The dominant storm character was discrete to semi-discrete supercells, bowing line segments/QLCS, elevated convection north of the boundary, yielding a primary hazard mix of damaging winds, large hail, tornadoes. Convective remnants or outflow likely modulated the severe corridor, alongside the synoptic front/warm front/dryline forcing. Forecast uncertainty centered on prior_convection, ofb_placement, instability_recovery."
2014-10-12,ENH_EQ,dryline_supercell_hail_tornado,likely,damaging winds|large hail|tornadoes,discrete to semi-discrete supercells|bowing line segments/QLCS|MCS or upscale-growing clusters|elevated convection north of the boundary|organized multicell clusters,dryline or sharpening lee trough|cold front or Pacific front|warm front/baroclinic zone|outflow boundary and/or convective cold pool|low-level confluence/prefrontal trough,prior_convection|ofb_placement|instability_recovery|cap_conditional|mode_transition|boundary_interaction|nocturnal_evolution|moisture_quality,"Convective remnants or outflow likely modulated the severe corridor, alongside the synoptic front/warm front/dryline forcing.","2014-10-12 was classified as ENH_EQ with forcing focused by dryline or sharpening lee trough, cold front or Pacific front, warm front/baroclinic zone. The dominant storm character was discrete to semi-discrete supercells, bowing line segments/QLCS, MCS or upscale-growing clusters, yielding a primary hazard mix of damaging winds, large hail, tornadoes. Convective remnants or outflow likely modulated the severe corridor, alongside the synoptic front/warm front/dryline forcing. Forecast uncertainty centered on prior_convection, ofb_placement, instability_recovery."
2014-10-13,MDT,derecho_or_serial_mcs_wind,likely,damaging winds|tornadoes|large hail,discrete to semi-discrete supercells|bowing line segments/QLCS|MCS or upscale-growing clusters|organized multicell clusters,cold front or Pacific front|warm front/baroclinic zone|low-level confluence/prefrontal trough,prior_convection|ofb_placement|instability_recovery|cap_conditional|mode_transition|mcs_timing|boundary_interaction|nocturnal_evolution,"Convective remnants or outflow likely modulated the severe corridor, alongside the synoptic front/warm front/dryline forcing.","2014-10-13 was classified as MDT with forcing focused by cold front or Pacific front, warm front/baroclinic zone, low-level confluence/prefrontal trough. The dominant storm character was discrete to semi-discrete supercells, bowing line segments/QLCS, MCS or upscale-growing clusters, yielding a primary hazard mix of damaging winds, tornadoes, large hail. Convective remnants or outflow likely modulated the severe corridor, alongside the synoptic front/warm front/dryline forcing. Forecast uncertainty centered on prior_convection, ofb_placement, instability_recovery."
2014-11-23,ENH,qlcs_bowing_wind_tornado,likely,damaging winds|brief tornadoes,broken convective band with supercell and bowing structures|frontal squall line with embedded supercells|thin fast-moving QLCS with mesovortices|isolated semi-discrete supercells near the coastal warm sector,residual cold pool and gust front from the morning Gulf Coast MCS|wavy warm front across southern Georgia and the Carolinas|trailing/intensifying cold front|prefrontal confluence and convective bands,prior_convection|instability_recovery|ofb_placement|mode_transition|moisture_quality|nocturnal_evolution|storm_coverage_uncertain,"The ENH risk was strongly modulated by an ongoing MCS and residual cold pool/gust front, though the warm front, cold front, and synoptic wave also controlled timing and extent.","A morning Gulf Coast MCS weakened then partially reorganized as destabilization improved along the immediate Gulf Coast and into Georgia. The primary corridor evolved into a low-CAPE/high-shear QLCS and broken band with embedded supercells, producing mainly damaging winds and a few brief tornadoes. Warm-front placement, poor lapse rates, and whether convection could recover behind the early cold pool were the main forecast constraints."
2015-04-03,ENH,mcv_mcs_outflow_reintensification,core,damaging winds|large hail|tornadoes,MCV-aided storms|supercells|line segments|bowing clusters,MCV from overnight Missouri MCS|cold front into the Tennessee Valley|stationary front in the Mid-Atlantic|warm-sector destabilization corridors,mcv_track|prior_convection|mode_transition|instability_recovery,The outlook explicitly tied the lower Mississippi and Ohio Valley risk to an MCV from an overnight MCS.,"A remnant MCV from overnight convection helped organize renewed severe storms from the lower Mississippi Valley into the Tennessee and Ohio Valleys. Supercells and line segments produced tornado, hail, and damaging wind risk before the threat shifted eastward and weakened. The MCV/outflow history was central to timing and placement."
2015-04-08,MDT,ofb_differential_heating_supercells,core,very large hail|tornadoes|damaging winds,discrete supercells|clusters with embedded supercells|elevated hail storms|localized bowing line,stationary/warm front augmented by MCS outflow|dryline/cold-front intersection near Oklahoma and Kansas|composite outflow boundary in Missouri and Illinois|evening low-level jet,ofb_placement|boundary_interaction|cap_conditional|nocturnal_evolution|mode_transition,MCS outflow and composite outflow boundaries repeatedly focused the strongest supercell and tornado corridors.,"The Moderate-risk setup was a boundary-rich central Plains to lower Missouri Valley event. Dryline and frontal forcing mattered, but residual MCS outflow and warm-frontal segments controlled where supercells rooted and where the tornado risk increased. Very large hail was widespread in the favored corridors, with tornado potential maximized near backed flow along the boundaries."
2015-04-24,ENH,multi_region_multi_mode,likely,large hail|damaging winds|tornadoes,upscale-growing Texas MCS|warm-front supercells|discrete south Texas storms|clusters,warm front across central and eastern Kansas|north Texas convective band|lower Rio Grande Valley instability axis|dryline and surface low over the Plains,mode_transition|boundary_interaction|prior_convection|storm_coverage_uncertain,Ongoing convective bands and upscale growth strongly modulated the Texas and lower Mississippi Valley risk while synoptic warm-front forcing also mattered.,"Severe storms occurred in several zones, including an upscale-growing north Texas complex, warm-front storms in Kansas, and intense cells near the lower Rio Grande Valley. Hail and wind were the most common hazards, but tornadoes were possible with discrete or embedded supercells. The day was strongly multi-regional and boundary dependent."
2015-04-25,ENH,mcv_mcs_outflow_reintensification,likely,damaging winds|large hail|tornadoes,MCV-aided clusters|supercells near the Ohio Valley front|bowing segments|Southeast storm clusters,convectively induced vorticity maximum along the Gulf Coast|warm front from Missouri into the Ohio Valley|ongoing Gulf Coast storm clusters|cold front trailing into the Southeast,mcv_track|prior_convection|mode_transition|instability_recovery|storm_coverage_uncertain,"An MCV and ongoing clusters were important in the Gulf Coast regime, while a separate warm-front regime also produced severe storms.","A southern-stream disturbance and convectively induced vorticity maximum supported ongoing Gulf Coast severe clusters, while the Ohio Valley had a separate warm-front supercell risk. Large hail, damaging winds, and isolated tornadoes all occurred across a broad, multi-mode pattern. The MCV was a major modulator but not the only severe-weather driver."
2015-04-26,MDT,ofb_differential_heating_supercells,core,tornadoes|very large hail|damaging winds,scattered supercells|embedded supercells|small MCS clusters|evening storm complex,central Texas outflow boundary|southern Plains dryline|warm sector moisture axis|approaching upper low,ofb_placement|boundary_interaction|instability_recovery|mode_transition|nocturnal_evolution,The strongest tornado risk was explicitly tied to supercells progressing along an outflow boundary in central Texas.,Central Texas supercells developed in an outflow-rich environment and became the focus for a significant tornado and very large hail threat. Storms also spread across the southern Plains with damaging winds as clusters evolved. The late outlook downgraded category wording but still described a high-impact evening severe regime.
2015-04-27,ENH,qlcs_bowing_wind_tornado,core,damaging winds|tornadoes|large hail,fast-moving squall line|bowing MCS|isolated Texas cells|Florida multicells,forward-propagating squall line across Louisiana|front near the central Gulf Coast|Texas inverted trough|Florida sea-breeze and frontal boundaries,mcs_timing|mode_transition|instability_recovery|storm_coverage_uncertain,An ongoing forward-propagating squall line/MCS was central to the Enhanced risk over Louisiana.,"The main early-day severe threat was a fast-moving squall line crossing southern and central Louisiana. Damaging winds and embedded tornadoes were the focus, with a separate conditional hail and tornado risk later over central Texas. The event weakened eastward as the line moved into less favorable air."
2015-05-07,ENH,mcv_mcs_outflow_reintensification,core,very large hail|damaging winds|tornadoes,MCS with embedded supercells|organized clusters|dryline supercells|evening storm complex,MCV within Red River storm complex|dryline over north Texas and southern Oklahoma|outflow from early convection|shortwave along the Texas/New Mexico border,mcv_track|prior_convection|ofb_placement|mode_transition,The Enhanced risk was organized around a Red River convective complex with an apparent MCV and associated outflow.,"A Red River MCS/MCV helped focus severe storms over southern Oklahoma and north Texas. Embedded and new supercells produced very large hail and a few tornadoes, while damaging winds increased as storms organized. The convective system and its boundaries were central to the day's evolution."
2015-05-08,MDT,mcv_mcs_outflow_reintensification,core,large hail|tornadoes|damaging winds,embedded supercells in MCS|new outflow-rooted storms|clusters|High Plains supercells,Red River MCS cold pool|convective outflow from decaying northeast Texas MCS|central/southern High Plains effective front|low-level jet,ofb_placement|mcs_timing|mode_transition|prior_convection|instability_recovery,"The outlook explicitly tied renewed Red River storms to convective outflow from an MCS, with broader MCS amalgamation expected.","The Moderate-risk Red River day was dominated by MCS/outflow processes. Embedded supercells and new storms along decaying-MCS outflow produced large hail, tornado potential, and damaging winds, then tended to merge into a broader MCS. The High Plains had a separate, more conditional severe risk behind earlier outflow."
2015-05-09,MDT,mixed_discrete_to_qlcs_outbreak,likely,tornadoes|large hail|damaging winds,discrete supercells|clusters along instability axis|mixed lines|High Plains supercells,dryline across west-central Texas|merged dryline/convective outflow|central Plains upper low|warm-sector instability axis from north Texas into Arkansas,ofb_placement|boundary_interaction|mode_transition|cap_conditional|storm_coverage_uncertain,"Outflow-modified air and a merged dryline/outflow boundary were important to where tornadic supercells could root, though synoptic dryline forcing also mattered.","Severe storms affected the central and southern Plains, with the highest evening tornado, hail, and wind threat from north Texas into southern Oklahoma and southwest Arkansas. Discrete storms interacted with dryline and outflow boundaries before organizing into clusters. Outflow modification complicated buoyancy and storm evolution."
2015-05-10,MDT,mcv_mcs_outflow_reintensification,core,large hail|damaging winds|tornadoes,developing MCS|embedded supercells|line segments|tropical rainband cells,developing MCS from central Texas into the Ark-La-Tex|warm sector from the Texas Hill Country into the Ozarks|cold front in the Upper Midwest|Tropical Depression Ana rainbands in eastern North Carolina,mcs_timing|mode_transition|prior_convection|flash_flood_overlap|nocturnal_evolution,The latest outlook centered the southern Plains and Ark-La-Tex risk on a developing MCS and its embedded severe storms.,"A developing MCS from central Texas into the Ark-La-Tex dominated the southern severe threat, with large hail, damaging winds, and tornadoes possible. Additional severe storms occurred with the northern Plains/Upper Midwest system, and Ana's rainbands added a marginal eastern North Carolina threat. The day was multi-regime, but the Moderate-risk hazard corridor was MCS-driven."
2015-05-25,MDT,derecho_or_serial_mcs_wind,core,widespread damaging winds|tornadoes|large hail,bowing MCS|QLCS with embedded circulations|line echo wave patterns|separate Missouri Valley clusters,well-organized bowing MCS from Texas into Oklahoma and the Ozarks|MCS cold pool|warm sector across the Ozarks and Texas coastal plain|remnant midlevel circulation near the Missouri Valley,mcs_timing|mode_transition|boundary_interaction|nocturnal_evolution,A bowing MCS and its cold pool were the central severe-weather mechanism and risk placement driver.,"A well-organized bowing MCS produced a widespread damaging wind and embedded tornado threat from Texas and Oklahoma toward the Ozarks and lower Mississippi Valley. Line-echo wave patterns and bowing segments dominated the hazard mix, with hail and tornadoes secondary. This was one of the clearest MCS-wind days in the 2015 batch."
2015-05-27,ENH,multi_region_multi_mode,likely,large hail|damaging winds|isolated tornadoes,High Plains supercells|MCV-driven clusters|multicell wind storms|decaying MCS,central and southern High Plains lee trough|MCV and cold pool from decaying Texas MCS|Ohio Valley MCV|northern Mid-Atlantic cold front,mcv_track|prior_convection|boundary_interaction|storm_coverage_uncertain,"MCVs and cold pools shaped several risk areas, though the High Plains supercell corridor remained a separate driver.","This was a complex multi-region day with central and southern High Plains supercells plus MCV-driven storm corridors farther east. A decaying Texas MCS left a cold pool that promoted renewed lower Mississippi Valley storms, while another MCV affected the Ohio Valley. Hazards were split between hail/tornado potential on the Plains and damaging winds in MCV-modulated areas."
2015-05-28,ENH,high_plains_upslope_supercells,likely,large hail|damaging winds|tornadoes,High Plains supercells|west Texas supercells|New England multicells|decaying MCS,"convective boundaries across Kansas, Oklahoma, and Texas|west Texas and southeast New Mexico instability corridor|cold front and surface trough in New England|southern High Plains upslope flow",prior_convection|ofb_placement|instability_recovery|storm_coverage_uncertain,Several convective boundaries and an earlier MCS strongly affected where the southern Plains could recover and focus severe storms.,"The severe pattern was very complex, with earlier convection and boundaries scattered across the Plains. The Enhanced focus tightened over west Texas and southeast New Mexico where supercells could produce large hail, wind, and a couple tornadoes, while New England had a separate damaging-wind corridor. Boundary placement and recovery were key uncertainties."
2015-06-06,ENH,forward_propagating_mcs_wind,likely,damaging winds|large hail|tornadoes,supercells early|large cluster/MCS|bowing segments|QLCS,cold front across Nebraska and South Dakota|boundary interactions in eastern Colorado and northwest Kansas|strengthening low-level jet into Iowa and Minnesota|ongoing storms in northeast Nebraska and southeast South Dakota,mcs_timing|mode_transition|boundary_interaction|nocturnal_evolution,"The forecast emphasized upscale growth into a large cluster/MCS, but cold-frontal forcing and supercells also contributed.","Initial severe storms over the central Plains and middle Missouri Valley were expected to grow upscale into a larger eastward-moving cluster. All hazards were possible early, especially in Nebraska, South Dakota, Iowa, and Minnesota, before damaging winds became the primary overnight MCS hazard. Boundary interactions kept the central Plains active as well."
2015-06-07,ENH,forward_propagating_mcs_wind,core,damaging winds|large hail|isolated tornadoes,quasi-linear MCSs|bowing segments|semi-discrete storms|clusters,"two quasi-linear MCSs from the Ohio Valley into the lower Missouri Valley|cold front into Michigan, Illinois, and Missouri|instability reservoir over eastern Kansas and western Missouri",mcs_timing|mode_transition|boundary_interaction|nocturnal_evolution,The outlook centered the threat on ongoing quasi-linear MCSs and their propagation through the instability corridor.,"Two elongated MCSs organized from the Ohio Valley back into Missouri and Illinois, with damaging wind becoming the main hazard. The eastern Kansas and western Missouri reservoir supported additional storms near the trailing flank. MCS structure and cold-pool behavior controlled much of the severe evolution."
2015-06-19,MDT,derecho_or_serial_mcs_wind,core,widespread damaging winds|large hail|tornadoes,discrete supercells early|upscale-growing QLCS|fast-moving squall line|bowing MCS,northern High Plains lee trough|developing cold front and frontal wave over the Dakotas|strong midlevel westerlies|nocturnal low-level jet,mode_transition|mcs_timing|nocturnal_evolution|storm_coverage_uncertain,The Moderate risk was explicitly for severe storms evolving into a fast-moving squall line with widespread severe wind potential.,"Northern High Plains supercells were expected to grow upscale into a fast-moving severe wind-producing squall line over the Dakotas. Very large hail and tornadoes were possible with early discrete storms, but the higher-end risk was damaging to intense winds overnight. The event fits a classic supercell-to-derecho-style transition."
2015-06-21,ENH,forward_propagating_mcs_wind,core,damaging winds|very large hail|tornadoes,severe supercells|organized MCS|bowing line segments|clusters,northern Plains surface low|nocturnal low-level jet into the Dakotas|warm front and rich moisture reservoir over the Missouri Valley|shortwave trough over Montana,mcs_timing|mode_transition|nocturnal_evolution|storm_coverage_uncertain,The outlook highlighted an organized severe storm complex with significant wind developing from earlier supercells.,"Northern Plains supercells were expected to evolve into an organized severe storm complex moving into the Upper Midwest. Very large hail and tornadoes were probable early, while the overnight hazard transitioned toward significant damaging winds. The forecast hinged on upscale growth timing and maintenance."
2015-06-22,ENH,forward_propagating_mcs_wind,core,damaging winds|large hail|tornadoes,severe MCS|bowing QLCS|redeveloping storms along outflow|hail-producing clusters,severe MCS from Iowa and Wisconsin into northern Illinois and Indiana|warm front from Minnesota into Wisconsin|cold front trailing into the Great Lakes|outflow boundary south of ongoing convection,mcs_timing|ofb_placement|mode_transition|prior_convection,An ongoing severe MCS and its outflow were central to the damaging wind corridor and downstream redevelopment.,"A severe MCS crossed the Upper Midwest and Great Lakes with a corridor of damaging winds. Redevelopment along and south of its outflow, plus the cold front, sustained severe hail and wind potential later in the day. The event was strongly MCS- and outflow-driven."
2015-06-23,ENH,forward_propagating_mcs_wind,core,damaging winds|large hail|isolated tornadoes,forward-propagating MCS|bowing line|High Plains supercells|pulse storms,forward-propagating MCS over the Mid-Atlantic|front and instability axis over the central High Plains|lee trough over the western Dakotas|moist warm sector in the Tennessee Valley,mcs_timing|mode_transition|prior_convection|storm_coverage_uncertain,The main eastern severe risk was tied to a forward-propagating MCS and its leading edge.,"The Mid-Atlantic severe threat was dominated by a forward-propagating MCS capable of damaging winds. Additional severe storms were possible over the central High Plains and western Dakotas with hail and isolated wind. The day had multiple regions, but MCS wind carried the main Enhanced signal."
2015-06-24,ENH,forward_propagating_mcs_wind,core,damaging winds|large hail|tornadoes,developing MCS|forward-propagating line|supercells before upscale growth|multicell clusters,developing MCS over western and central Iowa|instability axis into central Illinois|cold front over Iowa|outflow boundary in Alabama,mcs_timing|mode_transition|boundary_interaction|nocturnal_evolution,The Enhanced risk was reoriented around the expected motion and wind corridor of a developing MCS.,"A developing Iowa MCS was expected to propagate southeast along the instability axis into Illinois, producing a concentrated severe straight-line wind threat. Initial storms also had hail and tornado potential, especially where boundary-layer shear was locally favorable. The late outlook was explicitly MCS-motion focused."
2015-06-25,ENH,mcv_mcs_outflow_reintensification,core,damaging winds|large hail|isolated tornadoes,MCV-driven wind clusters|High Plains supercells|multicell storms|linear segments,convectively augmented mesoscale circulation crossing the Appalachians|warm front lifting into the Mid-Atlantic|outflow boundary across the southern Ohio Valley|easterly upslope into Wyoming and Nebraska,mcv_track|prior_convection|boundary_interaction|instability_recovery|mode_transition,The Tidewater Enhanced upgrade was explicitly tied to a convectively augmented mesoscale circulation and related boundaries.,"The outlook upgraded the Tidewater region for severe wind potential tied to a convectively augmented mesoscale circulation moving out of the Ohio Valley. At the same time, the central High Plains supported supercells with hail, wind, and a possible tornado. MCV and outflow placement were central to the eastern risk."
2015-06-28,ENH,classic_discrete_tornadic_supercells,likely,tornadoes|large hail|damaging winds,tornadic supercells|isolated multicells|downburst-producing desert storms,western flank of remnant morning showers and storms|mid Mississippi Valley differential heating corridor|progressive shortwave trough over Minnesota and Iowa|Arizona outflow mergers,instability_recovery|boundary_interaction|ofb_placement|storm_coverage_uncertain,Remnant convection and its differential-heating corridor helped focus the St. Louis-area tornadic supercell risk.,"A focused mid-Mississippi Valley supercell setup evolved along the west side of remnant convection, with the St. Louis region in the highest tornado corridor. Tornadoes, damaging winds, and large hail were likely with southeastward-moving supercells. A separate Arizona downburst risk was maintained but was secondary."
2015-07-09,ENH,mcv_mcs_outflow_reintensification,core,damaging winds|tornadoes|hail,forward-propagating MCS|bowing segments|embedded circulations|isolated supercells,small forward-propagating MCS from Kentucky into the Appalachians|Mid-Atlantic warm front|convectively induced vorticity maximum|northeast Oklahoma boundary,mcv_track|mcs_timing|boundary_interaction|mode_transition,The Mid-Atlantic risk was explicitly tied to a convectively induced vort max and forward-propagating MCS/outflow processes.,"A small forward-propagating MCS and convectively induced vort max enhanced damaging wind and isolated tornado risk from the central Appalachians into the Mid-Atlantic. Other severe storms occurred from the southern Plains to the Rockies, but the Enhanced eastern corridor was MCS/MCV driven. Warm-front placement also helped define the tornado risk."
2015-07-12,MDT,forward_propagating_mcs_wind,likely,damaging winds|large hail|tornadoes,initial severe clusters|supercells|forward-propagating MCS|bowing QLCS,surface front from North Dakota into Minnesota and Iowa|upper low over North Dakota|strengthening low-level jet into the Upper Midwest|outflow from early convection,mcs_timing|mode_transition|nocturnal_evolution|prior_convection,"The higher-end risk depended on upscale growth into a damaging-wind MCS, with fronts and prior convection also shaping initiation.","A Moderate-risk upper Midwest event evolved from severe clusters and supercells into an increasing damaging-wind threat across Minnesota, Iowa, Wisconsin, and northern Illinois. Tornadoes and large hail were possible early, but the late outlook emphasized damaging winds with upscale growth. Timing of initiation and MCS maturation was the central forecast problem."
2015-07-13,MDT,derecho_or_serial_mcs_wind,core,widespread damaging winds|tornadoes|large hail,long-lived MCS|bowing QLCS|new supercells ahead of lines|serial clusters,"multiple forward-propagating MCS corridors across the Midwest|warm-sector instability over Illinois, Indiana, Kentucky, and Ohio|shortwave trough over the Great Lakes|residual frontal boundaries",mcs_timing|mode_transition|boundary_interaction|nocturnal_evolution,The Moderate risk was built around multiple rounds of forward-propagating MCSs and their wind corridors.,"This was a high-end Midwest MCS wind day with multiple rounds of severe storms across Illinois, Indiana, Kentucky, Ohio, and nearby states. Forward-propagating MCSs produced widespread damaging winds, while new storms and embedded circulations maintained tornado and hail potential. The main forecast issue was the timing and interaction of repeated MCS corridors."
2015-07-14,ENH,mcv_mcs_outflow_reintensification,core,damaging winds|large hail|tornadoes,MCS with bowing/LEWP structures|supercell cluster|long-lived storm clusters|eventual upscale growth,MCS over the upper Ohio Valley|outflow boundary intersecting a prefrontal confluence zone in Kentucky and Tennessee|cold front from Ohio into Kentucky and Tennessee|remnant MCS over western North Carolina,prior_convection|ofb_placement|mode_transition|mcs_timing|instability_recovery,The outlook and MDs repeatedly tied the severe evolution to ongoing/remnant MCSs and intersecting outflow boundaries.,"A post-derecho environment supported renewed severe storms from the Ohio Valley into the Mid-South and Appalachians. Ongoing and remnant MCSs, plus a key outflow/confluence intersection in Kentucky and Tennessee, focused supercells and damaging-wind clusters. Upscale growth was expected but remained uncertain in timing."
2015-07-18,ENH,ofb_differential_heating_supercells,core,damaging winds|large hail|isolated tornadoes,supercells near outflow|clusters|line segments|High Plains supercells,trailing outflow boundary from weakening Michigan MCS|cold front across the Midwest|central High Plains post-frontal upslope flow|lower Colorado River Valley moisture plume,ofb_placement|prior_convection|instability_recovery|mode_transition,The Midwest Enhanced corridor was explicitly focused near the trailing outflow boundary from a weakening MCS.,"The Midwest severe threat developed in the wake of overnight storms, with a trailing outflow boundary serving as an obvious initiation and enhancement focus. Supercells and clusters produced damaging winds and large hail, with a tornado or two possible. Separate High Plains and Southwest severe corridors were secondary."
2015-07-19,ENH,mcv_mcs_outflow_reintensification,core,damaging winds|hail|isolated tornadoes,outflow-driven clusters|bowing line segments|High Plains supercells|multicells,outflow from a decayed overnight MCS over Ohio and Kentucky|cold front from the Great Lakes into New England|dissipating front over the central High Plains|differential heating zones from Kansas to the lower Ohio Valley,prior_convection|instability_recovery|ofb_placement|storm_coverage_uncertain,The outlook expanded probabilities because convection increased along outflow from a decayed overnight MCS.,"Severe storms from the upper Ohio Valley into New England developed in part along outflow from a decayed overnight MCS. Damaging winds and hail dominated, while the central High Plains had a separate hail and wind risk. The eastern Enhanced corridor was strongly tied to prior-convection boundaries and recovery."
2015-08-02,ENH,forward_propagating_mcs_wind,core,damaging winds|large hail|isolated tornadoes,organized squall line|cold-pool surge|bowing QLCS|isolated storms along front,well-organized line over lower Michigan|advancing cold front from Wisconsin to Ohio|trailing outflow over central lower Michigan|instability corridor from Nebraska to northern Illinois,mcs_timing|cold_pool|mode_transition|boundary_interaction,"A well-organized line, trailing outflow, and cold-pool surges controlled the Great Lakes severe-wind threat.","A well-organized Great Lakes line produced damaging wind and hail as it moved across lower Michigan and adjacent areas. Additional storms developed along the front back into Nebraska, Iowa, Missouri, and Illinois. Cold-pool/outflow evolution was the main severe-wind driver."
2015-08-22,ENH,derecho_or_serial_mcs_wind,core,damaging winds|large hail|tornadoes,initial supercells|MCS with embedded bowing/LEWP structures|clusters|QLCS,amplifying shortwave trough from Montana into the Dakotas|cold front and surface wave across the Upper Midwest|instability axis into the lower Missouri Valley|southern-stream impulse over eastern Oklahoma,mcs_timing|mode_transition|storm_coverage_uncertain|nocturnal_evolution,The Enhanced wind area was based on a forecast MCS with embedded bowing/LEWP structures and significant wind potential.,A broad severe swath stretched from Minnesota to northeast Kansas and northwest Missouri. Initial supercells with hail and tornado potential were expected to grow upscale into an MCS with destructive wind potential. A separate weaker southern MCS corridor extended into the Mid-South.
2016-03-08,ENH,mcv_mcs_outflow_reintensification,core,damaging wind|hail|isolated tornado,lines|clusters|embedded supercells,slow-moving upper low|dryline|convective clusters|low-level jet,prior_convection|mcs_timing|instability_recovery|nocturnal_evolution,"Ongoing lines and clusters across Texas and Louisiana, with later redevelopment, were central to timing, mode, and the hazard corridor.","A slow southern Plains upper low produced repeated convective clusters from Texas into Louisiana and the ArkLaTex. The ENH risk leaned on clustered and linear convection with strong shear but only marginal instability, so damaging winds and a few tornadoes were tied to convective organization more than pristine discrete initiation. The day was strongly modulated by ongoing storms and their ability to persist or redevelop overnight."
2016-03-17,ENH,southeast_multicell_or_clusters,likely,large hail|localized damaging wind|isolated tornado,hail-producing clusters|isolated supercells|multicell storms,weak baroclinic zone|persistent convection|Gulf Coast instability gradient,prior_convection|storm_coverage_uncertain|boundary_interaction,"Ongoing/persistent convection and its boundaries shaped where renewed Gulf Coast severe storms developed, though a broader baroclinic zone also mattered.","Severe hail clusters persisted from northeast Texas into Louisiana and Arkansas, while additional storms developed along a weak Gulf Coast baroclinic zone. The primary hazard was large hail, with localized wind and brief tornado potential in stronger or more surface-based cells. Convective coverage and boundary placement were more important than a clean synoptic frontal setup."
2016-03-31,ENH,mixed_discrete_to_qlcs_outbreak,likely,tornadoes|damaging wind|large hail,supercells|merged complex|line segments,cold front|warm-sector confluence|ongoing convective complex|Gulf Coast warm sector,prior_convection|mode_transition|instability_recovery,Numerous ongoing storms and merged complexes modulated the Southeast tornado/wind corridor alongside the synoptic front and warm sector.,"The second day of the late-March system produced numerous storms across Mississippi, Alabama, Tennessee, and Georgia. Strong shear supported supercells and tornadoes, but storms frequently merged into complexes and line segments, increasing the damaging-wind component. Prior convection and ongoing precipitation affected instability and the ability of discrete storms to persist."
2016-04-11,ENH,multi_region_multi_mode,likely,large hail|damaging wind|isolated tornado,supercells|clusters|MCS,weakening southern-stream vort max|dryline|outflow boundaries|north Texas instability axis,prior_convection|ofb_placement|storm_coverage_uncertain,"Prior convection and outflow helped define where storms could intensify, although dryline and weak synoptic forcing also mattered.","A messy southern Plains to lower Mississippi Valley severe episode featured scattered storms in multiple corridors. North Texas and southeast Oklahoma carried the most organized hail and wind threat, with tornado potential conditional on storm mode and boundary interaction. The day depended heavily on how previous convection and outflow altered the warm sector."
2016-04-26,MDT,mixed_discrete_to_qlcs_outbreak,likely,very large hail|damaging wind|tornadoes,discrete supercells|squall line|bowing segments|MCS,dryline|cold front|morning MCS/outflow|surface low,prior_convection|mode_transition|ofb_placement|mcs_timing,"Morning MCS/outflow and later convective merging strongly affected mode and corridors, while dryline/cold-front forcing still initiated the main storms.","The day began with an MCS over the lower Missouri Valley and evolved into a central/southern Plains all-hazards event. Dryline storms initially posed very large hail and tornado risk, but upscale growth produced an elongated squall line with common damaging wind and hail from Kansas into Oklahoma and Texas. Prior convection and outflow made the transition from discrete supercells to QLCS a central forecast issue."
2016-04-29,ENH,multi_region_multi_mode,likely,large hail|tornadoes|damaging wind,supercells|broken bands|elevated clusters|MCS,surface cyclone|dryline|morning elevated storms|ArkLaTex warm sector,prior_convection|storm_coverage_uncertain|mode_transition,"Morning elevated storms and convective clusters shaped instability and storm corridors, but dryline/cyclone forcing remained important.","A southern Plains shortwave and surface cyclone produced widespread severe potential from Texas and Oklahoma into the ArkLaTex and lower Mississippi Valley. Supercells near the dryline and warm sector carried all hazards, while earlier elevated storms and later bands complicated the spatial focus. The day was a broad, multi-mode setup rather than a single clean corridor."
2016-05-09,ENH,ofb_differential_heating_supercells,core,very large hail|tornadoes|damaging wind,supercells|supercell complex|north-south band,old outflow/differential heating zone|dryline|warm sector over southeast Oklahoma and Arkansas,ofb_placement|boundary_interaction|mode_transition,The main southeast Oklahoma to Arkansas supercell corridor was explicitly tied to an old outflow/differential-heating zone.,"Severe storms focused from southeast Oklahoma into Arkansas and northeast Texas along an old outflow and differential-heating boundary. Very large hail and tornadoes were the main hazards where supercells could remain organized in a highly unstable air mass. Farther north, a band of storms from Nebraska into Oklahoma produced hail and wind but gradually weakened with evening stabilization."
2016-05-10,ENH,multi_region_multi_mode,likely,large hail|damaging wind|isolated tornado,HP supercell|clusters|multicells|isolated supercells,HP supercell outflow|Ohio Valley boundary|Texas dryline/triple point|northern Plains boundary,ofb_placement|boundary_interaction|storm_coverage_uncertain,"Outflow from the Ohio Valley HP supercell and other convective boundaries strongly shaped near-term severe placement, though multiple synoptic regions were active.","This was a multi-region severe day, with the ENH risk in the Ohio Valley and other severe areas in Texas and the northern Plains. An HP supercell near the Ohio River produced very large hail, damaging winds, and possible tornado risk, while its outflow limited severe potential nearby. Texas storms carried a large-hail and wind threat along the dryline, reinforcing the mixed nature of the day."
2016-05-11,ENH,mcv_mcs_outflow_reintensification,core,large hail|damaging wind|isolated tornado,clusters|supercells|line segments,remnant boundary in southern Illinois|southwest-moving outflow across Missouri|Texas triple point|dryline,prior_convection|ofb_placement|storm_coverage_uncertain|flash_flood_overlap,"The outlook explicitly tied redevelopment to remnant and outflow boundaries, making prior convection central to the ENH placement.","Severe storms were expected from north Texas and Oklahoma into the Missouri and mid-Mississippi Valleys, with hail and wind dominant. The most important mesoscale features were remnant and outflow boundaries left by earlier convection, especially across Missouri, Illinois, and nearby areas. Additional storms near the Texas triple point added another dryline/frontal component to the day."
2016-05-17,ENH,ofb_differential_heating_supercells,likely,large hail|damaging wind|isolated tornado,supercell complex|southward-moving clusters|embedded supercells,southward-moving boundary|central Texas cold front|Rio Grande/Edwards Plateau instability gradient,boundary_interaction|storm_coverage_uncertain|mode_transition,Storms developed along a southward-moving boundary and evolved into boundary-driven clusters across southwest and south-central Texas.,"A southward-moving boundary and subtle shortwave focused severe clusters across southwest and south-central Texas. Supercell structures produced large hail and damaging winds, with a brief tornado possible in the strongest storms. The event was more boundary-driven and clustered than a clean dryline supercell setup."
2016-05-19,ENH,mcv_mcs_outflow_reintensification,core,damaging wind|large hail|brief tornado,elevated storms|QLCS|bowing segment|embedded mesovortices,northward-moving front|effective front/convective outflow|South Texas moisture axis|northwest Gulf QLCS,ofb_placement|mcs_timing|boundary_interaction,The severe threat was organized around a composite cold front/convective outflow and an effective front interacting with a Gulf QLCS.,"Severe storms developed from south-central and southeast Texas into southwest Louisiana as a boundary lifted north and interacted with elevated convection. Later, a vigorous QLCS over the northwest Gulf moved ashore with wind and mesovortex potential along the effective front. This was a strongly outflow/effective-boundary modulated day rather than a simple synoptic-front event."
2016-05-23,ENH,ofb_differential_heating_supercells,likely,very large hail|tornadoes|damaging wind,discrete supercells|supercell clusters|slow-moving storms,retreating dryline|large-scale outflow boundary|west Texas instability corridor,ofb_placement|boundary_interaction|storm_coverage_uncertain,"The main supercells formed near a retreating dryline and large-scale outflow boundary, making boundary interaction central to the risk.","Scattered severe supercells developed from west Texas into western Oklahoma along a retreating dryline and nearby outflow boundary. Very large hail was the primary hazard, with tornado potential increasing during the evening where backed flow and boundary interactions improved low-level shear. The day was conditionally significant but dependent on sustaining storms along the dryline/outflow intersection."
2016-05-24,ENH,ofb_differential_heating_supercells,core,tornadoes|very large hail|damaging wind,tornadic supercells|long-lived supercell cluster|MCS on southern/eastern flank,dryline|residual outflow boundaries|central High Plains boundary|northwest Oklahoma instability axis,ofb_placement|boundary_interaction|mode_transition,Residual outflow boundaries were explicitly paired with the dryline for expected supercell development and helped focus the tornadic storms.,"This was a high-end boundary-interaction supercell day from southwest Kansas and northwest Oklahoma into the Texas Panhandle. Residual outflow and the dryline focused intense supercells, including tornadic storms, with very large hail and damaging winds also likely. Later convection on the southern/eastern periphery of an MCS added a secondary clustered hazard area."
2016-05-26,MDT,mixed_discrete_to_qlcs_outbreak,core,very large hail|tornadoes|damaging wind,supercells|mixed clusters|QLCS|multiple MCSs,deepening southwest Kansas low|warm front|dryline|large-scale outflow boundaries,prior_convection|ofb_placement|mode_transition|mcs_timing,The outlooks repeatedly cited residual outflow boundaries and convective overturning as primary complications and later storm foci in the MDT area.,"A very unstable central/southern Plains warm sector supported a MDT risk for supercells with strong tornadoes and very large hail from Kansas into Oklahoma and west Texas. The environment was unusually favorable, but ongoing convection and residual outflow boundaries made storm evolution messy and eventually favored multiple MCS/QLCS structures. Boundary interactions remained central through the evening, including near the warm front and dryline/outflow intersections."
2016-05-29,ENH,high_plains_upslope_supercells,likely,large hail|damaging wind|isolated tornado,isolated supercells|clusters|pulse storms,lee trough|post-MCS instability gradient|southwest Texas boundary|High Plains upslope flow,prior_convection|instability_recovery|storm_coverage_uncertain,Overnight MCSs overturned much of west/central Texas and left the recoverable severe corridor farther southwest and west.,"Prior overnight MCSs substantially modified the southern Plains warm sector, leaving the best severe potential in southwest Texas and parts of the western High Plains. Isolated to widely scattered storms still posed large hail, damaging wind, and a couple tornadoes where stronger instability remained. The day had a strong recovery and coverage uncertainty component."
2016-06-13,ENH,ofb_differential_heating_supercells,core,large hail|damaging wind|isolated tornado,supercells|clusters|bowing segments,southward-moving MCS outflow|augmented synoptic boundary|High Plains upslope|dryline/trough,ofb_placement|boundary_interaction|mode_transition,Outflow from a southward-moving MCS explicitly augmented the boundary that focused the central High Plains ENH risk.,"The central High Plains severe risk was strongly shaped by outflow from a southward-moving MCS, which enhanced the synoptic boundary across eastern Colorado, southwest Kansas, and the Panhandles. Supercells and clusters produced large hail, damaging wind, and a few tornadoes. Farther north, additional High Plains storms added a broader wind/hail component."
2016-06-17,ENH,northwest_flow_mcs,likely,damaging wind|large hail,multicell clusters|bowing segments|MCS,northwest flow aloft|surface cold front|storm-scale cold pools|moist Southeast air mass,mcs_timing|mode_transition|prior_convection,"Storm clusters and their cold pools organized the wind corridors across the Southeast, but the broader cold front and northwest-flow regime also mattered.","A northwest-flow regime and cold front supported organized severe multicell clusters across the Gulf Coast and Southeast. The main hazard was damaging wind, with swaths of wind damage focused where clusters bowed and accelerated. Other severe corridors existed in the Plains and Upper Midwest, but the Southeast wind event defined the ENH day."
2016-06-22,MDT,derecho_or_serial_mcs_wind,core,widespread damaging wind|tornadoes|large hail,large bowing MCS|QLCS|embedded supercells,evolving severe storm cluster|warm front|Lake Michigan/Illinois boundary zone|storm-scale cold pool,mcs_timing|mode_transition|ofb_placement|nocturnal_evolution,A large evolving severe storm cluster and its cold pool were central to the MDT wind corridor and embedded tornado risk.,"A high-impact MCS evolved across northern Illinois and moved into Indiana, Michigan, and Ohio with widespread damaging winds. Embedded rotations and supercells near the warm frontal zone maintained a tornado threat, including strong tornado concern early in the evening. The MDT classification is best described as a derecho/QLCS wind event with embedded tornado and hail hazards."
2016-06-23,ENH,multi_region_multi_mode,likely,damaging wind|large hail|isolated tornado,bowing structures|clusters|supercells,pre-frontal wind shift|west-east convective band|High Plains boundaries|Ozarks instability axis,mode_transition|boundary_interaction|storm_coverage_uncertain,"A west-east band with embedded bows and ongoing clusters made convective boundaries important, though several regional boundaries also contributed.","The day featured multiple severe corridors from Kentucky/Tennessee to the Carolinas, the Ozarks, and the High Plains. Bowing structures in a west-east band produced a damaging-wind threat, while other clusters and supercells produced hail and isolated tornado potential. The result was a messy multi-region, multi-mode ENH day."
2016-06-28,MDT,derecho_or_serial_mcs_wind,core,widespread damaging wind|large hail,MCS|small-scale QLCS|bowing line,forward-propagating MCS|cold pool|High Plains instability axis|northwest-flow steering,mcs_timing|mode_transition|instability_recovery,The MDT upgrade was explicitly based on upscale evolution of a forward-propagating MCS and its damaging-wind cold pool.,"A forward-propagating MCS evolved across the central High Plains, producing a likelihood of widespread damaging winds from northeast Colorado and western Nebraska into Kansas. Earlier supercells and clusters quickly grew upscale into a mature wind-producing system. This was one of the clearest 2016 examples of an MCS-driven MDT wind day."
2016-06-29,ENH,northwest_flow_mcs,likely,damaging wind|large hail,forward-propagating MCS|widely spaced storm clusters|supercells,northwest-flow storm track|central High Plains instability axis|storm-generated cold pool,mcs_timing|mode_transition|instability_recovery,"A forward-propagating MCS and its cold pool drove the main severe-wind threat, though initiation was tied to the High Plains environment.",A northwest-flow pattern supported widely spaced storm clusters moving southeast across the central and northern High Plains. The main ENH concern evolved into a small forward-propagating MCS over Nebraska with severe wind gusts and hail. A drier boundary layer compared to the previous day limited the magnitude but did not eliminate organized wind risk.
2016-07-05,MDT,derecho_or_serial_mcs_wind,core,damaging wind|large hail|isolated tornado,MCS|upscale-growing clusters|bowing segments,warm-advection zone|effective boundary|developing thunderstorm clusters|elevated mixed-layer nose,mcs_timing|prior_convection|mode_transition|nocturnal_evolution,The MDT threat was driven by upscale-growing clusters and MCS development along an effective/warm-advection boundary.,"One or two thunderstorm clusters were expected to grow upscale across the Upper Midwest and middle Missouri Valley into the central Plains. The main hazard was potentially damaging wind, with hail and isolated tornadoes accompanying early or embedded supercells. The forecast hinged on MCS development and how clusters interacted with the effective boundary overnight."
2016-07-06,MDT,derecho_or_serial_mcs_wind,core,intense damaging wind|large hail|isolated tornado,vigorous bowing segments|linear storm clusters|long-lived MCS,bowing MCSs over SD/NE|storm-scale cold pools|Red River storm cluster|Southeast remnant MCS,mcs_timing|mode_transition|boundary_interaction,Multiple MCSs and bowing cold pools were the primary mode and hazard driver across the MDT corridor.,"Several thunderstorm complexes produced a major damaging-wind threat from South Dakota and Nebraska into adjacent states. The MDT area emphasized intense wind gusts with vigorous bowing segments, while additional long-lived MCS activity affected the southern Appalachians and a storm cluster moved along the Red River. The event was dominated by MCS mode and cold-pool evolution."
2016-07-07,ENH,multi_region_multi_mode,likely,damaging wind|large hail|isolated tornado,fast-moving squall line|clusters|isolated supercells,large bowing line in Missouri/Illinois|Lower Ohio Valley instability corridor|Mid/Lower Missouri Valley boundary,mcs_timing|mode_transition|boundary_interaction,"A large bowing line and convective remnants drove one ENH wind corridor, while new boundary-driven storms developed farther west.","The day had two ENH corridors: a damaging-wind MCS/squall-line risk across Kentucky and Tennessee, and a developing severe threat across the lower to mid-Missouri Valley. Damaging winds were the primary hazard, but hail and isolated tornadoes were possible with stronger storms. Prior convection and ongoing bowing segments heavily influenced the eastern corridor."
2016-07-08,ENH,mcv_mcs_outflow_reintensification,core,damaging wind|large hail,MCS|clusters|bowing segments,MCV from overnight convection|effective front/outflow in Oklahoma|Appalachian instability corridor,mcv_track|prior_convection|mcs_timing|boundary_interaction,The outlook explicitly centered on an MCV/convective cluster and an effective outflow boundary as the main severe foci.,"An MCV and associated convective cluster moved from the Ohio Valley toward the Appalachians, supporting a focused wind and hail threat from Kentucky and West Virginia into Virginia and North Carolina. In Oklahoma, an effective front marked by outflow provided another severe focus. The day was classic MCV/outflow reintensification with damaging wind as the dominant hazard."
2016-07-10,ENH,forward_propagating_mcs_wind,likely,damaging wind|large hail,intense line|MCS|clusters,North Dakota/SD instability axis|strengthening low-level jet|surface cyclone/frontal zone,mcs_timing|nocturnal_evolution|mode_transition,"The main threat was an intense line/MCS building southward with its cold pool, while frontal and low-level jet forcing sustained it.","A severe line/MCS crossed North Dakota into South Dakota and western Minnesota during the evening. Damaging wind and large hail were the primary hazards, with activity building southward into extreme instability and a strengthening low-level jet. The day was primarily a northern Plains MCS wind/hail event."
2016-07-11,ENH,ofb_differential_heating_supercells,core,damaging wind|large hail|localized tornado,boundary-interacting storms|bowing line segment|clusters,outflow boundary across Minnesota/South Dakota|warm front|weak MCVs over the Mid-South|secondary surface low,ofb_placement|boundary_interaction|prior_convection|mode_transition,"The outlook upgraded tornado probabilities near an analyzed outflow boundary, while weak MCVs also influenced the Southeast severe area.","Severe potential extended from the Upper Midwest into the Plains, with the most important mesoscale tornado signal near an outflow boundary in Minnesota and South Dakota. Storms interacting with that boundary and a nearby warm front could produce localized tornadoes, hail, and wind, while a bowing segment in Wisconsin raised wind risk. Farther south, weak MCVs and prior convective overturning limited and focused the Southeast threat."
2016-07-15,ENH,forward_propagating_mcs_wind,core,damaging wind|large hail|brief tornado,forward-propagating MCS|initial supercells|clusters,merging High Plains storm clusters|forward-propagating cold pool|western Oklahoma/Texas Panhandle instability corridor,mcs_timing|mode_transition|storm_coverage_uncertain,The ENH risk was explicitly based on upscale growth into a forward-propagating MCS across western Oklahoma and the Texas Panhandle.,"Storm clusters from Colorado and Kansas merged and moved south-southeast toward western Oklahoma and the Texas Panhandle. Initial storms could produce very large hail and a brief tornado, but the main overnight ENH hazard was damaging wind from a forward-propagating MCS. The event depended on how quickly upscale growth occurred."
2016-07-16,ENH,forward_propagating_mcs_wind,likely,damaging wind|large hail,storm clusters|MCS|embedded supercells,leading edge of northern Plains convection|warm-sector instability|shortwave over the northern High Plains,mcs_timing|mode_transition|instability_recovery,"Severe clusters merged into an MCS and propagated southeast, making storm-scale cold pools important to the main wind/hail risk.","Northern and central Plains storms formed along the leading edge of convection and spread eastward toward the Upper Mississippi Valley. Large hail and damaging wind were the main hazards, with severe clusters merging into a broader MCS over South Dakota and Minnesota. The event was a warm-season MCS transition from initial clusters."
2016-07-23,ENH,mcv_mcs_outflow_reintensification,core,damaging wind|large hail|isolated tornado,clusters|embedded supercells|MCS,multiple ongoing convective clusters|cloud/precipitation shield|Upper Mississippi Valley instability recovery|effective boundaries,prior_convection|instability_recovery|ofb_placement|mode_transition,"The outlook described a complex convective scenario driven by multiple ongoing clusters, precipitation, and recovery boundaries in the ENH area.","The Upper Mississippi Valley severe risk was dominated by ongoing convective clusters, cloud cover, and differential recovery. The ENH area depended on destabilization west of earlier precipitation and renewed storms developing on effective boundaries. Damaging wind and large hail were the main hazards, with additional severe areas from New England to the Mid-South."
2016-07-25,ENH,qlcs_bowing_wind_tornado,likely,damaging wind|isolated hail,clusters|bowing segments|multicells,Finger Lakes storm outflow|Northeast/Mid-Atlantic instability corridor|midlevel flow over PA/NJ/NY,ofb_placement|storm_coverage_uncertain|mcs_timing,Ongoing clusters and their outflow helped focus new development within the upgraded Northeast/Mid-Atlantic wind corridor.,"The ENH upgrade across Pennsylvania, southeast New York, and New Jersey was for damaging wind from organized thunderstorms in a moderately to strongly unstable air mass. Ongoing storms near the Finger Lakes and development along their outflow were important to the corridor. Hail was secondary, and the main question was how concentrated the wind swath would become."
2016-07-28,ENH,mixed_discrete_to_qlcs_outbreak,core,large hail|damaging wind|isolated tornado,supercells|intensifying MCS|squall line,central High Plains boundary|ongoing southwest Nebraska MCS|Kansas instability corridor|Mid-Atlantic boundaries,mcs_timing|mode_transition|ofb_placement,The outlook and MDs emphasized ongoing MCS intensification and downstream instability as the severe risk evolved from supercells to a squall line.,Central High Plains storms initially posed large hail and a couple tornadoes from eastern Colorado into Kansas and northern Oklahoma. The key evolution was upscale growth into an MCS/squall line with damaging wind potential as it moved southeast into more unstable air. The day was a mixed discrete-to-linear High Plains severe episode.
2016-09-04,ENH,high_plains_upslope_supercells,likely,damaging wind|large hail|isolated tornado,discrete supercells|merging lines|clusters,central Rockies impulse|central/northern Plains lee/frontal boundary|South Dakota/Nebraska instability corridor,mode_transition|mcs_timing|storm_coverage_uncertain,"Initial supercells merged into lines and clusters, so storm-scale outflow became important to the evening wind threat.","An impulse from the central Rockies supported scattered severe storms over South Dakota and Nebraska. Initial discrete supercells posed hail, wind, and a tornado threat, but storms were expected to merge into lines and clusters with a more concentrated damaging-wind risk. The day was a High Plains to central Plains supercell-to-line transition."
2017-01-02,ENH,qlcs_bowing_wind_tornado,likely,damaging wind|tornadoes|large hail,bowing QLCS|embedded mesovortices|semi-discrete warm-sector storms,eastward-moving cold front|coastal warm front|pre-frontal confluence bands,prior_convection|instability_recovery|mode_transition|boundary_interaction,"An attendant MCS/QLCS and warm-frontal interactions strongly shaped the damaging-wind and tornado corridor, though synoptic forcing also remained important.","A compact southern-stream wave drove a Gulf Coast severe episode with an eastward-moving bowing line and discrete storms in the warm sector. The main corridor shifted from Louisiana and Mississippi toward Alabama, Georgia, and the Florida Panhandle as convection regulated the warm front and instability."
2017-01-21,MDT,mixed_discrete_to_qlcs_outbreak,likely,tornadoes|very large hail|damaging wind,supercells|line/cluster with embedded supercells|bowing segments,northward-moving warm front|outflow from morning convection|approaching cold front,prior_convection|ofb_placement|mode_transition|nocturnal_evolution,"MCS/mesolow and outflow from earlier convection were explicitly tied to later redevelopment, while synoptic fronts still provided the larger-scale focus.","This was the first major day of the late-January Southeast outbreak, with multiple rounds from Louisiana and Arkansas into Georgia and the Carolinas. Discrete supercells and larger clusters produced a full-spectrum severe threat, with the late-day and overnight risk focused near the warm front and recovering outflow zones."
2017-01-22,HIGH,high_end_tornado_outbreak,likely,strong tornadoes|damaging wind|large hail,discrete supercells|semi-discrete cells|broken line segments,warm front near south Georgia/north Florida|pre-frontal convergence|outflow/warm-frontal corridor,boundary_interaction|ofb_placement|mode_transition|instability_recovery,"The outbreak corridor was strongly modulated by warm-frontal and outflow-related boundaries, though the high-end risk was also supported by a powerful synoptic trough and jet response.","A HIGH risk was issued for a Southeast tornado outbreak centered on north Florida and south Georgia, later extending into the Carolinas and Florida Peninsula. The day featured tornadic supercells and broken lines within a strongly sheared warm sector, then a later southward shift as the main threat focused over Florida."
2017-02-07,ENH,qlcs_bowing_wind_tornado,likely,damaging wind|tornadoes|large hail,ongoing clusters|QLCS|embedded supercells,warm front lifting into MS/AL|cold front|southern flank of ongoing clusters,prior_convection|instability_recovery|mode_transition|storm_coverage_uncertain,"The severe corridor was tied to the southern flank of ongoing convection and MCS-related cloud canopies, with front/warm-front forcing sharing control.",Widespread convection across Louisiana and Mississippi constrained destabilization but still supported a corridor of severe storms along its southern edge. The dominant threat was damaging wind with a few tornadoes as clusters and a squall line advanced into the central Gulf Coast states.
2017-02-14,ENH,qlcs_bowing_wind_tornado,core,damaging wind|tornadoes|large hail,quasi-linear convective system|line segments|conditional overnight convection,organizing convective complex|surface low track|southeast Texas to western Louisiana corridor,mcs_timing|instability_recovery|storm_coverage_uncertain|nocturnal_evolution,"The Enhanced risk was centered on an ongoing and gradually organizing QLCS, with later severe potential dependent on its evolution and downstream recovery.","A morning QLCS crossed southeast Texas toward the Sabine River with damaging wind and a few tornadoes. SPC noted a relative lull after the initial system, then only conditional overnight severe potential across the central Gulf Coast."
2017-03-01,MDT,derecho_or_serial_mcs_wind,core,widespread damaging wind|tornadoes|hail,fast-moving squall line|bowing segments|embedded circulations,cold front|MCV within morning squall line|trailing convective outflow,mcv_track|instability_recovery|mcs_timing|mode_transition,The MDT wind corridor was tied to an ongoing squall line and associated MCV that drove the timing and placement of widespread damaging winds.,"The day began with a mature squall line and MCV over the Ohio and Tennessee Valleys, supporting a MDT for widespread wind damage. As the system moved east into the Appalachians and Mid-Atlantic, damaging wind remained dominant with embedded tornado potential and renewed storms farther south."
2017-03-09,ENH,forward_propagating_mcs_wind,core,damaging wind|large hail|isolated tornadoes,elevated storms|upscale-growing line|forward-propagating MCS,cold pool mergers|instability axis|cold front/dryline zone,mcs_timing|mode_transition|nocturnal_evolution|storm_coverage_uncertain,Cold-pool mergers and propagation into the instability axis were central to the evening wind transition and downstream risk.,Storms over the Ozark Plateau evolved from hail-producing convection into a line and MCS that moved toward the Tennessee Valley. The severe threat transitioned from large hail to damaging winds as cold pools merged and the system propagated southeastward.
2017-03-21,ENH,forward_propagating_mcs_wind,core,damaging wind|large hail|isolated tornadoes,forward-propagating MCS|clusters|bowing line,weak frontal boundary|progressive shortwave trough|instability gradient into the Tennessee Valley,mcs_timing|instability_recovery|boundary_interaction,The Enhanced corridor was explicitly tied to a forward-propagating MCS and its wind swath from Tennessee toward the southern Appalachians.,"A thunderstorm cluster over Tennessee intensified into a forward-propagating MCS, producing a concentrated severe-wind corridor into northern Alabama, Georgia, and the Carolinas. Hail accompanied the stronger storms, but wind damage was the signature hazard."
2017-03-29,ENH,mixed_discrete_to_qlcs_outbreak,likely,large hail|damaging wind|tornadoes,clusters|semi-discrete supercells|short bowing segments,slow-moving surface low|warm front/outflow-modified corridor|low-level jet,ofb_placement|boundary_interaction|mode_transition|nocturnal_evolution,"Outflow-modified boundaries and clustered convection were important to tornado and wind placement, although the synoptic low also anchored the event.",A slow-moving upper low and surface system produced multiple clusters from eastern Oklahoma and far east Texas into Missouri and the lower/middle Mississippi Valley. Tornado and damaging-wind threats were most focused where storms interacted with warm-frontal or outflow-modified zones.
2017-04-02,HIGH,mixed_discrete_to_qlcs_outbreak,likely,strong tornadoes|widespread damaging wind|large hail,discrete tornadic supercells|PDS tornado-watch storms|squall line with QLCS tornadoes,Sabine Valley to lower Mississippi Valley warm sector|squall line western edge|central Gulf Coast warm front,mode_transition|instability_recovery|ofb_placement|nocturnal_evolution,"A squall line and convective boundary evolution were central to timing and hazard type, but the HIGH risk also depended on strong synoptic forcing and warm-sector recovery.","A HIGH risk was introduced from east Texas into Louisiana and the lower Mississippi Valley for significant tornadoes, severe wind, and hail. Discrete storms in central Louisiana carried the strongest tornado threat before a squall line and nocturnal Gulf Coast severe-wind/tornado risk became dominant."
2017-04-03,ENH,qlcs_bowing_wind_tornado,core,damaging wind|tornadoes|hail,broken squall line|supercells ahead of line|embedded mesovortices,long-lived squall line|progressive MCS|destabilizing warm sector into Georgia/Carolinas,mcs_timing|instability_recovery|mode_transition,The ENH risk was directly tied to a progressive MCS/squall line and downstream destabilization along and ahead of its outflow.,"The previous day's system continued east with a long-lived squall line across Georgia, the Florida Panhandle, and the Carolinas. Damaging wind remained the main threat, with isolated tornadoes possible from embedded circulations and storms ahead of the line."
2017-04-21,ENH,mcv_mcs_outflow_reintensification,core,damaging wind|large hail|tornadoes,long-lived convective system|supercells|line segments,morning convective system/outflow|cold front|north Texas to Arkansas warm sector,prior_convection|ofb_placement|instability_recovery|mode_transition,A long-lived convective system and its outflow/effective boundary were central to both the morning wind threat and later redevelopment corridor.,"The day featured a morning damaging-wind MCS from Oklahoma into Arkansas, followed by later severe redevelopment from north-central Texas into Arkansas. Very large hail, damaging winds, and a few tornadoes were possible where the atmosphere recovered along the boundary network."
2017-04-26,MDT,mcv_mcs_outflow_reintensification,core,tornadoes|damaging wind|large hail,quasi-discrete supercells|anafrontal convection|squall line/bowing segments,surging outflow boundary|approaching cold front|Lower Mississippi Valley warm sector,ofb_placement|mode_transition|instability_recovery|storm_coverage_uncertain,"The 20Z outlook explicitly centered the update on a surging outflow boundary ahead of the cold front, making boundary placement central to mode and hazards.","A MDT was in place across the Lower Mississippi Valley for tornadoes, hail, and damaging winds from northeast Texas into Arkansas and northern Louisiana. Later updates emphasized the surging outflow boundary and anafrontal character, lowering confidence in discrete tornado coverage while maintaining a significant severe threat."
2017-04-29,ENH,mixed_discrete_to_qlcs_outbreak,likely,damaging wind|large hail|tornadoes,pre-frontal supercells|forced squall line|clusters,deepening southern Plains cyclone|frontal boundary|pre-frontal warm sector,prior_convection|mode_transition|instability_recovery|nocturnal_evolution,"Clusters and outflow-modified air shaped the severe corridor, while the deeper cyclone and frontal forcing controlled the larger evolution.","The risk continued across eastern Texas into the Ozarks and lower Mississippi Valley as a deep cyclone evolved over the southern Plains. Pre-frontal supercells carried a tornado risk, while a forced squall line supported damaging winds and hail."
2017-04-30,ENH,qlcs_bowing_wind_tornado,likely,damaging wind|tornadoes,linear broken cluster|embedded mesovortices|bowing segments,broken line over LA/MS|residual outflows|east/northeast-moving MCV,prior_convection|mcv_track|instability_recovery|mode_transition,"The outlook and MDs highlighted ongoing convection, residual outflows, and an MCV as major controls on destabilization and subsequent severe potential.","A broken line of storms that had produced pre-dawn tornadoes continued from Louisiana/Mississippi into Alabama and Tennessee. The threat was mainly damaging wind and a couple tornadoes from embedded mesovortices and bowing segments, with later recovery behind prior outflow uncertain."
2017-05-03,ENH,mcv_mcs_outflow_reintensification,core,damaging wind|large hail|tornadoes,large MCS|elevated storms north of outflow|embedded/southern-edge supercells,large MCS over LA/TX|outflow boundary|Gulf Coast warm sector,prior_convection|ofb_placement|instability_recovery|mode_transition,"The outlook explicitly reduced risk where a large MCS limited buoyancy, and MDs focused on severe potential relative to the outflow boundary.","A large MCS dominated the Gulf Coast severe setup, stabilizing parts of Louisiana while maintaining severe potential along and south of its outflow. Damaging winds, hail, and a couple tornadoes remained possible from east Texas across Louisiana and southern Mississippi."
2017-05-10,ENH,dryline_supercell_hail_tornado,likely,very large hail|damaging wind|tornadoes,discrete supercells|clusters|downstream bowing storms,trailing outflow boundary into west Texas|triple point near the Caprock|warm front into IA/IL/IN,ofb_placement|cap_conditional|mode_transition|boundary_interaction,"The southern Plains ENH was tied to a trailing outflow boundary from a weakening MCS, with initiation near a triple point and later upscale growth.","A weakening morning MCS left an outflow boundary from Kansas into west Texas, focusing later supercell development near the Caprock and northwest Texas. Very large hail was the strongest signal, with tornado potential where storms remained discrete and interacted with boundaries."
2017-05-15,ENH,forward_propagating_mcs_wind,core,damaging wind|large hail,small severe MCS|clusters|High Plains supercells,warm front from Iowa to Wisconsin|High Plains lee trough|cold pool/outflow from northern Iowa MCS,mcs_timing|boundary_interaction|storm_coverage_uncertain,"The main ENH corridor was explicitly tied to a severe MCS moving along a warm front, with cold-pool evolution governing wind potential.","A compact but severe MCS developed over northern Iowa and raced toward Wisconsin and northern Illinois, producing wind and hail along the warm front. Separate severe clusters occurred across the central and northern High Plains, making this a multi-region wind/hail day."
2017-05-17,ENH,qlcs_bowing_wind_tornado,likely,damaging wind|large hail|brief tornadoes,bowing thunderstorm band|squall line|embedded supercells,surface low over northern Iowa|upper Mississippi Valley warm sector|band of ascent ahead of upper trough,mode_transition|mcs_timing|boundary_interaction,"The event was centered on an organizing bowing band/squall line, though the larger forcing came from the surface low and upper trough.","Severe storms continued across the mid to upper Mississippi Valley as a negatively tilted trough and surface low moved northeast. Damaging wind became the primary hazard, especially across eastern Iowa into northwest Illinois and southwest Wisconsin, with hail and brief tornadoes also possible."
2017-05-24,ENH,southeast_multicell_or_clusters,likely,tornadoes|damaging wind|hail,clusters|semi-discrete storms|bands,southern Appalachians lee/convergence zone|Carolina Piedmont destabilization corridor|convectively stabilized outflow areas,prior_convection|instability_recovery|ofb_placement|boundary_interaction,Earlier convection stabilized parts of Georgia and Florida while the Carolina Piedmont risk depended on differential recovery and mesoscale boundaries.,"Severe storms developed from Florida into the Carolinas and Ohio Valley, with the highest tornado risk in the Carolina Piedmont. Earlier convection diminished the threat in some areas, leaving a focused corridor where heating, shear, and boundaries overlapped."
2017-05-25,ENH,high_plains_upslope_supercells,likely,damaging wind|large hail|brief tornado,supercells|linear cluster|southeast-propagating bowing structures,triple point in northeast Colorado|cold front across Nebraska/Colorado|dryline and convective inhibition gradient,cap_conditional|storm_coverage_uncertain|mode_transition|ofb_placement,"Merged cold pools and outflow from High Plains storms controlled the southeastward propagation and wind corridor, while the triple point focused initiation.","A one-outlook ENH focused on the central High Plains as a linear cluster formed near the northeast Colorado triple point. Very steep lapse rates and organized storm structures favored severe gusts, large hail, and a brief tornado before storms weakened eastward."
2017-05-27,MDT,derecho_or_serial_mcs_wind,core,widespread damaging wind|giant hail|tornadoes,multiple severe convective systems|forward-propagating MCS|discrete supercells near dryline,outflow boundary and stalled front|dryline near I-35|cold front into northeast Oklahoma,mcs_timing|ofb_placement|mode_transition|boundary_interaction,Multiple MCSs and an outflow/stalled-front corridor were central to the widespread severe-wind risk and later supercell focus.,"A MDT was maintained for widespread severe wind from the Ozarks toward the Tennessee Valley, while the Red River to Ozark corridor retained giant hail and tornado potential. Multiple severe convective systems and boundaries governed the day, with dryline supercells adding a separate high-end hail/tornado component."
2017-06-11,ENH,forward_propagating_mcs_wind,core,damaging wind|large hail,well-developed bowing MCS|clusters|isolated upslope storms,instability gradient across northern Wisconsin|warm front|upslope regime in CO/WY secondary area,mcs_timing|boundary_interaction|instability_recovery,The main ENH risk was an ongoing bowing MCS with a history of wind damage and severe gusts tracking along an instability gradient.,"A mature bowing MCS moved across northern Wisconsin into Upper Michigan with a substantial damaging-wind threat. Isolated severe storms were possible in upslope flow along the Front Range, but the Great Lakes MCS was the main event."
2017-06-13,ENH,multi_region_multi_mode,likely,damaging wind|large hail|tornadoes,evolving QLCS|supercell clusters|dryline supercells,Upper Midwest QLCS corridor|dryline from Nebraska to west Texas|warm front/low-level jet,mode_transition|mcs_timing|boundary_interaction|storm_coverage_uncertain,"An evolving QLCS was one of the two main severe regimes, while dryline supercells formed a separate but important southern/central Plains threat.","Two severe regimes emerged: an Upper Midwest QLCS and dryline supercells from Nebraska to west Texas. Damaging wind became more prominent with the QLCS, while very large hail and a few tornadoes remained possible with more discrete storms."
2017-06-15,MDT,derecho_or_serial_mcs_wind,core,widespread damaging wind|large hail,congealing MCS|bowing line|isolated severe storms,central Kansas into northern Oklahoma instability axis|congealing severe storms|cold-pool driven propagation,mcs_timing|mode_transition|boundary_interaction,"The MDT was explicitly for a congealing MCS with potentially destructive winds, making cold-pool/MCS evolution the central driver.","A MDT focused on central/southern/eastern Kansas into northern Oklahoma for widespread and potentially destructive wind. Severe storms congealed and accelerated east/southeast, with large hail also likely across a broader corridor."
2017-06-16,MDT,derecho_or_serial_mcs_wind,core,widespread damaging wind|large hail|tornadoes,merged supercells|bowing MCS|significant wind line,merged supercell cluster over Nebraska/Iowa|cold pool/outflow-driven acceleration|southeast Nebraska to northwest Missouri corridor,mcs_timing|mode_transition|ofb_placement,The late MDT was based on a robust cluster of merged supercells racing southeast with cold-pool driven wind potential.,"The day was upgraded late as a robust cluster of merged supercells crossed Nebraska and western Iowa. Widespread damaging wind became possible across southeast Nebraska, Iowa, northeast Kansas, and northwest Missouri, with large hail and embedded tornado potential."
2017-06-17,ENH,forward_propagating_mcs_wind,likely,damaging wind|large hail|isolated tornadoes,line segments|clusters|MCS/bowing structures,surface cold front from Wisconsin to Kansas|mid/upper shortwave trough|instability axis into southern Plains,mcs_timing|mode_transition|storm_coverage_uncertain,"MCS and bowing structures were key to the severe-wind risk, though storms were initiated and organized along the cold front.","Ongoing severe storms extended from the central/southern Plains to the middle Mississippi Valley and southern Lower Michigan. Large hail and damaging wind, some significant, were expected to continue along and ahead of the cold front into the night."
2017-06-25,ENH,high_plains_upslope_supercells,likely,damaging wind|large hail|isolated tornadoes,terrain-initiated supercells|linear MCS|southward-propagating squall line,eastern slopes of New Mexico terrain|northwest flow over southern High Plains|southward-moving squall line,mode_transition|mcs_timing|storm_coverage_uncertain,Upscale growth and cold-pool/line propagation became central to the downstream wind corridor after terrain-initiated storms formed.,Storms developed along the southern Rockies and moved into eastern New Mexico and west Texas. Initial hail and isolated tornado potential transitioned toward a damaging-wind threat as storms organized into a line.
2017-06-28,ENH,mixed_discrete_to_qlcs_outbreak,likely,damaging wind|large hail|tornadoes,clusters|supercells|line segments,ongoing clusters across IA/MO/WI/IL|shortwave trough into the Great Lakes|warm/moist corridor into northern Illinois and Wisconsin,mcs_timing|boundary_interaction|mode_transition,Ongoing clusters and their boundaries were central to the evening severe corridor from the middle Missouri Valley to the west shore of Lake Michigan.,"Clusters of severe storms continued from the middle Missouri Valley into Wisconsin and Illinois, with tornado watches needed in southern Wisconsin and northern Illinois. Large hail, damaging wind, and a few tornadoes were all possible where storms interacted with the richer moisture corridor."
2017-06-29,ENH,forward_propagating_mcs_wind,likely,damaging wind|large hail|isolated tornadoes,discrete supercells|organizing MCS|wind-driven band,ejecting shortwave trough over SD/NE|residual outflow boundary across IN/OH|Kansas to Missouri instability corridor,mcs_timing|mode_transition|nocturnal_evolution|boundary_interaction,Outflow boundaries and MCS upscale growth controlled the transition from hail/tornado-capable storms to a mostly wind-driven nocturnal threat.,"Several severe clusters formed from the central Plains into the Midwest. Initial discrete storms posed large hail and isolated tornado potential, then western Kansas storms organized into an MCS with a mainly wind-driven threat farther southeast."
2017-06-30,ENH,mcv_mcs_outflow_reintensification,core,damaging wind|large hail|brief tornado,initial supercells|organizing clusters|bowing MCS,primary outflow boundary along the Red River|secondary outflow boundary across Oklahoma|dissipating nocturnal MCS,prior_convection|ofb_placement|instability_recovery|mode_transition,The ENH upgrade and later watches were explicitly focused on recovery and storm initiation along multiple outflow boundaries left by an earlier MCS.,"A dissipating nocturnal MCS left outflow boundaries across Oklahoma and north Texas, where strong recovery supported new severe development. Initial discrete storms posed very large hail and a brief tornado risk before upscale growth increased damaging-wind potential."
2017-07-03,ENH,forward_propagating_mcs_wind,core,damaging wind|hail,evolving MCS|QLCS|separate clusters,shortwave trough across Kansas/eastern Texas Panhandle|northwest Oklahoma/eastern Texas Panhandle MCS|Red River instability corridor,mcs_timing|mode_transition|nocturnal_evolution,The day was centered on an evolving southern Plains MCS/QLCS and its cold-pool driven southeastward motion.,"A southern Plains thunderstorm complex developed ahead of a shortwave trough and moved southeast through Oklahoma toward north Texas and western Arkansas. Strong to severe wind gusts were the primary concern, with hail also possible in stronger cores."
2017-07-06,ENH,northwest_flow_mcs,likely,damaging wind|large hail,severe storm cluster|bowing line|downstream line segments,northwesterly flow into Wisconsin|western Lake Superior convective corridor|instability over the upper Great Lakes,mcs_timing|storm_coverage_uncertain|mode_transition,"A bowing line and cluster evolution governed the ENH corridor, though uncertainty remained over its downstream strength and coverage.","Severe storms spread across Wisconsin and the upper Great Lakes in strengthening northwesterly flow. Damaging winds and large hail were the main threats, with a bowing line near Door County maintaining at least localized downstream severe potential."
2017-07-07,ENH,forward_propagating_mcs_wind,likely,damaging wind|hail,clusters|squall lines|forward-propagating bands,Midwest to Ohio Valley instability gradient|weak outflow near upper Ohio River|southeast-moving squall lines,mcs_timing|ofb_placement|instability_recovery,"Weak outflow and multiple southeast-moving storm clusters shaped the wind corridors, although broader forcing came from the Midwest/OH Valley pattern.","Scattered swaths of damaging wind and hail occurred from the Midwest into the Ohio Valley. Multiple clusters and squall lines propagated southeast, with the greatest severe signal west of the Appalachians."
2017-07-09,ENH,elevated_nocturnal_hail_mcs,likely,large hail|damaging wind|isolated tornadoes,initial supercells|nocturnal cluster|bowing line remnants,warm-advection plume into the Upper Midwest|southern Minnesota instability corridor|nocturnal low-level jet,nocturnal_evolution|mcs_timing|mode_transition|storm_coverage_uncertain,"The risk involved nocturnal upscale growth from supercells into clusters/bowing segments, with MCS timing central to the wind threat.","The Enhanced risk centered on the Upper Midwest, where storms were expected to develop near southern Minnesota and evolve overnight. Initial supercells favored very large hail and a tornado or two, then the threat transitioned to damaging wind as storms clustered."
2017-07-19,ENH,derecho_or_serial_mcs_wind,core,damaging wind|large hail|isolated tornadoes,compact convective system|severe MCS|bowing bands,rapid east-southeast MCS across the Dakotas/Minnesota|warm front/instability gradient|secondary SD/NE storm corridor,mcs_timing|ofb_placement|mode_transition,Several compact MCS/bowing segments controlled the severe-wind swaths across the northern Plains and Upper Midwest.,"Several bands of damaging winds, large hail, and isolated tornadoes were expected from eastern South Dakota into Minnesota, Wisconsin, Iowa, and northern Illinois. The main uncertainty was timing and placement of the most intense MCS corridors."
2017-07-21,ENH,forward_propagating_mcs_wind,core,damaging wind|hail|isolated tornadoes,large cluster|bow echo|scattered severe storms,warm front from Iowa to Indiana|developing bow echo over north-central Minnesota|cold front across the Dakotas/Minnesota,mcs_timing|boundary_interaction|ofb_placement,A large storm cluster near the warm front and a developing bow echo over Minnesota made MCS/outflow evolution central to the ENH risk.,"A large cluster evolved from eastern Iowa into northern Illinois, southern Wisconsin, and Indiana near a warm front. Separate severe storms over the Dakotas/Minnesota included a developing bow echo, with damaging winds and hail the main hazards."
2017-08-10,ENH,forward_propagating_mcs_wind,likely,damaging wind|large hail,organized cluster|forward-propagating MCS|supercells merging into clusters,central High Plains stationary front|Front Range initiation zone|southeast Colorado to Kansas/Oklahoma corridor,mcs_timing|mode_transition|storm_coverage_uncertain,The ENH risk was for storms merging into a forward-propagating MCS and producing a swath of damaging winds.,"An organizing cluster across the central High Plains was expected to evolve into a forward-propagating MCS. Damaging wind was the main hazard, with large hail possible during the earlier supercell/cluster phase."
2017-08-22,ENH,qlcs_bowing_wind_tornado,likely,damaging wind|tornadoes,bands of strong/severe convection|QLCS segments|embedded rotating storms,amplifying Great Lakes/Quebec shortwave|pre-frontal bands|pre-frontal outflow near I-40 secondary corridor,mcs_timing|boundary_interaction|mode_transition,Pre-frontal outflow and organized convective bands shaped both the main Ohio Valley to New England wind swaths and secondary southern corridor.,"Scattered to numerous swaths of damaging wind were expected from the Ohio Valley to New England, with tornado potential especially from northern Pennsylvania to northern New England. Bands of convection organized ahead of a strong shortwave and tracked east-northeast through evening."
2017-09-19,ENH,mixed_discrete_to_qlcs_outbreak,likely,damaging wind|tornadoes|large hail,pre-frontal line|supercells|embedded circulations,pre-frontal line in eastern South Dakota|recent outflow boundary|western Minnesota instability corridor,boundary_interaction|mode_transition|ofb_placement,"The northern part of the severe line intersected a recent outflow boundary, making boundary interaction important to tornado and wind potential.","A significant severe-storm corridor developed across the eastern Dakotas into western Minnesota. A pre-frontal line intersected a recent outflow boundary, supporting damaging winds, tornadoes, and large hail before weakening farther east."
2018-04-15,ENH,qlcs_bowing_wind_tornado,core,damaging wind|tornadoes,QLCS|embedded supercells|line-embedded circulations,ongoing convective line|warm-sector instability axis|coastal/frontogenetic zone,instability_recovery|mcs_timing|mode_transition|nocturnal_evolution,"The ENH risk was centered on an ongoing line/MCS whose structure, timing, and embedded circulations governed the damaging-wind and tornado threat.","An organized line of storms advanced from the Southeast into the Mid-Atlantic, with damaging winds and tornadoes focused from the Carolinas into Virginia. MDs repeatedly tracked the line and downstream tornado-watch needs as the corridor shifted northeast. This was a classic cool-season QLCS tornado/wind day, strongly dependent on the convective line maintaining organization."
2018-05-02,MDT,mixed_discrete_to_qlcs_outbreak,likely,damaging wind|tornadoes|very large hail,discrete supercells|tornadic supercells|convective complexes|QLCS,dryline|cold front|outflow-reinforced convective line|surface low/trough,mode_transition|prior_convection|ofb_placement|nocturnal_evolution|mcs_timing,"Dryline/frontal forcing began the event, but storm complexes, outflow, and line mergers became important to the wind and embedded-tornado corridors.","The event spanned the southern Plains into the Midwest with dryline supercells and later severe convective complexes. Very large hail and tornadoes were emphasized in western/central Oklahoma and north Texas, while damaging wind and embedded tornadoes became important from Missouri toward Illinois. The day transitioned from a higher-end discrete setup into a nocturnal multi-line/MCS regime."
2018-05-12,ENH,forward_propagating_mcs_wind,likely,damaging wind|hail,organized clusters|bowing line segments|forward-propagating MCS,east-southeast-moving convective corridor|baroclinic zone|storm-scale cold pool,mcs_timing|mode_transition|instability_recovery,"The ENH risk was tied to organized storms moving east-southeast, with cold-pool propagation and storm clusters shaping the damaging-wind corridor.","A damaging-wind-focused severe event evolved from the Upper Ohio Valley toward the Mid-Atlantic Coast. MDs tracked severe storms moving east-southeast into Pennsylvania, Maryland, and the Delmarva, with hail a secondary hazard. The event fits a forward-propagating cluster/MCS regime rather than a discrete supercell day."
2018-05-14,ENH,derecho_or_serial_mcs_wind,core,widespread damaging wind|large hail|isolated tornadoes,severe squall line|intense thunderstorm cluster|supercells|multicell clusters,long-lived convective line|effective boundary|dryline in the Plains|stationary front,mcs_timing|boundary_interaction|mode_transition|storm_coverage_uncertain,"A long-lived line/cluster and its cold pool were central to the ENH damaging-wind swath, with additional boundaries supporting secondary Plains storms.","The dominant event was a line of severe storms producing a swath of damaging winds across the Appalachians and lower Mid-Atlantic. Additional severe storms developed from the southern Plains to the lower Missouri Valley, adding a multi-region component. MDs emphasized potentially widespread wind with the eastern line and a long-lived intense cluster in Kansas."
2018-05-15,MDT,derecho_or_serial_mcs_wind,core,widespread damaging wind|tornadoes|large hail,small MCS|bowing line|QLCS|embedded supercells,eastward-moving convective system|cold front|pre-frontal trough|warm-sector instability gradient,mcs_timing|mode_transition|instability_recovery,The Moderate Risk centered on an organized wind-producing MCS/line whose evolution and cold pool controlled the primary hazard corridor.,"A Moderate Risk damaging-wind event unfolded across the Northeast, with a couple of tornadoes and isolated large hail also possible. MDs described a severe wind/hail MCS moving into Pennsylvania and New York before weakening downstream. The day was strongly linear and cold-pool driven, with tornadoes mainly embedded or line-associated."
2018-05-30,ENH,forward_propagating_mcs_wind,core,damaging wind|large hail,supercell clusters|upscale-growing MCS|bowing line segments,Panhandle dryline/convergence zone|outflow-driven cold pool|southern Kansas/northern Oklahoma instability axis,mcs_timing|nocturnal_evolution|mode_transition|storm_coverage_uncertain,An upscale-growing thunderstorm cluster and its cold pool were central to the overnight damaging-wind corridor across Oklahoma and southern Kansas.,"The Enhanced Risk focused on an evening and overnight MCS evolving from the High Plains into Oklahoma and southern Kansas. Initial storms produced hail, but MDs increasingly emphasized upscale growth and concentrated severe wind. The strongest signal became a nocturnal corridor of severe gusts near northern Oklahoma and southern Kansas."
2018-05-31,ENH,multi_region_multi_mode,likely,damaging wind|large hail|isolated tornadoes,clusters|supercells|MCS segments|squall lines,cold front|storm/boundary mergers|outflow-modulated Missouri/Arkansas corridor|northern High Plains front,boundary_interaction|mcs_timing|mode_transition|storm_coverage_uncertain,"Several MDs emphasized storm/boundary mergers and MCS segments, making mesoscale convective boundaries important even with synoptic fronts also active.","Severe storms were spread across the Ozarks/lower Ohio and Tennessee Valleys as well as the northern High Plains and Rockies. The primary hazards were hail and damaging wind, but a tornado threat developed in parts of the Midwest/Plains where supercells interacted with boundaries. This was a broad multi-mode day with several convective clusters rather than one dominant corridor."
2018-06-01,MDT,forward_propagating_mcs_wind,likely,damaging wind|large hail|tornadoes,supercells|clusters|upscale-growing line|MCS,northern Plains front|dryline/lee trough|outflow-enhanced boundary|low-level jet,mode_transition|mcs_timing|boundary_interaction|nocturnal_evolution,"The event included supercell initiation, but upscale growth and outflow-modulated storm organization were important to the MDT wind corridor.","A Moderate Risk covered parts of the northern and central Plains where severe storms were expected to produce damaging wind, large hail, and a few tornadoes. Initial supercells gave way to clustered and linear convection, with late-evening wind/hail emphasized across Nebraska. Other isolated severe storms persisted into west Texas."
2018-06-02,ENH,forward_propagating_mcs_wind,core,damaging wind|hail,organized clusters|forward-propagating MCS|multicells|line segments,Ozark/Mississippi Valley instability axis|outflow/cold pool from storm clusters|weak frontal boundary,mcs_timing|boundary_interaction|instability_recovery,The main severe corridor was controlled by organized thunderstorm clusters and their outflow/cold pools moving southeast across the Ozarks and lower Mississippi Valley.,"Severe storms developed across the Ozark Plateau and middle to lower Mississippi Valley, with wind damage and hail the primary threats. MDs tracked strong to severe storms moving southeast through Missouri, Arkansas, and Mississippi, including a long-lived cluster with damaging-wind history. The event was principally an MCS/cluster wind day."
2018-06-05,ENH,forward_propagating_mcs_wind,likely,damaging wind|large hail,supercells|clusters|overnight MCS,northern Plains front|outflow-reinforced boundary|low-level jet,mcs_timing|nocturnal_evolution|mode_transition|storm_coverage_uncertain,"Supercells were expected initially, but the overnight severe threat depended on upscale growth and an MCS moving through the northern Plains.","The Enhanced Risk focused on the northern Plains, where afternoon/evening storms were forecast to produce large hail and wind damage. MDs anticipated supercell development across North Dakota followed by clustering and a damaging wind/hail threat into South Dakota and Minnesota. The event became increasingly nocturnal and MCS-oriented."
2018-06-08,ENH,mcv_mcs_outflow_reintensification,core,damaging wind|large hail,outflow-boundary storms|clusters|MCS|line segments,remnant outflow boundary|central South Dakota to Nebraska instability corridor|storm-scale cold pool,ofb_placement|mcs_timing|boundary_interaction|storm_coverage_uncertain,"MDs explicitly tied severe storms to a remnant outflow boundary, and the evening wind/hail corridor was governed by cluster/MCS evolution.","The primary severe corridor extended from central South Dakota into Nebraska, where storms produced wind and hail through the evening. The setup was strongly mesoscale, with storms firing along a remnant outflow boundary and then evolving into a convective system. Outflow placement and MCS timing were central to the ENH outcome."
2018-06-09,ENH,mixed_discrete_to_qlcs_outbreak,likely,damaging wind|large hail|tornadoes,supercells|clusters|MCS|line segments,frontal zone|outflow-modulated Midwest boundary|Montana surface trough,boundary_interaction|mode_transition|mcs_timing|storm_coverage_uncertain,"The severe risk included supercells along boundaries and later cluster/line evolution, with outflow/MCS modulation evident in the Midwest corridor.","Severe storms affected the middle Mississippi and lower Missouri Valley, with an additional northern High Plains threat. MDs highlighted all-hazards supercells in southern Minnesota/northeast Iowa, followed by severe potential spreading southeast and clusters continuing into the evening. The day was mixed mode, with tornado risk localized but wind and hail more widespread."
2018-06-14,MDT,classic_discrete_tornadic_supercells,likely,very large hail|tornadoes|damaging wind,supercells|cluster supercells|MCS|elevated overnight storms,northern North Dakota front|surface low/trough|outflow from morning MCS|international-border instability axis,boundary_interaction|mode_transition|mcs_timing|nocturnal_evolution,"An ongoing MCS and outflow were part of the broader regime, while the highest-end threat developed with supercells near the northern North Dakota boundary.","The day carried a Moderate Risk for northern North Dakota, where supercells near the Canadian border could produce tornadoes, very large hail, and damaging wind. Morning MCS activity and later elevated convection complicated the broader northern Plains risk. The late outlook downgraded the category but retained very large hail and tornado potential near the border."
2018-06-16,ENH,mixed_discrete_to_qlcs_outbreak,likely,large hail|tornadoes|damaging wind,supercells|clusters|numerous thunderstorm clusters|MCS,south-central South Dakota to Minnesota boundary|warm frontal zone|residual outflow|low-level jet,ofb_placement|mode_transition|mcs_timing|storm_coverage_uncertain,"Residual convection and clusters shaped the corridor, while supercells along the boundary produced the primary hail/tornado risk.","Severe storms developed along a corridor from south-central South Dakota into Minnesota and western Wisconsin. Large hail and a few tornadoes were the primary ENH hazards, with damaging wind increasing as storm clusters grew. The evening was mixed mode, including supercells and numerous clusters within the watch areas."
2018-06-22,ENH,forward_propagating_mcs_wind,core,damaging wind|large hail,linear MCS|squall line|bowing segments|clusters,central/southern Plains frontal zone|MCS cold pool|outflow boundary|instability gradient into Oklahoma/Arkansas,mcs_timing|nocturnal_evolution|ofb_placement|mode_transition,The ENH wind risk became centered on a linear MCS and its cold pool moving east-southeast across Oklahoma and adjacent areas.,"Scattered severe storms evolved into a damaging-wind MCS across the central and southern Plains. MDs repeatedly described a linear MCS or squall line moving east-southeast across Oklahoma toward western Arkansas. Large hail accompanied the strongest storms, but damaging wind became the dominant overnight hazard."
2018-06-23,ENH,forward_propagating_mcs_wind,core,damaging wind|large hail|isolated tornadoes,supercell clusters|forward-propagating MCS|line segments|overnight elevated storms,Colorado/Kansas outflow-fed cluster|central and southern Plains instability axis|remnant Arkansas/Mississippi MCS,mcs_timing|ofb_placement|nocturnal_evolution|storm_coverage_uncertain,Outflow-driven clustering and forward-propagating MCS evolution were central to the Plains ENH risk and downstream overnight threat.,"The main severe risk persisted across the central and southern Plains, while a separate remnant cluster affected Arkansas and the Tennessee Valley. High Plains storms were expected to grow upscale into a forward-propagating MCS, with damaging wind and large hail spreading southeast. Overnight, additional hail-producing storms continued into Oklahoma and Arkansas."
2018-06-24,ENH,high_plains_upslope_supercells,likely,damaging wind|large hail|tornadoes,supercells|clusters|MCS|line segments,southeast Colorado upslope boundary|Texas Panhandle dryline|ongoing Oklahoma thunderstorm complex|outflow boundary,boundary_interaction|ofb_placement|mode_transition|mcs_timing,"High Plains forcing initiated the main risk, while ongoing complexes and outflow boundaries also influenced severe wind potential across Oklahoma and Arkansas.","The Enhanced Risk extended from southeast Colorado into the Texas Panhandle and western Oklahoma, with damaging wind, large hail, and a couple tornadoes possible. MDs also monitored an ongoing Oklahoma complex and outflow boundaries farther east. The day combined High Plains supercell initiation with MCS/outflow-modulated severe wind corridors."
2018-06-26,ENH,forward_propagating_mcs_wind,core,damaging wind|large hail|isolated tornadoes,line of storms|clusters|forward-propagating convective complex|embedded supercells,cold front|surface trough|warm front|surging outflow,ofb_placement|mode_transition|mcs_timing|boundary_interaction,MDs explicitly described storms forming along surging outflow and growing upscale into a forward-propagating convective complex.,"The primary ENH corridor ran from eastern Kansas into Missouri, with additional severe storms in Kentucky and the Dakotas. Storms developed along a cold front, surface trough, and surging outflow, then grew upscale with damaging wind becoming the main hazard. A warm-frontal tornado threat also existed farther northeast, but wind/hail from clusters dominated the day."
2018-06-28,MDT,derecho_or_serial_mcs_wind,core,widespread damaging wind|very large hail|tornadoes,discrete supercells|maturing convective line|well-organized bow echo|fast squall line,eastern Montana into North Dakota instability corridor|MCS cold pool|surface trough/front|outflow-reinforced boundary,mcs_timing|mode_transition|ofb_placement|nocturnal_evolution,The Moderate Risk was centered on an organized bowing MCS and its cold pool producing a swath of severe wind across the northern Plains.,"A higher-end northern Plains wind event developed from eastern Montana into North Dakota and northwest Minnesota. Supercells initially posed very large hail and tornado threats before organizing into a fast-moving bow echo and squall line. The dominant hazard became a swath of severe/damaging winds, with the MCS continuing into the overnight."
2018-06-30,ENH,multi_region_multi_mode,likely,damaging wind|large hail|brief tornadoes,supercells|linear complex|MCS|clusters,effective boundary|outflow boundaries|central Plains front|Upper Great Lakes frontal zone,boundary_interaction|mcs_timing|mode_transition|storm_coverage_uncertain,"Multiple rounds and linear complexes were tied to effective/outflow boundaries, though several synoptic frontal zones also contributed.","Severe storms occurred from the central Great Plains to the Upper Great Lakes and parts of northern New England. The main hazards were damaging wind and hail, with several MCS/linear-complex corridors and a few embedded tornado possibilities. The day was boundary-rich and multi-regional, with repeated rounds rather than a single clean corridor."
2018-07-18,ENH,mixed_discrete_to_qlcs_outbreak,likely,damaging wind|large hail|tornadoes,supercells|cluster of storms|southeast-moving MCS|line segments,Nebraska/South Dakota instability corridor|outflow-influenced boundary|lee trough,mode_transition|mcs_timing|ofb_placement|storm_coverage_uncertain,The event began with supercell potential but quickly depended on a southeast-moving cluster/MCS and associated outflow for the wind/hail threat.,"Severe storms formed across Nebraska and southern South Dakota with hail, wind, and a tornado or two possible. As the evening progressed, a cluster moved southeast into southeast Nebraska and northeast Kansas, keeping severe wind and hail going. The day was a mixed supercell-to-MCS evolution."
2018-07-19,ENH,multi_region_multi_mode,likely,damaging wind|tornadoes|large hail,tornadic supercells|bowing cluster|MCS|clusters,surface warm front in Iowa|bowing thunderstorm cluster|outflow-reinforced Kansas/Missouri corridor|Arkansas instability axis,boundary_interaction|mode_transition|mcs_timing|ofb_placement,"The day included warm-front supercells, bowing clusters, and MCS evolution, making mesoscale convective boundaries important to several hazard corridors.","Severe weather occurred in several corridors, including damaging winds near northeast Kansas/northwest Missouri, tornadic supercells in Iowa, and later severe clusters from Arkansas toward the Mississippi Valley. The Iowa tornadoes were tied to supercells near a warm front, while other areas were more MCS/wind driven. This was a messy multi-region day with both supercell and bowing-cluster hazards."
2018-07-20,MDT,mixed_discrete_to_qlcs_outbreak,likely,damaging wind|large hail|tornadoes,discrete supercells|supercell clusters|QLCS|multiple convective corridors,cold front|outflow-modulated warm sector|Tennessee Valley instability corridor|Plains lee trough,boundary_interaction|mode_transition|mcs_timing|storm_coverage_uncertain,"The Moderate Risk included multiple convective corridors where outflow and ongoing clusters influenced storm mode, though frontal forcing remained important.","A broad Moderate Risk day shifted toward the Tennessee Valley and Mid-South by evening, with damaging gusts, large hail, and a few tornadoes remaining possible. Earlier, several regions supported severe storms, including supercells with very large hail and tornado potential. The day was highly mixed-mode, with discrete storms, clusters, and line segments all contributing."
2018-07-27,MDT,forward_propagating_mcs_wind,core,significant damaging wind|large hail|brief tornadoes,supercells|clusters|forward-propagating MCS|bowing line segments,southeast Colorado to southwest Kansas boundary|effective boundary|outflow-reinforced cold pool|High Plains instability gradient,mcs_timing|ofb_placement|mode_transition|storm_coverage_uncertain,The severe-wind corridor was tied to storms building south and east into a forward-propagating MCS with strong outflow/cold-pool control.,"The day was upgraded to Moderate Risk earlier for a potentially significant wind event from southeast Colorado and southwest Kansas toward the Oklahoma and Texas Panhandles. Initial High Plains storms transitioned into a damaging-wind-focused cluster/MCS, with hail and a couple tornadoes possible early. The 0100Z outlook downgraded to ENH while retaining significant wind wording."
2018-07-28,ENH,high_plains_upslope_supercells,likely,damaging wind|large hail|tornadoes,supercells|clusters|loosely organized complex|line segments,central/southern Rockies lee trough|High Plains upslope flow|outflow boundary|weak cold front,mode_transition|mcs_timing|ofb_placement|storm_coverage_uncertain,"High Plains initiation was primary, but outflow and loosely organized complexes affected storm organization and the wind/hail corridor.","Severe storms developed from the lee of the central and southern Rockies into the central Great Plains. Initial supercells produced large hail, damaging winds, and a tornado or two before storms became more clustered. By late evening, a loosely organized complex spread southeast with wind gusts near severe limits."
2018-07-29,ENH,dryline_supercell_hail_tornado,likely,giant hail|damaging wind|tornadoes,hail-prolific supercells|leading supercell cluster|linear segments|squall line,central High Plains boundary|southward-moving outflow|southern Plains instability axis|lee trough,mode_transition|ofb_placement|mcs_timing|storm_coverage_uncertain,"Outflow and southward-moving clusters became important after initial supercells, but the most intense early hazard was supercell giant hail.","The day featured hail-prolific supercells over the central High Plains, with giant hail and tornado risk early. Severe potential expanded southeast into southwest Kansas and eventually the Texas/Oklahoma Panhandles and Oklahoma as clusters and linear segments moved southward. Wind became more important overnight as storms organized into a squall line."
2018-08-28,ENH,qlcs_bowing_wind_tornado,likely,damaging wind|hail|brief tornadoes,line of storms|QLCS|embedded circulations|clusters,northern Missouri to Lower Michigan frontal corridor|outflow-reinforced line|southern Iowa/northern Missouri instability axis,mode_transition|mcs_timing|boundary_interaction,"Outflow-reinforced linear convection shaped the main wind corridor, although the broader forcing was frontal.","A corridor of strong to severe thunderstorms extended from northern Missouri into Lower Michigan. Damaging wind and hail were the primary hazards, with embedded tornado potential noted in Iowa and within the line. The main storm mode was linear, with downstream watch decisions tied to whether the line maintained intensity."
2018-12-20,ENH,ofb_differential_heating_supercells,core,damaging wind|tornadoes,supercells|clusters|line segments|coastal convection,Florida outflow boundary|pre-frontal warm sector|coastal Carolina instability corridor|differential heating zone,ofb_placement|instability_recovery|boundary_interaction|storm_coverage_uncertain,"MD 1717 explicitly focused the Florida severe/supercell threat along an outflow boundary, making OFB placement central to the ENH risk.","Severe storms were expected across the Florida Peninsula and later eastern Carolinas, with damaging wind and tornadoes the main hazards. The Florida risk was strongly tied to an outflow boundary where supercells could remain focused. The Carolinas threat was later and more coastal, with near-surface stability limiting tornado potential in some areas."
2019-03-13,ENH,qlcs_bowing_wind_tornado,likely,damaging wind|brief tornadoes|hail,weakening MCS|intensifying squall line|embedded circulations,remnant convective circulation|cold front|gust front,prior_convection|instability_recovery|nocturnal_evolution,A remnant MCS/gust-front structure was repeatedly referenced as part of the convective evolution and severe-line redevelopment.,The day was dominated by remnants of an overnight linear MCS and later renewed line development from Texas and the Arklatex toward the lower Mississippi Valley. Severe potential was mainly damaging wind with embedded tornado potential where recovery and low-level shear overlapped.
2019-04-06,ENH,mcv_mcs_outflow_reintensification,core,damaging wind|large hail|tornadoes,MCS|embedded supercells|clusters,ongoing convection|convective outflow|warm-sector boundaries,prior_convection|ofb_placement|storm_coverage_uncertain,The Day 1 discussion described a very complex scenario controlled by widespread morning convection and subsequent redevelopment along its boundaries.,"Central and east Texas into the Ark-La-Miss saw a messy severe setup with widespread convection already underway. The packet points to low confidence in any single scenario, but organized storms and embedded supercells supported all severe hazards."
2019-04-07,ENH,forward_propagating_mcs_wind,core,damaging wind|hail|tornadoes,linear MCS|bowing segments|warm-sector cells,linear MCS cold pool|outflow/gust front|warm-sector instability,mcs_timing|instability_recovery|mode_transition,The Enhanced risk was explicitly maintained ahead of an organized linear MCS and its outflow-driven wind and tornado threat.,"A large linear MCS tracked from southeast Texas into Louisiana and the Tennessee Valley. Damaging wind was the lead hazard, with a couple tornadoes possible along and just ahead of the convective line."
2019-04-08,ENH,mcv_mcs_outflow_reintensification,core,damaging wind|hail,re-intensifying squall line|clusters,long-lived MCS remnants|Appalachian lee trough|destabilizing warm sector,prior_convection|instability_recovery|mcs_timing,The outlook tied the risk to a long-lived MCS weakening over Tennessee and re-intensifying after crossing the Appalachians.,"A prior MCS was expected to cross the Appalachians and renew over southern Virginia and northern North Carolina. The main risk was damaging wind from an organized squall line, with hail and a brief tornado remaining secondary."
2019-04-18,ENH,mcv_mcs_outflow_reintensification,core,damaging wind|tornadoes,organized line|embedded supercells|MCV convection,remnant MCV|line of storms|warm advection corridor,mcv_track|prior_convection|mode_transition,The late outlook explicitly cited a remnant mesoscale convective vortex as central to the evening severe-wind and tornado corridor.,"Lower Mississippi Valley convection became organized into a line with MCV assistance and moved into Alabama, Georgia, and the Florida Panhandle. The dominant risk was damaging wind with several tornadoes possible, including a few significant earlier in the day."
2019-04-30,MDT,mixed_discrete_to_qlcs_outbreak,likely,tornadoes|large hail|damaging wind,discrete supercells|QLCS|storm clusters,warm front|dryline/front intersection|outflow-influenced boundary,ofb_placement|cap_conditional|mode_transition,"The MDT upgrade focused on a boundary-rich, uncapped environment in Oklahoma, with outflow and warm-front placement affecting tornado potential.","A corridor from the southern Plains toward the mid Mississippi Valley supported tornadoes, large hail, and damaging wind. Oklahoma and north Texas had the main tornadic supercell concern before storms evolved into linear segments farther east."
2019-05-01,ENH,elevated_nocturnal_hail_mcs,likely,damaging wind|hail|brief tornadoes,MCS|elevated storms|isolated supercells,dryline|outflow-modified frontal zone|low-level jet,prior_convection|nocturnal_evolution|mode_transition,The risk persisted with convective complexes and outflow-modified boundaries from north Texas into southern Oklahoma.,"North Texas and southern Oklahoma remained the focus for severe storms after the prior day's activity. The primary threat was wind and hail from ongoing storms and nocturnal redevelopment, with a brief tornado possible in stronger cells."
2019-05-06,ENH,forward_propagating_mcs_wind,core,large hail|damaging wind|isolated tornado,arcing MCS|clusters|embedded supercells,effective boundary|outflow-driven MCS|low-level warm advection,mcs_timing|ofb_placement|nocturnal_evolution,MDs described an arcing MCS and cold-pool surge as central to the late severe wind and hail threat.,"Severe storms developed from the Texas Panhandle and southeast Colorado into Kansas and western Missouri. The event became increasingly MCS-driven, with large hail early and a mixed wind/hail threat overnight."
2019-05-07,MDT,dryline_supercell_hail_tornado,likely,strong tornadoes|very large hail|damaging wind,supercells|organized clusters|MCS,dryline|outflow boundaries|surface low,cap_conditional|mode_transition|prior_convection,"Outflow and upscale growth affected storm mode, but the MDT risk was rooted in dryline and warm-sector supercell potential.","The Texas Panhandle and South Plains into western Oklahoma had a higher-end supercell environment with strong tornadoes and very large hail possible. Convective evolution became messy overnight as clusters and MCS segments expanded, maintaining wind and hail risks."
2019-05-08,ENH,qlcs_bowing_wind_tornado,likely,damaging wind|tornadoes|hail,squall line|embedded circulations|conditional supercells,squall line|warm front|outflow-modified warm sector,mode_transition|boundary_interaction|instability_recovery,"The primary risk followed an organized line and its convective boundaries, while a separate warm-front supercell threat was conditional.",Central/east Texas into Louisiana and Arkansas had a damaging-wind and tornado threat tied to a line of storms with embedded rotation. A more conditional warm-front risk extended into Iowa and Illinois where initiation and destabilization were uncertain.
2019-05-18,ENH,mcv_mcs_outflow_reintensification,core,damaging wind|tornadoes|large hail,linear MCS|embedded supercells|clusters,linear MCS|lead shortwave trough|outflow/warm-sector boundaries,prior_convection|mcs_timing|mode_transition,The outlook and MDs centered on an ongoing linear MCS and downstream severe redevelopment across the Arklatex and lower Mississippi Valley.,"A linear MCS from east Texas into the lower Mississippi Valley drove the main severe corridor. Embedded stronger cells and downstream destabilization kept wind, tornado, and hail potential alive while northern Oklahoma and southern Kansas had another severe area."
2019-05-20,HIGH,high_end_tornado_outbreak,likely,violent tornadoes|giant hail|damaging wind,discrete supercells|semi-discrete supercells|bowing segments late,dryline|warm front|outflow boundary,ofb_placement|mode_transition|cap_conditional,"Outflow and warm-front placement modulated the tornado corridor, but the High risk was anchored by the dryline/warm-sector outbreak environment.","A rare southern Plains parameter space supported a forecast tornado outbreak from northwest Texas into western and central Oklahoma. The day began with expectations for long-track violent tornadoes and giant hail, but later outflow undercutting and storm interactions reduced parts of the open warm-sector tornado threat while keeping significant tornado potential near favored boundaries."
2019-05-21,ENH,qlcs_bowing_wind_tornado,likely,damaging wind|tornadoes|large hail,squall line|embedded supercells|bowing segments,pre-frontal squall line|warm front|outflow-modified boundary,prior_convection|instability_recovery|mode_transition,"The severe risk followed a convectively modified squall line, with embedded tornado potential affected by destabilization and boundary interactions.","A squall line moved from Oklahoma and Arkansas toward Missouri and Illinois with rejuvenation expected as instability recovered. Embedded circulations and line breaks supported tornadoes, including a significant tornado threat near the St. Louis area, while damaging wind remained common."
2019-05-23,MDT,multi_region_multi_mode,likely,large hail|damaging wind|tornadoes,supercells|organizing MCS|bowing line,central Plains warm front|southern High Plains dryline|low-level jet,mode_transition|nocturnal_evolution|mcs_timing,Upscale growth and prior/ongoing storms helped define the late-night wind corridor while synoptic boundaries also remained important.,"Severe storms extended from the central Plains into the southern High Plains, with ongoing supercells producing hail and tornadoes. A strengthening low-level jet supported organization into convective systems overnight, increasing the damaging-wind risk into Iowa and Missouri."
2019-05-24,ENH,forward_propagating_mcs_wind,core,damaging wind|brief tornadoes|hail,MCS|mature storms|supercell structures,convective outflow|low-level jet|return-flow moisture plume,mcs_timing|ofb_placement|nocturnal_evolution,The late outlook specifically centered severe risk along the leading edge of conglomerate convective outflow and upscale-growing convection.,"The day was another nocturnal convective-system episode from the south-central Plains into the lower Missouri Valley and Upper Midwest. Wind gusts and brief tornadoes were tied to mature storms and outflow-driven leading edges, with hail continuing in stronger supercell structures."
2019-05-25,ENH,forward_propagating_mcs_wind,core,damaging wind|hail|brief tornadoes,MCS|squall line|dryline storms,convective outflow|dryline|low-level jet,mcs_timing|ofb_placement|mode_transition,The enhanced corridor followed an outflow-driven leading edge of upscale-growing convection across Oklahoma and Kansas.,The southern and central Plains into the middle Mississippi Valley saw severe storms along dryline and outflow boundaries. The most organized threat became a squall line with damaging winds and mesovortices from Oklahoma into Arkansas and Missouri.
2019-05-26,MDT,derecho_or_serial_mcs_wind,core,significant wind|large hail|tornadoes,supercells|large-scale bow|forward-propagating MCS,central High Plains upslope flow|MCS cold pool|lee trough,mcs_timing|mode_transition|nocturnal_evolution,The event's higher-end hazard was a mature bowing MCS with measured 70-85 mph gusts and wind-damage swaths.,Severe storms initiated across the central High Plains with tornado and hail potential before growing into a damaging wind-producing MCS. The late-night bowing system across Kansas and Missouri drove the Moderate risk with significant wind damage potential.
2019-05-27,ENH,multi_region_multi_mode,likely,tornadoes|large hail|damaging wind,supercells|MCS|clusters,warm front|post-frontal instability plume|High Plains upslope,mode_transition|mcs_timing|boundary_interaction,"MCS evolution and outflow affected later Plains/Missouri Valley hazards, while warm-front and upslope boundaries also drove initiation.",Severe risk spanned Indiana and the Ohio Valley plus the central High Plains into the mid Missouri Valley. Tornadic supercells occurred in the Midwest while High Plains storms later spread east with hail and wind potential overnight.
2019-05-28,MDT,multi_region_multi_mode,likely,large hail|damaging wind|tornadoes,supercells|MCS|bowing segments,dryline|cold front|convective boundaries,prior_convection|mode_transition|storm_coverage_uncertain,"Convective overturning and MCS remnants influenced several corridors, though dryline and frontal forcing also remained prominent.","The central and southern Plains into the Midwest saw multiple rounds of severe storms. Oklahoma and north Texas had supercell and dryline potential, while the Ohio Valley and Pennsylvania/New Jersey corridor added separate wind, hail, and tornado threats."
2019-05-29,ENH,mcv_mcs_outflow_reintensification,core,damaging wind|large hail|brief tornadoes,MCS|supercells|storm clusters,MCV crossing southern Appalachians|stalled front|convectively overturned areas,mcv_track|prior_convection|instability_recovery,The outlook explicitly expanded risk for an MCS associated with an MCV crossing the southern Appalachians and trimmed convectively overturned areas.,"Severe storms persisted from the southern Plains through the Ozarks and from the Ohio Valley into the Mid-Atlantic. An MCV-related MCS increased the damaging-wind threat in Virginia while other regions supported hail, wind, and isolated tornadoes."
2019-06-01,ENH,multi_region_multi_mode,likely,large hail|damaging wind,clusters|MCS|supercells,cold front|outflow boundaries|lower Missouri Valley instability axis,mcs_timing|storm_coverage_uncertain|nocturnal_evolution,"Multiple storm clusters and a damaging-wind-producing convective system were central, though several regions contributed to the ENH risk.","Scattered severe thunderstorms continued from the southern High Plains across the lower Missouri Valley into parts of Ohio. Large hail and damaging winds were the primary threats, with late clusters increasing wind potential near St. Louis and northwest Texas."
2019-06-04,ENH,forward_propagating_mcs_wind,core,damaging wind|large hail,MCS|line of storms|clusters,central Minnesota MCS|cold front|destabilizing downstream air mass,mcs_timing|instability_recovery|mode_transition,The Enhanced risk was expanded based on a developing MCS and downstream destabilization favoring damaging winds.,"A developing MCS across central Minnesota was expected to move southeast into southern Minnesota and surrounding areas. Wind was the main severe hazard as the cold pool encountered steep low-level lapse rates, with hail also possible in stronger storms."
2019-06-05,ENH,forward_propagating_mcs_wind,likely,damaging wind|large hail|brief tornado,quickly upscale-growing storms|linear segments|clusters,sagging cold front|convective outflow boundary|shortwave trough,mode_transition|boundary_interaction|instability_recovery,"Outflow initiated or modulated some storms, while the main risk was upscale growth along a front and shortwave corridor.","The Ohio and middle Mississippi Valleys had the greatest severe risk, with additional isolated storms in the Mid-Atlantic, Carolinas, and west Texas. Initial hail-producing storms were expected to grow quickly into damaging-wind-producing linear segments."
2019-06-06,ENH,southeast_multicell_or_clusters,likely,damaging wind|large hail|brief tornadoes,embedded supercells|clusters|high-based storms,southeast Louisiana storm cluster|outflow boundaries|Gulf Coast moisture axis,prior_convection|storm_coverage_uncertain|mode_transition,"Clusters and outflow-modified Gulf Coast convection controlled the main southern severe corridor, with separate northern High Plains storms.","South-central and southeast Texas had the main wind and hail risk, while embedded supercells near the Gulf Coast produced a conditional tornado threat. Other isolated severe storms occurred in the northern Rockies and High Plains, making the day multi-region but cluster-driven."
2019-06-09,ENH,forward_propagating_mcs_wind,core,damaging wind|large hail,MCS|clusters|bowing segments,southward-moving MCS cold pool|instability gradient|front/outflow zone,mcs_timing|instability_recovery|nocturnal_evolution,The enhanced threat was tied to an MCS progressing south-southeast through Oklahoma and Texas with a damaging wind corridor.,"A southward-moving MCS crossed Oklahoma into north and central Texas. Damaging wind was the main hazard as the complex propagated into a strongly unstable air mass, with hail remaining possible in stronger embedded cores."
2019-06-15,MDT,derecho_or_serial_mcs_wind,core,significant wind|large hail|tornadoes,forward-propagating MCS|embedded supercell|tornadic supercells in Indiana,northwest Texas MCS cold pool|differential heating zone|effective boundary,mcs_timing|boundary_interaction|mode_transition,The Moderate risk was upgraded for a forward-propagating MCS with measured severe winds and expected widespread damaging gusts.,"Northwest Texas into Oklahoma experienced a high-end MCS wind event with measured severe gusts over 80 mph. A separate Indiana/Ohio corridor had tornadic supercells tied to a differential heating boundary, making this a multi-mode but wind-dominant day."
2019-06-16,ENH,mcv_mcs_outflow_reintensification,core,damaging wind|large hail|tornadoes,clusters|MCS|multicells,multifaceted outflow|surface low|central Texas instability gradient,ofb_placement|instability_recovery|mode_transition,The central Texas Enhanced risk was focused along multifaceted outflow and decaying convective boundaries from earlier storms.,"Central Texas storms formed along and south of outflow boundaries in an extremely unstable air mass. Shear was modest, so the main threats were damaging wind and hail, though a few tornadoes were possible early in the convective cycle."
2019-06-18,ENH,mcv_mcs_outflow_reintensification,core,large hail|damaging wind|tornadoes,MCS|line segments|supercells,Kansas MCV|MCS remnants|confluence zone,mcv_track|prior_convection|storm_coverage_uncertain,The outlook centered on remnants of a long-lived MCS and an MCV over Kansas as key drivers of renewed severe storms.,"Multiple severe rounds affected the central and southern Plains, with the key Kansas corridor tied to an MCV and remnants of a long-lived MCS. Later storms from west Texas into Oklahoma produced severe hail and wind, with a few tornadoes possible where supercells persisted."
2019-06-19,ENH,forward_propagating_mcs_wind,core,very large hail|damaging wind|tornadoes,supercells|forward-propagating line|bow echo,prior-MCS outflow boundary|mesolow/cold front|shortwave trough,prior_convection|ofb_placement|mode_transition,The north Texas and Arklatex risk was explicitly tied to a northwest-extending outflow boundary left by a decaying MCS.,"North-central and northeast Texas into the Arklatex had a very unstable air mass along prior-MCS outflow. Initial severe storms posed very large hail and tornado risk, then bowing line segments produced damaging wind swaths into Arkansas, Mississippi, and Tennessee."
2019-06-20,ENH,multi_region_multi_mode,likely,damaging wind|large hail|brief tornadoes,linear MCS|High Plains supercells|clusters,Southeast linear MCS|upslope flow|High Plains low,mcs_timing|multi_region_evolution|mode_transition,"A linear MCS was central in the Southeast, while separate High Plains storms were more upslope/frontal driven.","An MCS across the Southeast produced a damaging-wind threat, while the central/northern Plains and mid Missouri Valley had separate severe storms with hail, wind, and brief tornado potential. The day is best treated as multi-region, with the MCS hazard most organized in the Southeast."
2019-06-21,ENH,forward_propagating_mcs_wind,core,damaging wind|hail|brief tornadoes,linear MCS|clusters|supercells,Tennessee Valley MCS|cold front|High Plains upslope flow,mcs_timing|instability_recovery|mode_transition,The Tennessee Valley and Missouri Valley severe corridors were dominated by fast-moving MCSs and their leading-edge cold pools.,"Two mesoscale convective systems raced southeast across the lower Missouri and Tennessee Valleys. Wind damage was the main hazard along the leading edges, with hail and a QLCS tornado possible in the strongest segments."
2019-06-22,ENH,mcv_mcs_outflow_reintensification,core,damaging wind|large hail,MCS|clusters|supercells,ongoing MCS|MCV/shortwave|High Plains convergence zone,mcs_timing|prior_convection|storm_coverage_uncertain,The southern/central Plains risk was anchored by an ongoing MCS along the western edge of strong instability and MCV-related redevelopment.,Clusters and MCSs affected the central/southern Plains and parts of the Southeast. Ongoing convection from northwest Oklahoma into Kansas and MCV-related redevelopment were central to the damaging wind and hail risk.
2019-06-23,ENH,forward_propagating_mcs_wind,core,damaging wind|hail,linear MCS|clusters|isolated storms,linear MCS south of front|cold front|instability axis,mcs_timing|instability_recovery|storm_coverage_uncertain,The main southern Plains and Arklatex risk was tied to a linear MCS along and south of a front.,A linear MCS over north Texas into the Arklatex drove the main damaging-wind and hail risk. Additional storms in the Ohio and Tennessee Valleys and central High Plains were more isolated and secondary.
2019-06-24,ENH,mcv_mcs_outflow_reintensification,core,damaging wind|hail,clusters|multicells|isolated supercells,remnant MCV over southern Kentucky|central/southern Appalachian instability|west Texas dryline,mcv_track|instability_recovery|storm_coverage_uncertain,The central/southern Appalachian risk was explicitly tied to a well-defined remnant MCV and downstream destabilization.,"The primary severe corridor evolved over the Appalachians and Ohio Valley ahead of a remnant MCV. Damaging winds were the main hazard there, while isolated supercells with hail and wind also developed over west-central and southwest Texas."
2019-06-27,ENH,northwest_flow_mcs,likely,damaging wind|large hail|tornadoes,bowing complex|supercells|MCS,northern Montana storm complex|easterly low-level flow|instability gradient,mode_transition|mcs_timing|storm_coverage_uncertain,"The main northern High Plains threat became an upscale-growing bowing complex, though initial supercell development also mattered.","Central and northeast Montana into western North Dakota saw supercells evolve into a bowing complex. Damaging winds became the primary threat as linear mode dominated, but large hail and a tornado or two were still possible."
2019-06-29,ENH,forward_propagating_mcs_wind,likely,damaging wind|large hail|tornadoes,supercells|MCS|line of storms,Dakotas instability axis|strengthening low-level jet|front/warm sector,mode_transition|nocturnal_evolution|mcs_timing,The risk transitioned from evening storms to an overnight damaging-wind MCS over the Dakotas and Upper Midwest.,"North Dakota had evening severe storms with hail, wind, and tornado potential in a moist and unstable air mass. As the low-level jet strengthened, the severe risk transitioned toward damaging winds spreading into the Upper Midwest overnight."
2019-07-08,ENH,forward_propagating_mcs_wind,likely,damaging wind|hail|brief tornado,organized line|bowing segment|clusters,northern Plains front|organized convective line|downstream instability,mcs_timing|instability_recovery|mode_transition,The main late risk was an organized convective line and bowing segment across North Dakota and Minnesota.,Northern and central Great Plains storms organized into a line that produced severe wind gusts and hail. The 01Z outlook highlighted a 70+ mph wind-producing line across eastern North Dakota with continued severe potential into Minnesota.
2019-07-19,MDT,derecho_or_serial_mcs_wind,core,significant wind|large hail,derecho-like MCS|bow echo|clusters,dying MCS/outflow|warm-sector instability|Upper Midwest baroclinic zone,mcs_timing|instability_recovery|mode_transition,The Moderate risk centered on a significant wind-producing MCS/bow echo across Wisconsin.,"This was a wind-driven Upper Midwest event, with the late outlook focused on significant gusts across central and northeast Wisconsin. Earlier MDs monitored a dying MCS and later storm organization, with damaging wind ultimately the dominant hazard."
2019-07-20,ENH,derecho_or_serial_mcs_wind,core,damaging wind|brief tornadoes|hail,intense bow echo|MCS|line of severe thunderstorms,intense bow echo|cold pool|Midwest instability plume,mcs_timing|instability_recovery|mode_transition,The Enhanced risk was driven by an intense bow echo and its cold pool from Iowa/Wisconsin into Lower Michigan.,"A fast-moving bow echo crossed Wisconsin and Lake Michigan into Lower Michigan, producing a heightened damaging-wind risk. Additional central High Plains storms were secondary; the primary hazard was wind with brief tornado potential along the bow."
2019-08-05,ENH,mcv_mcs_outflow_reintensification,core,damaging wind|hail,MCS|clusters|frontal storms,MCS/MCV over Wisconsin|southeast-moving cold front|destabilizing boundary layer,mcv_track|prior_convection|instability_recovery,An MCS with a progressive MCV was the central feature for the Upper Midwest and Great Lakes wind threat.,"An MCS and associated MCV crossed northern Wisconsin and Upper Michigan while new storms formed along its southern flank and a cold front. Damaging wind was the main hazard across the Upper Midwest and Great Lakes, with hail secondary."
2019-08-06,ENH,northwest_flow_mcs,likely,very large hail|damaging wind,initial supercells|MCS|clusters,southeast-advancing cold front|northern Plains moisture corridor|Nebraska MCS,mode_transition|mcs_timing|storm_coverage_uncertain,The northern Plains threat began along the cold front and later included an organized MCS into Nebraska and Kansas.,"The northern and central Plains had supercell potential along a southeast-moving cold front, with large hail initially and damaging winds increasing as storms organized. Overnight, an MCS moved southeast across Nebraska with severe gust potential."
2019-08-11,ENH,multi_region_multi_mode,likely,damaging wind|large hail|tornadoes,supercells|MCS|clusters,northern/central Plains boundaries|Montana severe wind swath|low-level moisture corridor,mode_transition|mcs_timing|multi_region_evolution,Several watches and MDs described severe wind swaths and later MCS organization across the Plains.,"Northern and central Plains severe storms produced a mix of supercell hazards and later convective-system wind. Montana, Nebraska/Kansas, and adjacent areas all contributed to the Enhanced risk, with damaging wind and large hail most prominent and tornadoes possible early."
2019-08-12,ENH,qlcs_bowing_wind_tornado,core,damaging wind|tornadoes|hail,convective complex|QLCS|embedded rotation,Illinois/Indiana convective complex|effective boundary|warm-sector instability,mode_transition|mcs_timing|instability_recovery,The Enhanced risk was driven by an eastward-moving convective complex with damaging winds becoming primary.,Illinois into Indiana and southwest Ohio had an evening convective complex with damaging wind as the primary threat. Tornado risk persisted in central Illinois where storms remained more organized and favorably sheared.
2019-08-13,ENH,forward_propagating_mcs_wind,likely,damaging wind|large hail,bow echo|organized line|clusters,western Kansas convective line|cold front|outflow boundary,mcs_timing|mode_transition|boundary_interaction,"The strongest severe signal was an organized bowing corridor with widespread severe gusts, likely reinforced by outflow and cold-pool processes.","Western Kansas into northwestern Oklahoma had organized severe storms moving southeast, while the Tennessee Valley and northern Gulf states had additional storms. The most intense hazard was a bow apex corridor with widespread 60-75 mph gusts."
2019-08-15,ENH,ofb_differential_heating_supercells,core,large hail|damaging wind|tornadoes,boundary-rooted supercells|MCS|clusters,east-west outflow boundary|northeast Kansas to western Missouri corridor|low-level jet,ofb_placement|mode_transition|nocturnal_evolution,The outlook explicitly tied persistent overnight storms to an east-west outflow boundary across northeast Kansas.,"Eastern Kansas into western Missouri had storms rooted near an outflow boundary with strong shear and instability. Large hail and damaging wind were the main hazards, with a couple tornadoes possible where storms interacted favorably with the boundary."
2019-08-16,ENH,conditional_capped_supercells,likely,very large hail|damaging wind,supercells|clusters|elevated storms,decaying morning outflow|front from east-central Colorado to Missouri|differential heating zone,prior_convection|cap_conditional|storm_coverage_uncertain,Morning outflow was expected to dissipate but helped define the later front and differential heating corridor for severe development.,The central High Plains to lower Missouri Valley had a conditional but potentially significant hail and wind setup. Storms were expected to develop along the surface front and spread across Kansas through the night.
2019-08-17,ENH,multi_region_multi_mode,likely,damaging wind|large hail,MCS|clusters|linear segments,cold front from Minnesota to Nebraska|moist low-level air|ongoing storm clusters,mcs_timing|nocturnal_evolution|multi_region_evolution,Several storm clusters and MCSs shaped the overnight severe wind/hail corridors across the Plains and Midwest.,Severe storms extended from the northern and central Plains into the Midwest along and south of a cold front. Damaging winds and large hail were the primary hazards as storms organized into clusters and moved southeast through the night.
2019-08-19,ENH,elevated_nocturnal_hail_mcs,likely,large hail|damaging wind|brief tornado,elevated storms|MCS|compact bow echo,eastward-moving front|low-level jet|Iowa/Minnesota instability axis,nocturnal_evolution|mcs_timing|storm_coverage_uncertain,"The overnight threat was driven by storms congealing into a complex, with bowing elements and cold-pool organization.",Large hail and damaging gusts were expected late at night across Iowa and northern Minnesota. Storms developing into a complex eventually shifted the risk from hail toward damaging wind as organization increased.
2019-08-20,ENH,mcv_mcs_outflow_reintensification,core,damaging wind|large hail,MCS|bow echo|High Plains supercells,well-developed Illinois MCS/MCV|gust front/cold pool|central Plains evening boundary,mcv_track|mcs_timing|instability_recovery,The main Illinois/Indiana risk was explicitly tied to a well-developed MCS and associated MCV with a gust-front wind threat.,"A well-developed MCS and MCV crossed Illinois into Indiana, producing a damaging-wind threat as the cold pool interacted with an unstable air mass. Separate evening storms in the central Plains added large hail and wind potential."
2019-08-24,ENH,elevated_nocturnal_hail_mcs,likely,damaging wind|large hail|tornadoes,supercells|organized line|MCS,mid-level low over Kansas|moist boundary layer|evening frontal/outflow zone,nocturnal_evolution|mode_transition|storm_coverage_uncertain,"The day evolved from isolated supercells into an organized nocturnal line, with outflow and cold-pool processes controlling late wind potential.","Central and western Kansas into northern Oklahoma had a late-day and nighttime severe threat. Initial storms could produce hail and a tornado, then an organized line spread southeast with damaging winds."
2019-08-26,ENH,forward_propagating_mcs_wind,likely,damaging wind|hail,broken line|MCS|clusters,storm line from Oklahoma to Missouri|cold front/outflow zone|instability axis,mcs_timing|storm_coverage_uncertain|instability_recovery,"The main severe risk followed a broken line and storm clusters, likely modulated by outflow and cold-pool evolution.","Central Oklahoma into southeast Kansas, southern Missouri, and northwest Arkansas had storms capable of damaging wind and hail into the late evening. The event was mainly a line/cluster wind episode with hail in stronger cores."
2019-08-29,ENH,forward_propagating_mcs_wind,likely,damaging wind|hail,clusters|MCS|bowing line,northwest Kansas to Missouri frontal corridor|nocturnal low-level jet|storm outflow,nocturnal_evolution|mcs_timing|mode_transition,Storms were expected to organize into a damaging-wind-producing corridor from Kansas into Oklahoma and Missouri.,Northwest Kansas into west-central Missouri had evening and overnight hail and wind potential. Storms grew upscale over eastern Kansas with damaging wind increasing into northeast Oklahoma and southwest Missouri.
2019-09-02,ENH,forward_propagating_mcs_wind,core,damaging wind|brief tornadoes|hail,bow echo|quasi-linear MCS|tropical rainband cells,North Dakota bow echo cold pool|Upper Midwest warm advection|Hurricane Dorian rainbands,mcs_timing|nocturnal_evolution|boundary_interaction,The main Upper Midwest risk was a small organized bow echo/MCS with embedded mesovortex potential.,"The Upper Midwest severe risk was driven by a bow echo that moved from North Dakota into Minnesota and Wisconsin, producing damaging wind and embedded tornado potential. A separate low tornado risk accompanied Hurricane Dorian along the Florida east coast."
2019-09-10,ENH,mixed_discrete_to_qlcs_outbreak,likely,tornadoes|damaging wind|hail,supercells|forward-propagating MCS|line of storms,north-central Nebraska/south-central South Dakota initiation zone|warm front|MCS cold pool,mode_transition|mcs_timing|boundary_interaction,"The event was forecast to start with supercells and then grow upscale into a forward-propagating MCS, making cold-pool evolution important.","Northern Nebraska into southeast South Dakota and northwest Iowa had a supercell-to-MCS severe setup. Early storms could produce tornadoes and hail, then upscale growth supported damaging wind into southern Minnesota and northern Iowa overnight."
2019-09-23,ENH,cold_core_low_cape,likely,large hail|damaging wind|isolated tornado,supercells|multiple rounds|clusters,baroclinic zone reinforced by morning convection|intense Southwest trough|Arizona moisture plume,prior_convection|boundary_interaction|storm_coverage_uncertain,Morning convection reinforced the Arizona baroclinic zone that helped focus later supercells and multiple rounds.,"Southwest and central Arizona had a rare cool-season severe setup under a strong Southwest trough. Multiple rounds of storms, including supercells, posed large hail as the main hazard with strong wind and an isolated tornado possible."
2020-01-11,ENH,qlcs_bowing_wind_tornado,core,damaging wind|QLCS tornadoes|isolated strong tornadoes,long-lived squall line|QLCS mesovortices|embedded supercells|LEWP/bow segments,ongoing squall-line gust front|strong front|warm-sector moisture surge|low-level jet,instability_recovery|mode_transition|boundary_interaction|mcs_timing,A pre-existing squall line from the prior night was the main severe-weather feature and controlled the wind and tornado corridor.,"The previous night's southern Plains MCS carried east into the Southeast as an intense QLCS. SPC focused the Enhanced Risk on damaging winds and embedded tornadoes, with a conditional strong-tornado corridor where instability recovered ahead of the line in Alabama."
2020-03-18,ENH,dryline_supercell_hail_tornado,likely,very large hail|tornadoes|damaging wind,discrete supercells|cyclic supercells|clusters|later bowing segments,dryline|old outflow boundary|effective warm front|surface low,ofb_placement|boundary_interaction|cap_conditional|mode_transition,The outlook explicitly highlighted an old outflow boundary interacting with the dryline and low-level shear in the main tornado/hail corridor.,"Southern Plains storms initiated along the dryline in a strongly unstable, sheared air mass. The highest tornado and hail potential depended on dryline storms interacting with an old outflow/effective boundary before later clustering."
2020-03-24,ENH,ofb_differential_heating_supercells,core,tornadoes|large hail|damaging wind,discrete supercells|low-topped supercells|elevated early storms,rain-reinforced boundary|residual rain-cooled boundary|surface cyclone|warm front,instability_recovery|boundary_interaction|ofb_placement|storm_coverage_uncertain,The ENH corridor was explicitly focused on a rain-reinforced/residual boundary that enhanced low-level shear and storm rooting.,"Tennessee Valley severe potential focused along and south of a rain-reinforced boundary as a surface cyclone approached. The main severe window involved supercells near the boundary, including a strong-tornado risk near the Alabama/Tennessee border."
2020-04-08,ENH,multi_region_multi_mode,likely,damaging wind|large hail|tornadoes,supercells|clusters|QLCS|MCS/bowing segments,cold front|dryline|prefrontal trough|outflow/differential-heating boundaries,prior_convection|mode_transition|boundary_interaction|mcs_timing,"Outflow and ongoing/upscale convective systems were important in several corridors, though synoptic fronts also controlled the pattern.","A broad severe day spanned the Mississippi, Ohio, and Tennessee Valleys with multiple storm corridors and modes. The highest-confidence hazards were damaging winds and large hail, including significant wind potential as clusters and QLCS segments matured."
2020-04-12,MDT,high_end_tornado_outbreak,core,strong to violent tornadoes|widespread damaging wind|large hail,ongoing MCS|semi-discrete tornadic supercells|broken prefrontal band|QLCS/bowing clusters,ongoing MCS/cold pool|prefrontal confluence band|baroclinic zone|surface cyclone and low-level jet,prior_convection|instability_recovery|mode_transition|mcs_timing|boundary_interaction,"The outbreak's timing, recovery, and mode were explicitly tied to an ongoing MCS, its cold pool, and later storm clusters.","The Easter outbreak involved multiple severe episodes from the lower Mississippi Valley into the Southeast. An ongoing MCS and later prefrontal supercells produced strong to violent tornadoes, widespread damaging winds, and large hail in a strongly sheared, rapidly recovering warm sector."
2020-04-13,ENH,qlcs_bowing_wind_tornado,core,damaging wind|QLCS tornadoes,mature squall line|bowing segments|embedded circulations,prefrontal squall line|cold front|low-level jet|coastal warm sector,mcs_timing|instability_recovery|mode_transition,The ENH risk was the continuation of the prior outbreak's mature squall line and associated convective system.,"The severe threat continued across the East Coast as a mature prefrontal squall line moved through a strongly sheared warm sector. Damaging winds were the dominant hazard, with tornadoes possible in embedded QLCS circulations."
2020-04-19,MDT,high_end_tornado_outbreak,core,strong to violent tornadoes|damaging wind|large hail,supercells|clusters|MCS|squall line|embedded mesovortices,convectively reinforced warm front|outflow boundary|baroclinic zone|low-level jet,ofb_placement|boundary_interaction|mode_transition|prior_convection,The MDT corridor was repeatedly tied to a convectively reinforced warm front/outflow boundary that focused tornado potential and storm propagation.,"Multiple rounds of severe storms crossed the Deep South with tornadoes, wind, and hail. The highest tornado potential focused along and south of convectively reinforced warm-front/outflow boundaries, while clusters and lines also produced damaging wind."
2020-04-20,ENH,qlcs_bowing_wind_tornado,likely,damaging wind|tornadoes,intense line|QLCS|embedded mesovortices,ongoing convective line|cold front|coastal warm sector,mcs_timing|instability_recovery|mode_transition,"The severe threat was dominated by an ongoing MCS/QLCS, though frontal forcing and coastal destabilization also mattered.","The prior day's Deep South system continued into the eastern Carolinas, southeast Georgia, and Florida. The main risk came from an intense line with embedded tornado and damaging-wind potential as it encountered remaining warm-sector instability."
2020-04-23,ENH,mcv_mcs_outflow_reintensification,core,damaging wind|tornadoes|large hail,fast-moving cluster/MCS|QLCS|embedded supercells,leading MCS/outflow|effective warm-sector boundary|cold front,prior_convection|instability_recovery|mcs_timing|mode_transition,"Ongoing clusters/MCSs and their outflow were central to storm placement, recovery, and severe mode across the Southeast.","The Southeast risk was messy and strongly modulated by a leading convective complex. Severe potential depended on how the MCS and its outflow evolved, with damaging wind and tornado threats in fast-moving clusters and QLCS segments."
2020-04-28,MDT,derecho_or_serial_mcs_wind,likely,widespread damaging wind|large hail|tornadoes,maturing squall line|bowing MCS|embedded supercells/mesovortices,cold front|morning convective outflow|instability axis|low-level jet,prior_convection|mcs_timing|mode_transition|instability_recovery,"The final wind event was a front-driven MCS, while morning convection/outflow helped modulate recovery and downstream placement.","The Ozarks and southern Plains event transitioned toward a mature squall line with a broad significant-wind corridor. Tornado and hail threats existed, but the dominant forecast signal and observed evolution were damaging winds from bowing MCS/QLCS segments."
2020-05-03,ENH,forward_propagating_mcs_wind,core,damaging wind|large hail|brief tornado,fast-moving bow echo|organized cluster|QLCS,MCS cold pool|instability gradient|outflow/gust front,mcs_timing|cold_pool|instability_recovery,A fast-moving bow echo and its cold pool were central to the ENH risk and downstream severe-wind placement.,"A fast-moving bow echo/cluster crossed the Ozarks toward the Tennessee and Ohio Valleys. Damaging wind was the clear primary hazard, with hail and a brief tornado risk in stronger embedded structures."
2020-05-04,ENH,mixed_discrete_to_qlcs_outbreak,likely,large to very large hail|damaging wind|tornadoes,supercells|clusters|lines/MCS,cold front|dryline/triple point|warm front|residual convective boundaries,prior_convection|boundary_interaction|mode_transition|cap_conditional,"Synoptic fronts were important, but prior clusters and residual boundaries substantially affected recovery and storm evolution.",Severe potential extended from eastern Oklahoma and the Ozarks into the Tennessee and Kentucky region with multiple clusters and frontal storms. Supercells offered hail and a conditional strong-tornado threat before modes became more clustered or linear.
2020-05-15,ENH,multi_region_multi_mode,likely,damaging wind|large hail|tornadoes,supercells|MCSs|linear clusters|multicell clusters,cold front|warm front|convective outflow|MCV/shortwave,prior_convection|mcv_track|mcs_timing|mode_transition,"MCS/outflow and an MCV were major modulators, though frontal forcing also organized multiple regional threats.","The day featured multiple severe corridors, including a Northeast frontal threat and southern Plains/Ozarks MCS potential. Hazards varied by region, with damaging wind and hail most widespread and tornado potential near warm-front or stronger supercell zones."
2020-05-22,ENH,mcv_mcs_outflow_reintensification,core,large to very large hail|damaging wind|tornadoes,supercells near outflow|clusters|long-lived MCS,expansive cold pool/outflow boundary|remnant outflow boundary|instability gradient|low-level jet,ofb_placement|prior_convection|instability_recovery|boundary_interaction,The outlook and MDs explicitly centered severe placement on an expansive cold pool/outflow boundary left by earlier convection.,"North Texas, southern Oklahoma, and the Ozarks were strongly modulated by a morning MCS cold pool and remnant outflow boundary. Severe storms near and north of the boundary produced supercell hail/tornado potential and later damaging-wind clusters."
2020-06-03,ENH,mcv_mcs_outflow_reintensification,core,damaging wind|large hail|brief tornado,reintensifying MCS|bowing line segments|clusters,MCV-enhanced impulse|outflow from prior MCS|differential heating corridor,mcv_track|prior_convection|instability_recovery|mcs_timing,SPC explicitly attributed the Mid-Atlantic wind corridor to an MCV/outflow byproduct of the previous night's MCS.,A remnant MCV/outflow from the prior night's Lake Michigan MCS drove a Mid-Atlantic damaging-wind corridor. This was a classic reintensification case where the convective remnant and heating controlled storm placement and wind potential.
2020-06-06,MDT,derecho_or_serial_mcs_wind,core,widespread destructive wind|large hail|tornadoes,supercells transitioning to derecho|bowing MCS|QLCS,terrain/High Plains initiation zone|instability corridor|MCS cold pool|low-level jet,mcs_timing|mode_transition|cold_pool|storm_coverage_uncertain,The Moderate Risk was centered on a long-lived derecho/MCS and its cold-pool propagation.,"A central Rockies to northern Plains severe setup produced a long-lived damaging-wind MCS/derecho. Initial severe storms evolved into a fast-moving bowing convective system with widespread significant winds, plus hail and some tornado potential."
2020-06-10,MDT,qlcs_bowing_wind_tornado,core,widespread damaging wind|tornadoes|large hail,squall line|bowing QLCS|embedded circulations,squall-line gust front|strong cold front|Cristobal-remnant low/upper system,mcs_timing|mode_transition|instability_recovery,The Moderate Risk was driven by a mature squall line/MCS and its wind-producing convective structure.,"A regional severe-wind outbreak unfolded from the Midwest into the Ohio Valley as a squall line raced east. Damaging winds were the dominant hazard, with tornado and hail potential embedded within the QLCS and strong background shear."
2020-06-21,MDT,forward_propagating_mcs_wind,core,damaging wind|large hail|tornadoes,slow-moving MCS|bow echo|clusters|embedded supercells,ongoing MCS cold pool|outflow boundary|instability gradient|low-level jet,mcs_timing|cold_pool|instability_recovery|ofb_placement,"The Moderate Risk hinged on the evolution, cold pool, and downstream reintensification of an ongoing MCS.","A Plains MCS and associated outflow/cold pool dominated the severe setup. The system produced a significant damaging-wind risk as it bowed southeastward, with hail and a conditional tornado threat in stronger embedded storms."
2020-06-26,ENH,mcv_mcs_outflow_reintensification,core,damaging wind|large hail|brief tornado,organized line segment|bowing QLCS|clusters,MCV-enhanced shortwave|outflow boundary|cold front/instability gradient,mcv_track|prior_convection|instability_recovery|mcs_timing,The outlook explicitly tied the main corridor to a shortwave enhanced by overnight convection and related outflow boundaries.,"An MCV/shortwave from overnight convection helped focus a severe corridor from Iowa/Illinois toward the southern Great Lakes. The main mode became organized lines and bows with damaging wind, hail, and brief tornado potential."
2020-07-08,ENH,mcv_mcs_outflow_reintensification,core,damaging wind|large hail|tornadoes,supercells near boundaries|clusters|MCS/bow,old outflow from long-lived MCS|cold front|upslope/frontal zone,ofb_placement|prior_convection|instability_recovery|mode_transition,A long-lived prior MCS and its outflow were explicitly identified as key boundaries for renewed severe development.,"Central Plains and Upper Midwest severe potential was strongly shaped by remnants of a prior MCS. Storms redeveloped near old outflow and frontal zones, with wind, hail, and a tornado risk where boundaries locally enhanced shear."
2020-07-10,ENH,multi_region_multi_mode,likely,damaging wind|large hail|tornadoes,supercells|clusters|small MCSs,cold front/dryline/outflow intersection|warm sector instability|residual outflow,boundary_interaction|ofb_placement|cap_conditional|storm_coverage_uncertain,"SPC highlighted the intersection of cold front, dryline, and outflow boundary as the favored focus for severe storms.","Northern and central Plains severe potential involved multiple boundaries and storm corridors. Supercells and clusters were possible near the front/dryline/outflow intersection, producing hail, damaging wind, and tornado potential."
2020-07-15,ENH,mcv_mcs_outflow_reintensification,core,damaging wind|large hail|tornadoes,clusters|line segments|supercells near boundaries|MCS,MCV from overnight MCSs|outflow-reinforced boundary|cold pool/front|southern High Plains outflow front,mcv_track|ofb_placement|prior_convection|instability_recovery,"The main risk placement and storm evolution were explicitly tied to overnight MCSs, an MCV, cold pool, and outflow-reinforced boundaries.","A Mid-Mississippi Valley MCV/outflow setup drove the primary severe risk. Convection redeveloped near cold-pool/frontal boundaries with damaging wind, hail, and tornado potential, while additional outflow-reinforced storms affected the southern High Plains."
2020-07-17,MDT,derecho_or_serial_mcs_wind,core,widespread damaging wind|large hail|tornadoes,organized MCS|bowing segments|embedded mesovortices|supercells early,MCS cold pool|instability gradient|front/low-level jet corridor,mcs_timing|mode_transition|cold_pool,The Moderate Risk centered on an organized MCS with bowing segments and mesovortices as the core severe mechanism.,"The northern Plains and Upper Midwest had a significant MCS wind setup. SPC emphasized bowing segments and embedded mesovortices, with widespread damaging wind as the lead hazard and hail/tornado risk embedded within the system."
2020-07-18,ENH,ofb_differential_heating_supercells,likely,large hail|damaging wind|tornadoes,supercells near boundary|clusters|MCS/bowing line,weakening outflow boundary|front/warm sector|instability gradient,ofb_placement|boundary_interaction|mode_transition|instability_recovery,"The outflow boundary locally enhanced SRH and focused the higher-end supercell risk, while synoptic frontal forcing also mattered.",The Upper Midwest/Great Lakes setup featured a frontal zone modified by a residual outflow boundary. Supercells near the boundary posed hail and tornado threats before clustering and wind potential increased.
2020-08-08,ENH,forward_propagating_mcs_wind,likely,damaging wind|large hail,supercells evolving into MCS|bowing segment|clusters,warm front|MCS cold pool|instability gradient,mcs_timing|mode_transition|cold_pool,"The severe wind threat depended on upscale growth and a bowing MCS, though the initial focus was a warm/frontal corridor.","Western Nebraska into South Dakota and Minnesota had a supercell-to-MCS severe-wind setup. The event evolved toward bowing structures, with damaging wind the leading hazard and large hail in stronger initial storms."
2020-08-10,MDT,derecho_or_serial_mcs_wind,core,widespread destructive wind|large hail,derecho|bow echo|mature MCS,ongoing derecho MCS|MCS cold pool|rear-inflow jet|instability gradient,mcs_timing|cold_pool|model_guidance_mismatch,The Moderate Risk was centered on an ongoing derecho-producing MCS and its cold-pool/rear-inflow dynamics.,"The Iowa derecho was the dominant convective event of the day. A mature, fast-moving MCS produced widespread significant to destructive wind, with the forecast and MDs focused on the derecho corridor."
2020-08-14,ENH,ofb_differential_heating_supercells,likely,large hail|damaging wind|tornadoes,supercells|clusters|line segments,morning storm outflow|outflow-reinforced boundary|cold front|warm sector,prior_convection|ofb_placement|instability_recovery|boundary_interaction,Morning storms and outflow introduced major uncertainty and later locally enhanced the tornado/supercell corridor.,"Minnesota to Kansas severe potential was strongly affected by morning convection and its outflow. Supercells and clusters along the modified boundary and front produced hail, damaging wind, and a tornado corridor where low-level shear was enhanced."
2020-08-27,ENH,multi_region_multi_mode,likely,damaging wind|large to very large hail|tornadoes,Northeast supercells/bows|High Plains supercells|bowing MCS|tropical rainband cells,Northeast warm front|northern Plains stalled front|outflow-reinforced front|Laura rainbands,mode_transition|mcs_timing|boundary_interaction|storm_coverage_uncertain,"Synoptic fronts anchored the outlook, but outflow-reinforced fronts and an overnight severe MCS strongly modulated the event evolution.","This day had three distinct severe regimes: Northeast warm-front storms, northern Plains supercells evolving into a severe MCS, and Laura-related tornadoes. The late-day northern Plains MCS became a significant wind producer, while the Northeast corridor had hail/wind/tornado threats near the warm front."
2020-08-28,ENH,multi_region_multi_mode,likely,damaging wind|large hail|tornadoes,supercells|line segments|squall lines|tropical mini-supercells,associated outflow boundary|cold front|Laura remnant circulation|warm front,prior_convection|ofb_placement|instability_recovery|mode_transition|mcv_track,"An ongoing overnight MCS/outflow boundary was explicitly paired with the cold front for renewed Great Lakes severe development, while Laura remnants supplied a separate tornado regime.","Upper Mississippi Valley and southern Great Lakes severe storms developed near a cold front and associated outflow boundary, while Laura's remnants produced a Mid-South/Tennessee Valley tornado threat. Additional Mid-Atlantic and central Plains storms made the day broad and multi-mode."
2020-09-05,ENH,elevated_nocturnal_hail_mcs,core,very large hail|damaging wind,elevated supercells|clusters|bowing segment|cold-pool-dominant MCS,warm front|low-level jet nose|storm outflow/effective cold front|elevated mixed layer,nocturnal_evolution|cold_pool|mcs_timing|ofb_placement,The event evolved into an elevated MCS whose outflow modified the warm front and became an effective cold front for continued severe storms.,"Southern Minnesota and Iowa had a nocturnal elevated severe setup on the nose of a strengthening low-level jet. Very large hail was favored with initial elevated supercells, then damaging wind increased as outflow and cold-pool-dominant clusters surged southeast."
2021-03-27,ENH,mixed_discrete_to_qlcs_outbreak,likely,damaging wind|very large hail|tornadoes,supercells|clusters|squall line|bowing segments,cold front|warm front|outflow from morning convection|low-level jet,prior_convection|ofb_placement|mode_transition|nocturnal_evolution,Ongoing clusters and outflow/prior convection affected storm evolution while synoptic fronts still supplied the main forcing.,"Severe storms spread from the Ark-La-Tex across the Mid South and Tennessee Valley with all hazards. Early clusters evolved into a broader supercell and QLCS regime, with damaging wind and strong tornado potential persisting overnight."
2021-04-09,MDT,derecho_or_serial_mcs_wind,core,widespread damaging wind|tornadoes|large hail,MCS|bowing line segments|embedded supercells|QLCS,dryline and cold front|warm sector recovery|outflow from prior convection|low-level jet,prior_convection|mcs_timing|mode_transition|nocturnal_evolution,The moderate risk was tied to an organized severe-wind swath and MCS/QLCS evolution across the lower Mississippi Valley.,"This was a lower Mississippi Valley severe-wind/MCS day with all hazards extending from eastern Oklahoma and east Texas into the Mid-South and Alabama. Tornadoes were possible within the QLCS and any embedded or preceding supercells, but the moderate risk was driven by a swath of damaging wind."
2021-04-10,ENH,qlcs_bowing_wind_tornado,likely,damaging wind|tornadoes|hail,MCS|bowing segments|embedded circulations,remnant Gulf Coast MCS|convective cold pool|effective frontal zone,mcs_timing|instability_recovery|coastal instability|storm coverage uncertain,"The day was dominated by a convective system and its continuation along the Gulf Coast, with outflow/cold-pool details modulating the risk.","The enhanced risk followed a Gulf Coast MCS/QLCS from southeast Louisiana toward the Florida Panhandle, Alabama, and western Georgia. Damaging wind was the main hazard, with brief tornadoes possible in stronger embedded circulations."
2021-04-11,ENH,southeast_multicell_or_clusters,likely,damaging wind|isolated tornadoes|isolated hail,multicell clusters|line segments|transient supercells,southward-moving boundary|sea-breeze interactions|remnant outflow,ofb_placement|diurnal destabilization|storm coverage uncertain|southward propagation,Outflow and remnant convective boundaries were important to the central Florida wind-focused enhanced risk.,"Central Florida carried the main enhanced risk as storms intensified in a moist, unstable air mass along mesoscale boundaries. The main concern was damaging wind, with a tornado or two and isolated hail possible in stronger clusters or transient supercells."
2021-04-24,ENH,southeast_multicell_or_clusters,likely,large hail|damaging wind|tornadoes,clusters|embedded supercells|line segments,remnant MCS/outflow|Gulf Coast warm sector|warm front|cold front,prior_convection|outflow placement|instability recovery|storm coverage uncertain,The day followed prior convection and included MCS/outflow control over where Gulf Coast storms persisted and reintensified.,"Severe storms persisted across the Gulf Coast states, with a secondary corridor from northern Alabama into Tennessee and Georgia. The risk was scattered and mesoscale, with clusters and embedded supercells producing hail, damaging wind, and a few tornadoes."
2021-04-28,ENH,multi_region_multi_mode,likely,damaging wind|large hail|tornadoes,supercells|storm clusters|line segments|elevated convection,dryline|cold front|warm front|remnant outflow|low-level jet,prior_convection|boundary_interaction|mode_transition|nocturnal_evolution,"Prior clusters and outflow boundaries were part of the severe-weather evolution, though synoptic dryline/frontal forcing also mattered.","The day had a broad, multi-region severe risk from Texas toward the Ohio Valley, with the greatest coverage from central/southern Texas into southeast Oklahoma. Storm mode varied by region, including dryline supercells, clusters, and nocturnal line segments."
2021-05-03,ENH,forward_propagating_mcs_wind,likely,damaging wind|very large hail|isolated tornadoes,supercells|MCS|bowing line segments|elevated storms,dryline/front|warm front|outflow boundaries|low-level jet,prior_convection|mcs_timing|mode_transition|nocturnal_evolution,MCS/outflow evolution and prior convection strongly affected the corridor of intense wind from Oklahoma toward Kentucky.,"Severe storms spread from north-central Texas through Arkansas into the lower Ohio Valley. Very large hail was favored early in Texas and Oklahoma, while an increasing nocturnal MCS wind threat became the main corridor farther east."
2021-05-04,MDT,derecho_or_serial_mcs_wind,core,widespread damaging wind|embedded tornadoes|hail,multiple quasi-linear MCSs|bowing QLCS|embedded circulations,effective cold front modulated by convection|outflow boundary|cold front|MCS cold pool,prior_convection|ofb_placement|mcs_timing|mode_transition,"The moderate risk explicitly depended on convectively modulated boundaries, multiple MCSs, and a bowing QLCS wind corridor.","A Deep South damaging-wind outbreak evolved from clusters into multiple quasi-linear MCSs, with a moderate risk added as the bowing line matured. Embedded QLCS tornadoes were possible, but widespread severe wind was the primary hazard."
2021-05-08,ENH,elevated_nocturnal_hail_mcs,likely,large hail|damaging wind|tornadoes,elevated storms|supercells|overnight MCS,warm front|dryline/front|nocturnal low-level jet|outflow boundary,nocturnal_evolution|mcs_timing|boundary_interaction|storm_coverage_uncertain,The late-evening Kansas to Missouri risk was tied to nocturnal MCS development and boundary interactions.,"Severe storms organized at night from northern Kansas and southeast Nebraska into central Missouri. Hail and damaging wind were the main hazards, with tornado potential near the warm front and more organized storms."
2021-05-09,ENH,mixed_discrete_to_qlcs_outbreak,likely,large hail|damaging wind|tornadoes,supercells|multicell clusters|line segments,cold front|outflow boundary|moist warm sector,ofb_placement|instability_recovery|mode_transition|storm coverage uncertain,"Outflow and prior convection modulated the corridor, while the cold front provided the main initiation focus.","Scattered severe thunderstorms developed from central/east Texas into the lower Mississippi Valley and Mid-South. Very large hail, damaging winds, and a couple tornadoes were possible early, with damaging wind becoming more prominent as storms clustered."
2021-05-17,MDT,ofb_differential_heating_supercells,core,very large hail|tornadoes|damaging wind,intense supercells|semi-discrete clusters|upscale-growing cluster,remnant outflow boundary|dryline|differential heating boundary|lee low,ofb_placement|cap_conditional|mode_transition|nocturnal_evolution,A remnant MCS outflow boundary was explicitly forecast to focus the most intense hail-producing supercells over west/northwest Texas.,"The moderate risk focused on west and northwest Texas where a remnant outflow boundary and dryline were expected to focus intense supercells. Very large hail was the primary hazard, with tornado and damaging-wind potential increasing where storms interacted with the boundary and later grew upscale."
2021-05-27,ENH,mixed_discrete_to_qlcs_outbreak,likely,significant damaging wind|hail|tornadoes,supercells|clusters|MCS|line segments,dryline/cold front|outflow boundary|surface trough|low-level jet,mode_transition|mcs_timing|outflow placement|nocturnal evolution,"The enhanced risk involved supercells evolving into clusters/MCSs, with outflow and prior convection shaping the wind corridor.","Severe storms continued from the southern Plains into the lower Mississippi Valley. Initial supercells carried hail and tornado potential, but significant damaging wind became a major threat as storms organized into clusters and lines."
2021-05-28,ENH,high_plains_upslope_supercells,likely,very large hail|damaging wind|tornadoes,terrain-initiated supercells|clusters|MCS,eastern New Mexico/west Texas terrain circulation|outflow boundary|warm front|low-level jet,mcs_timing|ofb_placement|storm coverage uncertain|nocturnal_evolution,Outflow and clustered storm evolution were important to the Texas hail/wind corridor and nocturnal propagation.,The enhanced risk extended from eastern New Mexico and west Texas into south-central and southeast Texas. Supercells initially favored very large hail before clusters and MCS segments increased the damaging-wind threat overnight.
2021-06-10,MDT,mixed_discrete_to_qlcs_outbreak,likely,significant damaging wind|very large hail|tornadoes,initial supercells|organized convective complexes|squall lines|embedded supercells,surface low|dryline|cold front|warm front|outflow boundaries,cap_conditional|mode_transition|mcs_timing|nocturnal evolution,"The primary Plains risk was synoptic, but later destructive-wind potential depended on upscale growth, outflow consolidation, and convective complexes.","The northern and central Plains had a moderate risk for all hazards, with early supercells over eastern Montana and the Dakotas transitioning into organized convective complexes. Significant wind became increasingly important overnight, while tornado and giant-hail threats were tied to the early discrete phase."
2021-06-11,ENH,forward_propagating_mcs_wind,core,damaging wind|large hail,MCS|bowing line segments|clusters|elevated storms,cold front|warm front|outflow from prior convection|low-level jet,mcs_timing|cold_pool|nocturnal_evolution|instability recovery,"The enhanced risk was a nocturnal MCS wind corridor, with outflow and cold-pool organization central to the hazard.","A significant nocturnal wind event was expected across eastern Kansas, western Missouri, and north-central/northeast Oklahoma. Large hail accompanied the strongest storms, but damaging wind with the MCS was the primary hazard."
2021-06-17,ENH,mixed_discrete_to_qlcs_outbreak,likely,significant damaging wind|tornadoes|large hail,supercells|clusters|bowing MCS,cold front|warm-sector boundary|outflow boundary|low-level jet,ofb_placement|mode_transition|mcs_timing|nocturnal_evolution,The Upper Mississippi Valley threat involved storms interacting with outflow/prior convection and evolving toward an organized wind-producing MCS.,"Severe storms were expected from southern Minnesota and Wisconsin into northern Iowa and Illinois. The environment supported tornadoes and baseball-size hail early, with damaging wind gusts over 75 mph possible as storms organized."
2021-06-18,ENH,mcv_mcs_outflow_reintensification,likely,large hail|damaging wind|isolated tornadoes,clusters|MCS|embedded supercells,remnant outflow|MCS-related boundaries|warm-sector instability gradient,prior_convection|instability_recovery|ofb_placement|mode_transition,The event was strongly modulated by prior MCS/outflow and recovery across the Ohio and mid Mississippi Valley warm sector.,"Scattered severe storms persisted across the Ohio Valley and mid Mississippi Valley during the evening and part of the overnight. Hail and damaging wind were primary, with isolated tornado risk where boundary-layer recovery and shear overlapped."
2021-06-19,ENH,multi_region_multi_mode,likely,damaging wind|isolated tornadoes|hail,Plains MCS|bowing segments|tropical rainband cells|clusters,central Plains frontal zone|MCS cold pool|remnants of Claudette|warm front,mcs_timing|multi-region evolution|tropical moisture|nocturnal evolution,"The main central Plains damaging-wind threat was MCS/cold-pool driven, while Claudette produced a separate tornado regime.",The day combined a central Plains damaging-wind MCS with a separate tornado risk tied to the remnants of Claudette. This multi-regime setup produced common damaging winds in the Plains and lower-probability tornadoes in the Southeast.
2021-06-20,ENH,mcv_mcs_outflow_reintensification,core,damaging wind|large hail|tornadoes,MCV-aided storms|MCS|supercells|QLCS|tropical rainband cells,MCV from prior MCS|outflow boundary|warm front|cold front|Claudette circulation,mcv_track|prior_convection|ofb_placement|instability_recovery|model_guidance_mismatch,"The Midwest enhanced risk was explicitly tied to MCV/MCS remnants, outflow boundaries, and recovery near those boundaries.","A messy but potentially significant MCV/MCS regime affected the Midwest and lower Great Lakes, while Claudette added a separate Southeast tornado component. Forecast confidence was limited by prior convection, outflow placement, and whether storms would bow or remain more supercellular."
2021-06-24,ENH,forward_propagating_mcs_wind,core,severe wind|large hail|isolated tornadoes,supercells|bowing MCS|line segments,Kansas-Missouri frontal zone|warm front|outflow boundary|low-level jet,mcs_timing|ofb_placement|mode_transition|nocturnal_evolution,The enhanced risk centered on an evening and overnight severe-wind corridor where MCS organization and outflow propagation were central.,"A corridor of severe thunderstorm winds was expected from Kansas into northern and central Missouri. A few tornadoes and large hail were possible, especially near northeast Kansas, northern Missouri, and southern Iowa before the wind-focused MCS matured."
2021-07-09,ENH,northwest_flow_mcs,likely,damaging wind|large hail|isolated tornadoes,MCS|clusters|embedded supercells,central/northern Plains frontal zone|outflow boundary|nocturnal low-level jet,mcs_timing|outflow placement|nocturnal evolution|storm coverage uncertain,Outflow and MCS propagation were important to the wind/hail corridor from the Plains into the upper Mississippi Valley.,Storms with wind damage and large hail moved from the central and northern Plains into the mid and upper Mississippi Valley. A lower-end tornado threat existed near the lower to mid Missouri Valley as the nocturnal system organized.
2021-07-10,ENH,forward_propagating_mcs_wind,core,damaging wind|hail,forward-propagating MCS|bowing line|multicell clusters,central Oklahoma to Ozarks MCS cold pool|outflow boundary|southern Arizona terrain outflows,mcs_timing|cold_pool|southern flank propagation|multi-region evolution,The Oklahoma-to-Ozarks enhanced risk was dominated by a forward-propagating MCS and its cold pool/outflow.,"Severe wind was expected from central Oklahoma to the Ozarks as an organized convective system moved southeast. Additional severe storms in southern Arizona made the day multi-region, but the primary enhanced signal was the Plains/Ozarks wind MCS."
2021-07-14,ENH,mixed_discrete_to_qlcs_outbreak,likely,tornadoes|damaging wind|hail,supercells|clusters|MCS|line segments,warm front|cold front|outflow boundaries|low-level jet,prior_convection|warm front placement|mode_transition|mcs_timing,Outflow and prior convection influenced the Upper Midwest threat while warm-front/frontal forcing also remained important.,"The enhanced risk focused on the Upper Midwest where a few tornadoes, damaging winds, and hail were likely. Storms included supercell structures near boundaries and later clusters or lines as convection sagged east-southeast."
2021-07-26,ENH,elevated_nocturnal_hail_mcs,likely,large hail|damaging wind|isolated tornadoes,elevated supercells|bowing structures|clusters,warm front|outflow boundary|nocturnal low-level jet|instability gradient,nocturnal_evolution|mcs_timing|storm coverage uncertain|boundary placement,The overnight northern-tier risk involved supercells and bowing structures developing along a boundary-influenced instability corridor.,"The main enhanced risk was overnight from eastern North Dakota into northern Wisconsin. Supercells and bowing structures were expected, producing large hail and damaging winds with a lower tornado threat."
2021-07-28,MDT,derecho_or_serial_mcs_wind,core,widespread damaging wind|large hail|isolated tornadoes,MCS|bow echo|embedded supercells|line segments,warm front|cold front|MCS cold pool|outflow boundaries,mcs_timing|cold_pool|prior_convection|line intensity,The moderate risk was for a widespread significant-wind corridor produced by MCS organization and propagation along convectively influenced boundaries.,"A moderate-risk severe-wind corridor extended from northeastern Minnesota across Wisconsin into southwest Lower Michigan. The setup favored an organized MCS with occasional significant wind damage, while hail and isolated tornadoes were secondary."
2021-07-29,ENH,qlcs_bowing_wind_tornado,likely,damaging wind|tornadoes,line segments|clusters|embedded supercells,cold front|outflow boundary|differential heating corridor,instability_recovery|outflow placement|storm coverage uncertain|line intensity,Outflow and prior convection shaped where the Ohio Valley to Mid-Atlantic wind/tornado threat maximized.,Damaging thunderstorm winds and a tornado or two were possible from the Ohio Valley and central Appalachians into the Mid-Atlantic. Mesoscale boundaries helped focus stronger line segments and the late New Jersey tornado threat.
2021-08-10,ENH,forward_propagating_mcs_wind,likely,damaging wind|large hail,MCS|clusters|line segments|embedded supercells,warm front/instability gradient|outflow boundary|MCS cold pool,mcs_timing|prior_convection|instability_recovery|line intensity,The Upper Midwest and Great Lakes risk was tied to MCS evolution and outflow-modulated instability corridors.,"Severe storms affected the Upper Midwest and Great Lakes, with wind damage and isolated large hail as the main hazards. Additional marginal wind corridors extended from the central Plains to the Ohio Valley and Mid-Atlantic, but the enhanced focus was the northern MCS regime."
2021-08-11,ENH,forward_propagating_mcs_wind,core,damaging wind|large hail|isolated tornadoes,MCS|bowing lines|clusters|embedded supercells,cold front|outflow boundaries|MCS cold pool|instability gradient,prior_convection|mcs_timing|outflow placement|instability recovery,Multiple rounds of MCS/convective outflow shaped the Midwest and Great Lakes enhanced wind corridor.,"Severe storms remained likely across Wisconsin, Illinois, and Lower Michigan with damaging wind the main impact. Prior convection and outflow boundaries influenced timing and placement as storms organized into MCS/line segments."
2021-08-26,ENH,forward_propagating_mcs_wind,likely,damaging wind|large hail,MCS|clusters|discrete High Plains storms,southern Minnesota/Iowa MCS corridor|central Plains front|outflow boundary|High Plains lee trough,mcs_timing|outflow placement|multi-region evolution|storm coverage uncertain,"The main wind corridor was tied to MCS/cluster evolution and outflow, though a separate northern High Plains storm area also existed.","Damaging wind was likely across southern Minnesota into Iowa and parts of the central Plains. Additional severe storms were possible over the northern High Plains, making the day partly multi-regional but still wind-dominant."
2021-08-28,ENH,forward_propagating_mcs_wind,core,significant damaging wind|tornadoes|large hail,MCS|embedded supercells|bowing segments|clusters,MCS/outflow boundary|warm front|cold front|low-level jet,mcs_timing|outflow placement|mode transition|multi-region evolution,"An MCS was expected to produce wind damage across Minnesota and Wisconsin, making convective-system propagation central to the enhanced risk.","The main enhanced risk ran from southeast South Dakota into southern Minnesota, where intense storms were capable of significant wind, tornadoes, and hail. MCS evolution was central, with additional tropical-related tornado concerns beginning near the Gulf Coast late in the convective day."
2021-10-26,ENH,mixed_discrete_to_qlcs_outbreak,likely,damaging wind|large hail|isolated tornadoes,supercells|line segments|squall line|overnight clusters,cold front/dryline|warm sector|outflow boundary|surface low,mode_transition|mcs_timing|nocturnal_evolution|boundary_interaction,"Outflow and MCS evolution influenced the overnight progression, though initiation was along the cold front/dryline.","Severe storms developed along the cold front/dryline across Kansas, Oklahoma, and north/central Texas. Large hail and isolated tornadoes were possible with more dominant storms, while damaging winds became the primary threat as convection became more linear overnight."
2021-10-27,ENH,mixed_discrete_to_qlcs_outbreak,likely,tornadoes|damaging wind,discrete supercells|semi-discrete supercells|squall line|embedded QLCS circulations,narrow warm sector|warm front/effective boundary|squall line outflow|surface low,warm sector width|mode transition|boundary interaction|nocturnal evolution,A squall line and narrow warm-sector boundary interactions were central to the Louisiana-to-Gulf-Coast tornado/wind corridor.,A severe threat spread east across Louisiana into southern Mississippi and the northeast Gulf Coast. Discrete and semi-discrete supercells ahead of a squall line carried the strongest tornado potential before the mode became more linear overnight.
2021-12-15,MDT,derecho_or_serial_mcs_wind,core,widespread severe wind|tornadoes,derecho|fast-moving squall line|QLCS|embedded circulations,intense surface cyclone|cold front/dryline|warm front|synoptic pressure-gradient wind field,line intensity|derecho timing|low-CAPE shear overlap|northern extent,"The moderate risk was tied to an ongoing derecho and fast-moving QLCS, making the convective system itself central.",An exceptional cool-season derecho raced across the Upper Mississippi Valley with widespread severe winds and embedded tornadoes. The synoptic wind field and deepening cyclone supported 75-100 mph gust potential within a fast-moving line.
2022-01-01,ENH,mixed_discrete_to_qlcs_outbreak,core,"tornadoes, including a couple strong|damaging wind gusts|isolated large hail",broken line with embedded supercells|conditional warm-sector supercells|bowing QLCS segments,convectively reinforced frontal/outflow boundary|effective surface front|cold front,cap_conditional|ofb_placement|instability_recovery|mode_transition|nocturnal_evolution,"An ongoing/remnant MCS, cold pool, MCV, or outflow/effective boundary was central to risk placement, timing, or mode.","Tennessee Valley severe storms focused along a convectively reinforced boundary, with conditional warm-sector supercells and later bowing segments. Dominant hazards were tornadoes, including a couple strong; damaging wind gusts; isolated large hail."
2022-03-18,ENH,southeast_multicell_or_clusters,likely,damaging winds|a few tornadoes|large hail,clusters|embedded supercells|QLCS circulations,warm front|cold front|convectively influenced boundaries,prior_convection|boundary_interaction|instability_recovery|mode_transition,Outflow or MCS evolution materially influenced the risk corridor while sharing control with the listed larger-scale boundaries.,Prior convection and frontal zones left a mixed-mode Southeast and Ohio Valley environment with warm-front hail and QLCS tornado potential. Dominant hazards were damaging winds; a few tornadoes; large hail.
2022-03-22,MDT,mixed_discrete_to_qlcs_outbreak,core,strong tornadoes|widespread damaging winds|isolated large hail,composite QLCS with bow/LEWP structures|pre-line supercells|embedded supercells,ongoing QLCS|northward-developing warm front|cold front/surface cyclone,prior_convection|boundary_interaction|mode_transition|instability_recovery|mcs_timing,"An ongoing/remnant MCS, cold pool, MCV, or outflow/effective boundary was central to risk placement, timing, or mode.",A Lower Mississippi Valley and Gulf Coast outbreak unfolded from an ongoing QLCS interacting with a warm front and pre-line supercells. Dominant hazards were strong tornadoes; widespread damaging winds; isolated large hail.
2022-03-30,MDT,qlcs_bowing_wind_tornado,likely,strong tornadoes|widespread damaging wind gusts|large hail,mature QLCS|embedded supercells|warm-sector supercells,cold front|prefrontal warm sector|Gulf Coast baroclinic zone,mode_transition|nocturnal_evolution|instability_recovery|boundary_interaction,Outflow or MCS evolution materially influenced the risk corridor while sharing control with the listed larger-scale boundaries.,A regional outbreak combined a mature QLCS wind threat with embedded and warm-sector supercells over the Lower Mississippi Valley and Gulf Coast. Dominant hazards were strong tornadoes; widespread damaging wind gusts; large hail.
2022-04-04,ENH,forward_propagating_mcs_wind,core,"severe wind gusts, some over 75 mph|large to very large hail|a few tornadoes",elevated storms|evolving MCS|bowing/QLCS segments,quasi-stationary front|warm front|developing MCS cold pool,prior_convection|mcs_timing|cold_pool_evolution|mode_transition|nocturnal_evolution,"An ongoing/remnant MCS, cold pool, MCV, or outflow/effective boundary was central to risk placement, timing, or mode.","North Texas storms were expected to grow upscale into a nocturnal MCS sweeping east-southeast through the ArkLaTex. Dominant hazards were severe wind gusts, some over 75 mph; large to very large hail; a few tornadoes."
2022-04-05,ENH,qlcs_bowing_wind_tornado,core,"widespread damaging winds|several tornadoes, some strong|isolated hail",extensive QLCS|embedded tornado circulations|pre-line supercells,northward-moving warm front|approaching cold front|QLCS cold pool,prior_convection|cold_pool_evolution|mode_transition|boundary_interaction|mcs_timing,"An ongoing/remnant MCS, cold pool, MCV, or outflow/effective boundary was central to risk placement, timing, or mode.","A large QLCS moved from the lower Mississippi Valley across Georgia and the Carolinas, with pre-line/warm-front supercell potential. Dominant hazards were widespread damaging winds; several tornadoes, some strong; isolated hail."
2022-04-06,ENH,mcv_mcs_outflow_reintensification,core,damaging wind gusts|large hail|isolated tornadoes,supercells|organized cluster/MCS|embedded QLCS,cold front|diffuse warm front|MCV/cold pool over Georgia,mcv_track|cold_pool_evolution|mode_transition|instability_recovery,"An ongoing/remnant MCS, cold pool, MCV, or outflow/effective boundary was central to risk placement, timing, or mode.","Several severe corridors occurred, but the late ENH focus came from an organizing Georgia cluster with an MCV and surging cold pool. Dominant hazards were damaging wind gusts; large hail; isolated tornadoes."
2022-04-13,MDT,derecho_or_serial_mcs_wind,core,widespread damaging winds|a few tornadoes|large hail,developing QLCS|bowing segments|embedded supercells,cold front|ongoing QLCS/outflow|prefrontal warm sector,prior_convection|mcs_timing|mode_transition|boundary_interaction|instability_recovery,"An ongoing/remnant MCS, cold pool, MCV, or outflow/effective boundary was central to risk placement, timing, or mode.",A fast-moving convective system spread from the Ozarks toward the Ohio and Tennessee Valleys with line-embedded circulations. Dominant hazards were widespread damaging winds; a few tornadoes; large hail.
2022-05-01,ENH,elevated_nocturnal_hail_mcs,likely,large to very large hail|damaging winds|a few tornadoes,elevated storms|supercells|upscale-growing MCS,northward warm front/effective boundary|southern High Plains lee trough|developing cold pool,mcs_timing|boundary_interaction|cap_conditional|mode_transition|nocturnal_evolution,Outflow or MCS evolution materially influenced the risk corridor while sharing control with the listed larger-scale boundaries.,The southern High Plains into Oklahoma and Texas risk was tied to the warm front/effective boundary after dark and potential cold-pool growth. Dominant hazards were large to very large hail; damaging winds; a few tornadoes.
2022-05-02,MDT,classic_discrete_tornadic_supercells,likely,strong tornadoes|very large hail|significant damaging wind,initial supercells|cyclic tornadic supercells|later squall line/QLCS,dryline/triple point|warm front modulated by precipitation|outflow/effective boundary|cold front,ofb_placement|cap_conditional|storm_coverage_uncertain|mode_transition|boundary_interaction,Outflow or MCS evolution materially influenced the risk corridor while sharing control with the listed larger-scale boundaries.,"Southern Kansas and Oklahoma had a high-end supercell environment along the dryline, warm front, and effective/outflow boundaries. Dominant hazards were strong tornadoes; very large hail; significant damaging wind."
2022-05-05,ENH,mcv_mcs_outflow_reintensification,core,damaging winds|isolated tornadoes|large hail,linear clusters|QLCS|embedded supercells,MCS cold pool|developing MCV|cold front|warm front,mcv_track|cold_pool_evolution|mcs_timing|mode_transition|instability_recovery,"An ongoing/remnant MCS, cold pool, MCV, or outflow/effective boundary was central to risk placement, timing, or mode.",The east Texas to lower Mississippi Valley threat evolved from ongoing convection into a cold-pool/MCV-aided convective system. Dominant hazards were damaging winds; isolated tornadoes; large hail.
2022-05-11,ENH,mixed_discrete_to_qlcs_outbreak,likely,damaging winds|hail|a few tornadoes,supercells|clusters|MCS/bowing line,dryline|warm front|outflow boundaries from earlier storms,prior_convection|ofb_placement|mode_transition|mcs_timing|boundary_interaction,Outflow or MCS evolution materially influenced the risk corridor while sharing control with the listed larger-scale boundaries.,"Multiple rounds spread across the upper Mississippi Valley, with supercells giving way to clusters and MCS evolution. Dominant hazards were damaging winds; hail; a few tornadoes."
2022-05-12,MDT,derecho_or_serial_mcs_wind,core,hurricane-force damaging winds|large hail|brief tornadoes,initial supercells|very intense squall line|derecho-like MCS,warm front|cold front/dryline|MCS cold pool,mcs_timing|cold_pool_evolution|mode_transition|boundary_interaction,"An ongoing/remnant MCS, cold pool, MCV, or outflow/effective boundary was central to risk placement, timing, or mode.",The northern Plains event evolved from severe storms into a very intense squall line racing across eastern North Dakota and Minnesota. Dominant hazards were hurricane-force damaging winds; large hail; brief tornadoes.
2022-05-15,ENH,forward_propagating_mcs_wind,core,swaths of wind damage|very large hail|brief tornadoes,line/MCS|clusters|embedded supercells,ongoing MCS/outflow|surface trough|instability gradient,mcs_timing|cold_pool_evolution|mode_transition|boundary_interaction,"An ongoing/remnant MCS, cold pool, MCV, or outflow/effective boundary was central to risk placement, timing, or mode.",Southeast Oklahoma into western Arkansas and Missouri experienced a cluster/MCS-driven severe episode. Dominant hazards were swaths of wind damage; very large hail; brief tornadoes.
2022-05-17,ENH,multi_region_multi_mode,likely,large hail|damaging wind gusts|isolated tornadoes,elevated storms|supercells|clusters/MCS,warm front|cold front|mesoscale convective corridors,prior_convection|mcs_timing|storm_coverage_uncertain|mode_transition|nocturnal_evolution,Outflow or MCS evolution materially influenced the risk corridor while sharing control with the listed larger-scale boundaries.,The central states were expected to see multiple rounds including elevated hail storms and later surface-based clusters. Dominant hazards were large hail; damaging wind gusts; isolated tornadoes.
2022-05-19,ENH,warm_front_baroclinic_tornado,likely,very large hail|damaging winds|tornadoes,elevated hail storms|warm-front supercells|clusters,warm front near IA/MN|effective boundary|outflow boundaries|cold front,ofb_placement|boundary_interaction|training_convection|storm_coverage_uncertain|instability_recovery,Outflow or MCS evolution materially influenced the risk corridor while sharing control with the listed larger-scale boundaries.,"The northern Iowa, southeast Minnesota, and western Wisconsin corridor focused along a warm front/effective boundary. Dominant hazards were very large hail; damaging winds; tornadoes."
2022-05-24,ENH,forward_propagating_mcs_wind,likely,severe wind gusts|large hail|isolated tornadoes,supercells|linear clusters|MCS,dryline/cold front|Rio Grande storms|outflow from growing clusters,mode_transition|mcs_timing|boundary_interaction|nocturnal_evolution|storm_coverage_uncertain,Outflow or MCS evolution materially influenced the risk corridor while sharing control with the listed larger-scale boundaries.,West-central Texas storms evolved eastward toward the Gulf Coast and ArkLaTex during the evening and overnight. Dominant hazards were severe wind gusts; large hail; isolated tornadoes.
2022-05-29,ENH,forward_propagating_mcs_wind,core,60 to 85 mph gusts|large hail near baseball size|a few tornadoes,supercells|clusters|MCS/bowing line,central Plains front/dryline|warm front|outflow from earlier convection,prior_convection|mcs_timing|mode_transition|boundary_interaction,"An ongoing/remnant MCS, cold pool, MCV, or outflow/effective boundary was central to risk placement, timing, or mode.",A central Plains to Upper Midwest severe episode evolved through a complex mix of supercells and MCS development. Dominant hazards were 60 to 85 mph gusts; large hail near baseball size; a few tornadoes.
2022-06-05,ENH,forward_propagating_mcs_wind,likely,very large hail|intense damaging winds|a few tornadoes,supercells|clusters|nocturnal MCS,central Plains boundaries|outflow from developing storms|low-level jet,mcs_timing|mode_transition|nocturnal_evolution|boundary_interaction,Outflow or MCS evolution materially influenced the risk corridor while sharing control with the listed larger-scale boundaries.,"Nebraska, Kansas, and Oklahoma had late-night significant severe potential as storms grew upscale. Dominant hazards were very large hail; intense damaging winds; a few tornadoes."
2022-06-07,ENH,forward_propagating_mcs_wind,core,destructive wind gusts|very large hail|isolated tornado,supercells|organized clusters|MCS,central Plains baroclinic zone|outflow/cold pool|High Plains terrain,mcs_timing|mode_transition|cold_pool_evolution|boundary_interaction,"An ongoing/remnant MCS, cold pool, MCV, or outflow/effective boundary was central to risk placement, timing, or mode.",Central Great Plains storms intensified from supercells into organized clusters capable of destructive wind. Dominant hazards were destructive wind gusts; very large hail; isolated tornado.
2022-06-09,ENH,forward_propagating_mcs_wind,core,intense damaging gusts|large hail|isolated tornado,supercells|clusters|MCS,central/southern Plains boundary|outflow-reinforced instability gradient|low-level jet,mcs_timing|mode_transition|nocturnal_evolution|boundary_interaction,"An ongoing/remnant MCS, cold pool, MCV, or outflow/effective boundary was central to risk placement, timing, or mode.",The central and southern Plains had an evening and late-night hail/wind event with storms organizing into clusters. Dominant hazards were intense damaging gusts; large hail; isolated tornado.
2022-06-10,ENH,mcv_mcs_outflow_reintensification,core,damaging wind gusts|brief tornado possible,fast-moving MCS line|clusters|weakening downstream line,morning MCS/outflow|lower Mississippi Valley instability gradient,prior_convection|mcs_timing|instability_recovery|cold_pool_evolution,"An ongoing/remnant MCS, cold pool, MCV, or outflow/effective boundary was central to risk placement, timing, or mode.",A fast-moving morning MCS crossed the lower Mississippi Valley into the central Gulf Coast region. Dominant hazards were damaging wind gusts; brief tornado possible.
2022-06-11,ENH,forward_propagating_mcs_wind,likely,significant damaging winds|hail|isolated tornado,supercells|clusters|southward-moving MCS,northern High Plains boundary|outflow/cold pool|lower Missouri Valley instability gradient,mcs_timing|mode_transition|boundary_interaction|training_convection,Outflow or MCS evolution materially influenced the risk corridor while sharing control with the listed larger-scale boundaries.,Northern High Plains and lower Missouri Valley storms developed into clusters with a significant damaging-wind signal. Dominant hazards were significant damaging winds; hail; isolated tornado.
2022-06-13,MDT,derecho_or_serial_mcs_wind,core,widespread damaging winds|large hail|a few tornadoes,organized MCS|bowing line|northern Plains supercells,Midwest/Ohio Valley instability gradient|outflow/cold pool|northern Plains front,mcs_timing|cold_pool_evolution|mode_transition|boundary_interaction,"An ongoing/remnant MCS, cold pool, MCV, or outflow/effective boundary was central to risk placement, timing, or mode.",The day combined northern Plains severe storms with a major Midwest to Ohio Valley wind-producing convective system. Dominant hazards were widespread damaging winds; large hail; a few tornadoes.
2022-06-17,ENH,derecho_or_serial_mcs_wind,core,scattered damaging wind swaths|isolated significant wind gusts|isolated hail,clusters|bowing line segments|MCS,Appalachian cold front|MCS outflow/cold pool|lee trough,mcs_timing|cold_pool_evolution|mode_transition|instability_recovery,"An ongoing/remnant MCS, cold pool, MCV, or outflow/effective boundary was central to risk placement, timing, or mode.",The Appalachians to Mid-Atlantic/Southeast corridor was primarily a damaging-wind event from organized clusters and bowing segments. Dominant hazards were scattered damaging wind swaths; isolated significant wind gusts; isolated hail.
2022-06-20,ENH,forward_propagating_mcs_wind,core,destructive wind gusts|large hail|a tornado,supercells|organized clusters|MCS/bowing line,northern Plains front|outflow/cold pool|Red River Valley instability axis,mcs_timing|cold_pool_evolution|mode_transition|boundary_interaction,"An ongoing/remnant MCS, cold pool, MCV, or outflow/effective boundary was central to risk placement, timing, or mode.",Northern Plains storms evolved into organized convection moving toward the Upper Mississippi Valley. Dominant hazards were destructive wind gusts; large hail; a tornado.
2022-06-24,ENH,mixed_discrete_to_qlcs_outbreak,core,widespread damaging wind gusts|very large hail|a couple tornadoes,initial supercells|transitioning line/MCS|bowing segments,eastern Dakotas warm/frontal boundary|outflow/cold pool|low-level jet,mode_transition|mcs_timing|boundary_interaction|cold_pool_evolution,"An ongoing/remnant MCS, cold pool, MCV, or outflow/effective boundary was central to risk placement, timing, or mode.",Eastern Dakotas into northwest Minnesota saw supercells capable of all hazards evolve into a more linear wind-producing system. Dominant hazards were widespread damaging wind gusts; very large hail; a couple tornadoes.
2022-07-03,ENH,high_plains_upslope_supercells,likely,significant severe wind/hail|very large hail|a few tornadoes,supercells|clusters|MCS,Montana terrain/upslope circulations|warm front/instability axis|outflow from organizing clusters,mcs_timing|mode_transition|boundary_interaction|terrain_circulation,Outflow or MCS evolution materially influenced the risk corridor while sharing control with the listed larger-scale boundaries.,Montana into southwest North Dakota had a concentrated High Plains severe corridor with supercells and later clustering. Dominant hazards were significant severe wind/hail; very large hail; a few tornadoes.
2022-07-05,MDT,derecho_or_serial_mcs_wind,core,widespread damaging winds|large hail|isolated tornadoes,intense cluster|severe squall line|bowing MCS,warm front/instability corridor|MCS cold pool|middle Mississippi Valley boundary,mcs_timing|cold_pool_evolution|mode_transition|boundary_interaction,"An ongoing/remnant MCS, cold pool, MCV, or outflow/effective boundary was central to risk placement, timing, or mode.",An intense MCS/squall line crossed the middle Mississippi Valley into the overnight. Dominant hazards were widespread damaging winds; large hail; isolated tornadoes.
2022-07-09,ENH,forward_propagating_mcs_wind,core,destructive winds|large hail|isolated severe wind in the Southeast,supercells|organized clusters|MCS,Montana cold front/lee trough|outflow/cold pool|separate Gulf Coast MCS outflow,mcs_timing|cold_pool_evolution|mode_transition|boundary_interaction,"An ongoing/remnant MCS, cold pool, MCV, or outflow/effective boundary was central to risk placement, timing, or mode.","The main severe corridor was central/eastern Montana into western North Dakota, with a separate weaker wind area in Alabama and Mississippi. Dominant hazards were destructive winds; large hail; isolated severe wind in the Southeast."
2022-07-18,ENH,multi_region_multi_mode,likely,destructive severe gusts|hail|a couple tornadoes,supercells|clusters/MCS|line segments,northern Plains front|warm front/instability axis|Mid-Atlantic prefrontal trough,mcs_timing|mode_transition|boundary_interaction|multi_region_uncertainty,Outflow or MCS evolution materially influenced the risk corridor while sharing control with the listed larger-scale boundaries.,"The strongest ENH signal was from northeastern Montana to northern North Dakota, with a separate Mid-Atlantic wind and tornado corridor. Dominant hazards were destructive severe gusts; hail; a couple tornadoes."
2022-07-23,ENH,forward_propagating_mcs_wind,core,damaging gusts over 75 mph|large hail|a couple tornadoes,ongoing MCS|supercells along outflow|bowing clusters,MCS/outflow boundary from Iowa into Illinois|cold front|warm-sector instability gradient,prior_convection|ofb_placement|mcs_timing|boundary_interaction|mode_transition,"An ongoing/remnant MCS, cold pool, MCV, or outflow/effective boundary was central to risk placement, timing, or mode.",An Upper Midwest to central Appalachians severe day was driven by MCSs and outflow-boundary redevelopment. Dominant hazards were damaging gusts over 75 mph; large hail; a couple tornadoes.
2022-08-29,ENH,derecho_or_serial_mcs_wind,likely,scattered to numerous severe winds|isolated hail,upscale-growing storms|squall line|bowing segments,cold front|Iowa/Illinois upscale-growth corridor|squall-line outflow,mcs_timing|cold_pool_evolution|mode_transition|boundary_interaction,Outflow or MCS evolution materially influenced the risk corridor while sharing control with the listed larger-scale boundaries.,Storms over Iowa organized into a damaging-wind system that moved from the mid Mississippi Valley into Lower Michigan. Dominant hazards were scattered to numerous severe winds; isolated hail.
2023-02-26,MDT,derecho_or_serial_mcs_wind,core,widespread damaging winds|embedded tornadoes|large hail,fast-moving line|embedded supercells|bowing segments,Pacific cold front|deepening surface low|intense midlevel jet,mcs_timing|mode_transition|nocturnal_evolution|tornado_with_qlcs,The forecast and MDs centered on a rapidly organizing serial derecho/QLCS with embedded circulations and intense swaths of wind.,"A high-shear southern Plains system produced a likely serial derecho from the Texas Panhandle and western Oklahoma into central/eastern Oklahoma and surrounding areas. The setup combined an intense ejecting trough and Pacific front with a fast convective band, producing 80-110 mph wind potential. Embedded tornadoes, including a strong-tornado risk in southwest Oklahoma, accompanied the wind-driven event."
2023-03-26,MDT,mixed_discrete_to_qlcs_outbreak,likely,tornadoes|very large hail|damaging winds,supercells|clusters|line segments,warm/moist advection corridor|differential recovery zones|residual convective overturning,instability_recovery|prior_convection|ofb_placement|mode_transition,Convective overturning and recovery strongly shaped where the evening Alabama/Georgia tornado threat remained focused.,"Multiple severe corridors affected the Gulf Coast states into Georgia, with the evening focus shifting toward south-central Alabama and western Georgia. Earlier convection overturned portions of Mississippi, forcing substantial probability adjustments while low-level winds strengthened into Alabama and Georgia. The environment supported dominant supercells with very large hail and a strong tornado or two."
2023-04-01,ENH,qlcs_bowing_wind_tornado,likely,damaging winds|tornadoes|hail,low-topped line segments|embedded supercells|clusters,prefrontal wind shift|cold front|outflow from ongoing convection,instability_recovery|mode_transition|diurnal_timing|storm_coverage_uncertain,The Mid-Atlantic/Northeast risk explicitly involved a prefrontal wind shift and outflow from ongoing convection.,"The day after the major outbreak featured fast-moving convection from the Ohio Valley into the Mid-Atlantic and Northeast, plus a secondary southeast Georgia threat. Damaging wind was the main concern, with a couple tornadoes possible where embedded supercells developed. Outflow and prefrontal wind-shift placement affected the corridor of renewed intensification."
2023-04-15,ENH,multi_region_multi_mode,likely,large hail|damaging winds|tornadoes,MCS|supercells|line segments|clusters,trailing cold front|ongoing MCS cold pool|surface boundaries from Missouri to Texas,mcs_timing|mode_transition|prior_convection|storm_coverage_uncertain,"An ongoing MCS and its downstream evolution were central, while frontal forcing and new supercells also contributed.","Several severe regimes occurred from the lower Mississippi Valley to the mid-Mississippi Valley and Texas. An MCS over Louisiana provided a damaging-wind focus, while later supercells and lines from Arkansas/Missouri/Illinois produced very large hail, wind, and a tornado or two. The evening became more linear as stronger forcing spread east."
2023-04-23,ENH,forward_propagating_mcs_wind,core,damaging winds|large hail,long-lived linear MCS|bowing line,MCS cold pool|leading gust front|moist instability axis,mcs_timing|cold_pool_intensity|coastal_exit_timing,The Enhanced risk was entirely tied to a long-lived linear MCS and its cold-pool-driven damaging-wind threat.,"A long-lived linear MCS crossed deep South Texas during the morning into afternoon. The event was a compact, system-driven damaging-wind and hail day, ending as the line moved offshore. There was little discrete-supercell or tornado signal in the packet."
2023-04-26,ENH,multi_region_multi_mode,likely,very large hail|damaging winds|tornadoes,supercells|upscale-growing clusters|Florida supercells,outflow/warm-front intersection|weak surface low|Florida sea-breeze/colliding boundaries,boundary_interaction|mode_transition|storm_coverage_uncertain|eastward_extent,The Texas initiation zone included an outflow/warm-front intersection and Florida severe storms were boundary-collision driven.,"Central and southeast Texas had supercells and clusters with very large hail, a few tornadoes, and increasing damaging-wind potential. Florida also had severe hail/wind tied to colliding boundaries. The Texas risk evolved from more discrete hail/tornado storms into organized clusters moving east-southeast."
2023-05-06,ENH,multi_region_multi_mode,likely,large hail|damaging winds|tornadoes,supercells|MCS|clusters,warm frontal boundary|dryline|lee trough|modified baroclinic zone,mode_transition|mcs_timing|boundary_interaction|nocturnal_evolution,"Upscale growth along modified baroclinic and warm-frontal zones was a major part of the Midwest threat, while Plains storms remained boundary-driven.","Severe storms occurred in both the southern Plains and the mid-Mississippi Valley. Northern Missouri and Iowa supercells near a baroclinic zone evolved toward an MCS with hail, wind, and tornado potential, while Texas/Oklahoma storms produced large hail and severe gusts. The day was messy and multi-regime."
2023-05-07,ENH,forward_propagating_mcs_wind,core,damaging winds|very large hail|tornadoes,initial supercells|MCS|clusters,front across Iowa/Kansas|dryline intersection|low-level jet,mcs_timing|mode_transition|nocturnal_evolution|storm_coverage_uncertain,The main central Plains threat was expected to grow upscale quickly into an MCS along the frontal zone.,Central Plains storms began as intense supercells with very large hail and tornado potential before growing upscale. The primary corridor from Kansas/Nebraska into the Mid-Mississippi Valley favored destructive wind gusts as the low-level jet strengthened. Southern Plains storms were a secondary hail/wind regime.
2023-05-09,ENH,forward_propagating_mcs_wind,core,damaging winds|very large hail|brief tornadoes,bowing MCS|embedded supercells|clusters,expanding surface cold pool|outflow boundary|instability gradient,mcs_timing|cold_pool_intensity|downstream_watch_need|storm_coverage_uncertain,The Enhanced risk was centered on an ongoing bowing MCS and its cold-pool/outflow-driven propagation.,"A severe MCS matured over Kansas and moved east-southeast toward Missouri. The event was dominated by swaths of significant wind and very large hail, with brief tornadoes possible in embedded circulations. Additional regions, including eastern North Carolina and southeast Virginia, had separate but secondary severe threats."
2023-05-16,ENH,forward_propagating_mcs_wind,core,damaging winds|hail|brief tornadoes,organizing cluster|line of storms|multicell clusters,composite warm front/outflow boundary|weak surface low|lee trough,ofb_placement|mode_transition|storm_coverage_uncertain|downstream_intensity,A composite warm front/outflow boundary and organizing storm cluster defined the main damaging-wind corridor.,"A shortwave trough supported an organizing cluster from Kentucky/Tennessee toward Virginia and North Carolina. The damaging-wind risk increased as the cluster crossed the Cumberland Plateau and Appalachians into the Piedmont, with isolated hail and a brief tornado also possible. The northern extent was limited by a composite warm front/outflow boundary."
2023-05-30,ENH,high_plains_upslope_supercells,likely,severe wind gusts|large hail,high-based storms|squall lines|clusters,higher terrain|central High Plains moisture gradient|storm outflow/cold pools,cold_pool_intensity|mcs_timing|convective_overturning|storm_longevity,Storm clusters and squall lines reinforced cold pools across the High Plains and drove the severe-wind threat.,"The central and southern High Plains had scattered storms that organized into squall lines from Nebraska into the Texas/Oklahoma Panhandles. Severe gusts, some at least 75 mph, were the primary hazard, with hail secondary. Convective overturning locally reduced the enhanced wind corridor."
2023-06-02,ENH,high_plains_upslope_supercells,likely,giant hail|damaging winds|tornadoes,discrete supercells|supercell clusters|eventual MCS,southern High Plains upslope|terrain initiation|outflow mergers,mode_transition|mcs_timing|storm_mergers|downstream_watch_need,"Initial supercells were terrain/upslope driven, but outflow mergers and upscale growth controlled the later wind transition.","The southern High Plains had an intense supercell day with baseball- to softball-sized hail, tornadoes, and severe wind gusts. Discrete activity in west Texas and southeast New Mexico gradually grew upscale, increasing the wind threat. The packet repeatedly emphasized giant hail and a possible MCS transition."
2023-06-10,ENH,southeast_multicell_or_clusters,likely,damaging winds|large hail,clusters|supercells|MCS remnants,storm outflows|Piney Woods/Sabine River instability axis|High Plains terrain,prior_convection|outflow_placement|storm_longevity|watch_need_uncertain,Storm clusters and outflows were central from the Arklatex into southeast Texas and southwest Louisiana.,"Southeast Texas into southwest Louisiana was the main evening focus, with clusters crossing a very unstable air mass and producing damaging wind and hail. A slow-moving MCS and subsequent outflows shaped parts of the Gulf Coast threat, while separate High Plains storms posed hail/wind. The day was cluster-dominated rather than a classic synoptic outbreak."
2023-06-14,MDT,derecho_or_serial_mcs_wind,core,widespread damaging winds|large hail|tornadoes,intense bow echo|MCS|supercells|line segments,instability gradient|approaching bow echo|midlevel jet streak|convective outflows,mcs_timing|cold_pool_intensity|derecho_persistence|boundary_interaction,The Moderate Risk revolved around bow-echo/MCS evolution and potential derecho-producing cold pools.,"A major MCS/bow-echo severe-wind day unfolded across the lower Mississippi Valley and Southeast, with additional supercell and tornado risk. SPC explicitly monitored for a derecho-producing MCS and issued PDS severe thunderstorm guidance. Very large hail and a few strong tornadoes were possible in embedded or discrete storms."
2023-06-15,MDT,derecho_or_serial_mcs_wind,core,damaging winds|very large hail|tornadoes,linear MCS|supercells|clusters,severe linear MCS|instability axis|shortwave/vorticity max|low-level jet,mcs_maintenance|mode_transition|multi_region_timing|nocturnal_evolution,An ongoing severe MCS and associated cold pool were central to the southern Plains to lower Mississippi Valley risk.,"A severe MCS in northwest Oklahoma and additional southern Plains storms were expected to spread east-southeast into the Arklatex and lower Mississippi Valley. The Moderate Risk included greater than 80 mph wind potential, very large hail over 3 inches, and a few tornadoes. Separate Gulf Coast and Ohio Valley threats were secondary."
2023-06-17,ENH,multi_region_multi_mode,likely,damaging winds|very large hail|tornadoes,supercells|MCSs|clusters,dryline|convective outflows|central/southern Plains instability axis|Florida outflow,mcs_timing|outflow_placement|multi_region_timing|nocturnal_evolution,Outflows and one or more overnight MCSs were important to the broad wind-swath potential from the Plains to Mississippi.,"A broad severe day spanned the central/southern Plains to Florida. Initial supercells produced very large hail and tornado potential, while the overnight focus shifted toward one or more wind-producing complexes from Oklahoma and north Texas toward Mississippi. Florida had a separate outflow-driven damaging wind/hail threat."
2023-06-21,ENH,high_plains_upslope_supercells,likely,very large to giant hail|damaging winds|tornadoes,supercells|clusters|convective complexes,southern High Plains outflows|upslope flow|convectively modulated height weakness|terrain,outflow_placement|mode_transition|mcs_timing|storm_coverage_uncertain,Several clusters and outflows from ongoing storms modulated the southern Plains risk and later upscale growth.,"Intense storms affected Texas, the southern High Plains, and the central High Plains. Supercells produced large to giant hail, severe gusts, and tornado potential, with consolidation into convective complexes expected during the evening. Outflow interactions were explicitly noted as important for storm behavior in the Texas Caprock and nearby areas."
2023-06-23,ENH,high_plains_upslope_supercells,likely,very large hail|damaging winds|tornadoes,intense supercells|supercell clusters|overnight MCS,High Plains upslope regime|low-level jet|surface boundaries over SD/NE/TX,mcs_timing|storm_coverage_uncertain|mode_transition|outflow_interaction,"Initial supercells were boundary/upslope driven, while the overnight severe-wind risk depended on MCS development and maintenance.","The High Plains produced intense supercells from eastern Wyoming and southeast Colorado into Nebraska, South Dakota, and southwest Kansas. A later MCS was expected to develop over Nebraska and southern South Dakota with possible severe gusts above 75 mph. Texas and southern Oklahoma had a more uncertain outflow-modulated overnight scenario."
2023-06-25,ENH,northwest_flow_mcs,core,damaging winds|large hail|tornadoes,small bowing clusters|MCS|supercells,northwest-flow instability corridor|outflow boundaries|shortwave trough|surface boundaries,mcs_timing|outflow_placement|mode_transition|multi_region_timing,"Bowing clusters, MCS evolution, and outflow-driven propagation were central to the Mid-South/OH Valley severe corridors.",A broad Ohio Valley to Mid/Deep South severe episode featured multiple clusters and supercells. Bowing clusters produced swaths of damaging wind while discrete storms supported very large hail and tornadoes. The packet emphasized both southward-sagging MCS behavior and later redevelopment across several regions.
2023-06-27,MDT,forward_propagating_mcs_wind,core,damaging winds|very large hail|tornadoes,bowing MCS|supercells|clusters,southern Kansas/northern Oklahoma baroclinic corridor|storm outflows|low-level jet,mcs_timing|cold_pool_intensity|upscale_growth|downstream_extent,The Moderate Risk was tied to an evolving bowing complex and its cold-pool/outflow-driven wind swath.,"A bowing complex evolved across southern Kansas and northern Oklahoma and moved east overnight. Early supercell hazards included very large hail and perhaps a tornado, but very strong damaging winds over 80 mph became the dominant threat. Additional Nebraska/South Dakota storms had large hail, wind, and tornado potential."
2023-06-29,MDT,forward_propagating_mcs_wind,core,damaging winds|large hail|tornadoes,prominent MCS|bow echo|supercells|clusters,ongoing Missouri/Illinois MCS cold pool|stalled front|post-frontal upslope flow|remnant outflow,mcs_timing|outflow_placement|downstream_airmass_recovery|multi_region_timing,A prominent MCS and its remnant outflow/cold pool were central to the Midwest/Tennessee Valley risk.,A prominent MCS moved from Missouri/Illinois toward Indiana/Kentucky/Tennessee with significant wind potential and line-embedded tornado risk. The 1630Z outlook briefly carried Moderate Risk before the 20Z outlook trimmed areas behind the stabilized MCS. A separate Front Range/central Plains upslope supercell regime produced very large hail and isolated tornado potential.
2023-07-01,ENH,southeast_multicell_or_clusters,likely,damaging winds|large hail,storm clusters|multicells|isolated supercells,multiple storm outflows|Missouri/OH Valley instability corridors|Permian Basin boundary confluence,prior_convection|outflow_placement|storm_coverage_uncertain|downstream_intensity,Multiple storm clusters and outflow from earlier convection shaped both the Ohio Valley and southern extent of risk.,"Multiple clusters affected Missouri, Indiana, Kentucky, and the Ohio Valley with damaging-wind potential. Outflow from Southeast convection limited the southward extent, while the Permian Basin and northern High Plains had isolated hail/wind regimes. The day was a warm-season cluster event rather than a clean frontal outbreak."
2023-07-02,ENH,forward_propagating_mcs_wind,likely,damaging winds|hail|isolated tornadoes,organizing cluster|multicell clusters|transient supercells,weak frontal zone|MCVs|low-level flow regime|terrain boundaries,mcv_track|storm_coverage_uncertain|mode_transition|downstream_intensity,"MCVs and storm clusters were explicit foci for downstream redevelopment, especially in the lower Ohio Valley and Mid-Atlantic.","A broad warm-season convective day had the highest organized cluster/wind potential across the lower Ohio Valley. MCVs also helped focus Mid-Atlantic development, while weaker deep-layer organization kept many areas multicellular. Damaging winds were the primary Enhanced hazard with hail and a few tornadoes secondary."
2023-07-03,ENH,forward_propagating_mcs_wind,core,severe wind gusts|very large hail,supercells|squall line|progressive MCS,northern Wyoming shortwave|Black Hills instability axis|southeasterly inflow,mcs_timing|cold_pool_intensity|storm_longevity|downstream_extent,The Enhanced corridor was driven by upscale growth into a progressive MCS across northeast Wyoming and western South Dakota.,A progressive MCS evolved from northern Wyoming toward the Black Hills and western South Dakota. Very steep lapse rates and strong shear supported very large hail early and 60-80 mph wind swaths as the line matured. A secondary Mid-Atlantic damaging-wind risk waned in the evening.
2023-07-04,ENH,forward_propagating_mcs_wind,core,damaging winds|large hail,clusters|MCS|supercells,frontal corridor|outflow boundary|Colorado higher terrain|surface trough,mcs_timing|cold_pool_intensity|outflow_placement|upscale_growth,"Storm clustering, cold pools, and an outflow boundary along the frontal corridor controlled the central Plains wind/hail risk.","Central Plains storms formed along an outflow/frontal corridor and expanded into clusters during the evening. Damaging winds and hail were the main hazards, with upscale growth and southeastward propagation emphasized. Colorado High Plains storms were a secondary wind/hail regime."
2023-07-06,ENH,high_plains_upslope_supercells,likely,large hail|damaging winds|tornadoes,supercells|clusters|upscale-growing MCS,eastern Colorado High Plains|baroclinic zone|terrain circulation|strengthening low-level jet,cap_conditional|nocturnal_evolution|mode_transition|storm_longevity,"Supercells initiated along High Plains boundaries, then outflow mergers and upscale growth became important overnight.","Eastern Colorado storms were expected to track into western Kansas and northwest Oklahoma late at night. Initial supercells produced large hail and tornado potential, then activity gradually grew upscale with increasing damaging-wind risk. Capping and redevelopment timing were key uncertainties."
2023-07-07,ENH,mcv_mcs_outflow_reintensification,core,damaging winds|large hail,organizing cluster|decaying line|multicell cluster,remnant outflow boundary|baroclinic zone|differential surface heating,ofb_placement|boundary_interaction|mcs_timing|eastward_extent,The 01Z outlook explicitly tied the Oklahoma cluster to a remnant outflow boundary enhanced by differential heating.,"An organizing storm cluster moved from the eastern Texas Panhandle into western and central Oklahoma. Its evolution was rooted in a remnant outflow boundary and differential heating, with damaging winds and isolated hail as the main hazards. Severe potential decreased east of I-35 as the line decayed."
2023-07-10,ENH,northwest_flow_mcs,likely,large hail|damaging winds,clusters|upscale-growing MCS|supercells,ridge-periphery shortwaves|cluster outflows|central Plains instability corridor,mcs_timing|storm_coverage_uncertain|mode_transition|multi_region_timing,Multiple clusters riding northwest flow and their outflows controlled the primary Plains/Midwest hail-wind risk.,"Weak shortwaves cresting the western ridge supported clusters from the upper Midwest into the Great Plains. Large hail was common with stronger updrafts, while some clusters grew upscale and produced damaging winds. The day had several scattered corridors rather than one dominant boundary."
2023-07-11,ENH,high_plains_upslope_supercells,likely,very large hail|damaging winds,supercells|upscale-growing cluster|nocturnal MCS,Black Hills terrain|surface boundary into Nebraska|strengthening low-level jet,mcs_timing|nocturnal_evolution|upscale_growth|storm_longevity,Supercells growing upscale along a surface boundary into a nocturnal SD/NE MCS were central to the wind threat.,"Northern High Plains supercells developed near the Black Hills and then grew upscale toward northern Nebraska and South Dakota. Large to very large hail dominated early, with scattered damaging/severe wind gusts increasing overnight as a cluster organized along a surface boundary. Tornado potential was minimal in the packet."
2023-07-14,ENH,forward_propagating_mcs_wind,core,damaging winds|large hail,fast-moving MCS|bowing cluster|line segments,warm-advection zone|instability gradient|MCS cold pool,mcs_timing|cold_pool_intensity|downstream_intensity|watch_timing,A southeastward-moving MCS and its cold pool drove the central/southern Plains significant wind corridor.,"A severe MCS moved southeast from Nebraska into Kansas and Oklahoma. The main risk was scattered to numerous severe wind gusts, some 75-80+ mph, with large hail also possible. Other regions had isolated severe threats, but the Enhanced day was defined by the Plains MCS."
2023-07-18,ENH,forward_propagating_mcs_wind,core,damaging winds|large hail,fast-moving bowing MCS|clusters|elevated storms,convectively influenced boundary|northwest-flow corridor|MCS cold pool|warm-advection zone,mcs_timing|outflow_placement|redevelopment|downstream_intensity,The Enhanced risk was centered on an ongoing bowing MCS and a convectively influenced boundary feeding redevelopment.,A fast-moving bowing MCS tracked from Missouri into Kentucky and Tennessee with scattered to numerous damaging winds. A later elevated redevelopment corridor was possible along a convectively influenced boundary to the northwest. The event fits the classic warm-season northwest-flow MCS wind pattern.
2023-07-20,ENH,multi_region_multi_mode,likely,damaging winds|large hail|tornadoes,MCS|linear MCS|supercells|clusters,central Plains shortwaves|cold front|Great Lakes trough|southern Appalachians trough,multi_region_timing|mcs_timing|mode_transition|storm_coverage_uncertain,"Multiple MCSs were already ongoing or expected, though each region also had separate shortwave/frontal forcing.","Several severe corridors occurred: a southern/central Plains MCS, a lower Great Lakes linear MCS, and a southern Atlantic seaboard MCS. The Plains regime supported very large hail and perhaps a tornado, while the eastern regimes focused on wind damage. The result was a broad multi-MCS, multi-region day."
2023-07-26,ENH,forward_propagating_mcs_wind,core,damaging winds|large hail|brief tornadoes,MCSs|bowing clusters|embedded supercells,ongoing Lower Michigan MCSs|Lake Michigan/southern Wisconsin convective corridor|High Plains terrain,mcs_timing|downstream_destabilization|watch_timing|storm_coverage_uncertain,Multiple ongoing MCSs over the southern Great Lakes were central to the Enhanced damaging-wind placement.,"Ongoing MCSs over Lake Michigan, Lower Michigan, and southern Wisconsin drove the main severe threat. As they moved into a more unstable air mass, damaging winds were the primary hazard, with embedded supercells capable of hail or a brief tornado. Central High Plains storms were a secondary severe-wind risk."
2023-07-28,ENH,forward_propagating_mcs_wind,core,damaging winds|large hail,large complexes|MCS|clusters,warm-advection corridor|boundary from southern Wisconsin into northern Indiana|shortwave trough,mcs_timing|nocturnal_evolution|downstream_extent|mode_transition,The Enhanced risk depended on several complexes growing upscale into one or more larger MCSs along a boundary.,Storm complexes over Wisconsin and northeast Iowa were expected to spread southeast into northern Illinois and Indiana. Warm advection along a boundary supported additional development and possible upscale growth into larger MCSs. Damaging winds and large hail were the primary hazards.
2023-07-29,ENH,forward_propagating_mcs_wind,core,damaging winds|large hail,organized bowing MCS|clusters|supercells,well-developed cold pool|rear-inflow jet|advancing cold front|central High Plains boundary,model_guidance_mismatch|mcs_timing|downstream_persistence|storm_coverage_uncertain,A well-organized MCS with a cold pool and rear-inflow jet was the defining severe feature.,"A well-organized bowing MCS crossed the central Plains/lower Missouri Valley with a history of measured severe gusts. Guidance was inconsistent on whether it would weaken, making downstream persistence a key forecast challenge. Additional severe storms occurred from the Mid-Atlantic to the High Plains, but the MCS was central."
2023-07-30,ENH,high_plains_upslope_supercells,likely,large hail|damaging winds,supercells|clusters|MCSs,Black Hills terrain|northern High Plains shortwave|High Plains moisture axis,mcs_timing|mode_transition|storm_coverage_uncertain|cold_pool_intensity,"Initial terrain/High Plains supercells were expected to congeal into MCSs, making cold-pool evolution important.","Supercells developed from the Black Hills into the central High Plains and were expected to congeal into one or more MCSs. Very large hail was the main early hazard, with severe gusts increasing as storms organized. A Missouri cluster produced a secondary gust risk."
2023-08-03,ENH,forward_propagating_mcs_wind,likely,damaging winds|large hail,clusters|possible MCS|elevated overnight clusters,central High Plains terrain/outflows|increasing moisture/instability axis|low-level jet into Mid-South,mcs_timing|upscale_growth|nocturnal_evolution|storm_coverage_uncertain,The central High Plains threat depended on cluster upscale growth and outflow propagation into western Kansas and Nebraska.,Central High Plains storms produced severe wind gusts and had potential for upscale growth into western Kansas and southwest Nebraska. Additional overnight clusters were possible from southeast Missouri into Tennessee/northern Mississippi/Alabama. The main Enhanced signal was a conditional nocturnal severe-wind corridor from High Plains clusters.
2023-08-05,ENH,multi_region_multi_mode,likely,large hail|damaging winds|tornadoes,supercells|clusters|MCV-associated storms,Indiana MCV|surface trough in Missouri Valley|central Plains/High Plains boundaries,mcv_track|boundary_interaction|storm_coverage_uncertain|multi_region_timing,"An Indiana MCV and morning MCS remnants were important, while central Plains severe storms used separate boundaries.","Severe risk was distributed across central Plains, Missouri Valley, and Indiana. The central Plains had potential for very large hail and severe winds, while a tornado or two was possible in Iowa/Nebraska and with the Indiana MCV. The day had several mesoscale foci rather than one clean corridor."
2023-08-08,ENH,high_plains_upslope_supercells,likely,large hail|severe winds|tornadoes,supercells|coagulating clusters|possible MCS,stationary High Plains boundary|southeast surface winds|Front Range/High Plains terrain,mcs_timing|mode_transition|storm_longevity|eastward_extent,Supercell outflows were expected to coagulate into a possible MCS over the central High Plains.,"Central High Plains supercells produced tornadoes and very large hail from northeast Colorado into western Nebraska and Kansas. The 01Z outlook noted potential for an MCS to develop from coagulating outflows, though cellular mode could persist. Severe gusts, hail, and a tornado or two remained possible overnight."
2023-08-09,ENH,ofb_differential_heating_supercells,core,damaging winds|tornadoes|large hail,discrete supercells|organized linear segment|clusters,effective warm front|outflow from AL/TN cluster|worked-over air mass|Ozarks/Mid-South boundaries,ofb_placement|storm_coverage_uncertain|worked_over_airmass|mode_transition,The tornado and wind corridor was explicitly tied to an effective warm front and outflow from ongoing convection.,"The Ozarks to Tennessee Valley severe threat was strongly boundary-modulated. SPC trimmed areas where earlier convection left a worked-over air mass, while focusing tornado potential near an effective warm front from Arkansas into the Missouri Bootheel. Damaging winds and large hail accompanied both discrete warm-sector storms and an organized linear segment."
2023-08-13,ENH,mcv_mcs_outflow_reintensification,core,damaging winds|large hail|isolated tornadoes,reintensifying MCS|clusters|small supercells,MCS from mid-Mississippi Valley|frontal zone|Kansas/Oklahoma instability corridor,mcs_reintensification|mcs_timing|frontal_zone_placement|nocturnal_evolution,A moving MCS and later clusters along its/nearby frontal boundaries were central to the damaging-wind risk.,"An MCS moving across the mid-Mississippi Valley was expected to reintensify, while additional Kansas/Oklahoma storms developed later along and south of the frontal zone. Damaging winds were the dominant hazard, with hail and a tornado or two secondary. The overnight Arkansas/Ozarks threat depended on how far severe gusts persisted downstream."
2023-08-24,ENH,derecho_or_serial_mcs_wind,core,damaging winds|tornadoes|large hail,squall line|bowing MCS|rotating storms|multicell line segments,Lower Michigan/northern Ohio instability corridor|squall-line gust front|northern Plains shortwave,mcs_timing|cold_pool_intensity|tornado_with_line|downstream_extent,The main Enhanced risk was a wind-damage swath from a squall line/MCS moving across southern Lower Michigan into Ohio and Pennsylvania.,A wind-damage swath was likely from southern Lower Michigan into northeast Ohio and far northwest Pennsylvania. Significant gusts over 75 mph and a few tornadoes were possible with the squall line and embedded rotations. A northern Plains hail/wind threat was secondary.
2024-02-11,ENH,warm_front_baroclinic_tornado,likely,tornadoes|very large hail|damaging winds,elevated supercells|surface-based supercells near the boundary|clusters,warm front from Louisiana into Mississippi|outflow boundary|north edge of richer buoyancy,prior_convection|ofb_placement|instability_recovery|storm_coverage_uncertain,"Warm-front forcing dominated, but later hail and tornado potential depended on an outflow boundary.",A warm-front severe episode unfolded from southeast Texas into Louisiana and Mississippi. Elevated hail storms evolved toward surface-based supercells where storms interacted favorably with the warm front and outflow zone.
2024-03-14,ENH,multi_region_multi_mode,likely,very large hail|damaging winds|tornadoes,numerous supercells|MCS|clusters|line segments,cold front|dryline|warm front|multiple convective boundaries,prior_convection|instability_recovery|mode_transition|boundary_interaction|storm_coverage_uncertain,Prior and ongoing convection modulated recovery and storm corridors along with synoptic boundaries.,A broad multi-region severe day extended from Texas and Oklahoma into the Midwest and Ohio Valley. Numerous supercells produced hail and tornado risk while an MCS developed over Missouri and Illinois.
2024-04-02,MDT,high_end_tornado_outbreak,likely,tornadoes|damaging winds|large hail,discrete supercells|embedded supercells|numerous line segments|QLCS,cold front|prefrontal bands|outflow boundary in eastern Kentucky|Ohio Valley warm sector,prior_convection|ofb_placement|instability_recovery|mode_transition,Outflow and ongoing convection shaped the Ohio Valley corridor while synoptic forcing supplied the outbreak environment.,"A local severe-weather outbreak focused on the Ohio Valley with strong tornado potential. By evening, many storms became line-embedded as the cold front overtook the warm sector."
2024-04-08,ENH,elevated_nocturnal_hail_mcs,likely,very large hail|damaging winds|tornadoes,supercells|clusters|bowing line|one or more MCSs,warm-advection zone|dryline or warm sector|storm merger corridors|residual boundaries,prior_convection|mode_transition|mcs_timing|storm_coverage_uncertain,"Storm mergers, clustering, and evolving MCSs were central to the evening hazard evolution.","Multiple rounds of southern Plains storms emphasized giant to very large hail. Supercells were favored initially, but clustering and upscale growth toward MCSs became the evening concern."
2024-04-09,ENH,mixed_discrete_to_qlcs_outbreak,likely,damaging winds|very large hail|tornadoes,supercells|bowing line|linear MCS|clusters,dryline or western moist edge|outflow from initial storms|low-level jet corridor,prior_convection|mode_transition|mcs_timing|nocturnal_evolution,Initial storms and outflow shaped later recovery and a nocturnal squall-line corridor.,Repeated Texas to lower Mississippi Valley severe storms produced all hazards. The late concern was a nocturnal linear MCS racing northeast toward the lower Sabine Valley.
2024-04-10,MDT,derecho_or_serial_mcs_wind,core,damaging winds|tornadoes,bow echo|linear MCS|embedded circulations|semi-discrete supercells,long-lived Gulf Coast MCS|trailing outflow|instability gradient along the coast,prior_convection|mcs_timing|boundary_interaction|mode_transition,The ongoing MCS and trailing outflow directly controlled the Moderate-risk wind and tornado corridor.,A long-lived bowing MCS produced a Moderate-risk damaging-wind and tornado event along the central Gulf Coast. Later outlooks trimmed risk where the cold pool and offshore outflow undercut the environment.
2024-04-18,ENH,forward_propagating_mcs_wind,likely,damaging winds|large hail|isolated tornadoes,MCS|squall line|isolated supercells|clusters,cold front|ongoing MCS or cold pool|middle Mississippi Valley instability gradient,prior_convection|mcs_timing|mode_transition|boundary_interaction,An ongoing severe MCS and cold pool were central to the main wind corridor.,"A severe MCS over Missouri and Illinois drove the main ENH corridor into the lower Ohio Valley. Isolated supercells occurred farther south, but wind and hail with the squall line dominated."
2024-04-26,ENH,classic_discrete_tornadic_supercells,likely,tornadoes|very large hail|damaging winds,long-lived supercells|tornadic supercells|bowing line segments|clusters,dryline and bent-back region|warm front|morning MCS outflow or recovery zone|low-level jet,prior_convection|instability_recovery|ofb_placement|cap_conditional|storm_coverage_uncertain,Morning MCS outflow and recovery modulated the Oklahoma and Kansas threat while dryline and warm-front forcing controlled Nebraska and Iowa.,"Multiple tornadic-supercell corridors developed from Nebraska and Iowa to Oklahoma, Arkansas, and northeast Texas. Recovery behind morning convection made some southern corridors more conditional."
2024-04-27,MDT,high_end_tornado_outbreak,likely,tornadoes|very large hail|damaging winds,long-lived tornadic supercells|embedded supercells|QLCS|severe clusters,dryline|warm front|convective outflow|strengthening low-level jet,cap_conditional|ofb_placement|mcs_timing|mode_transition|nocturnal_evolution,"Outflow, cap erosion, and storm clusters were central alongside classic dryline and frontal forcing.","A major Plains severe outbreak unfolded from north Texas and Oklahoma into southeast Kansas and Missouri. Strong tornadoes, 2 to 3 inch hail, and damaging winds occurred with discrete supercells and later nocturnal clusters."
2024-04-28,ENH,mcv_mcs_outflow_reintensification,core,damaging winds|tornadoes|large hail,supercells|linear MCS|squall line|clusters,remnant MCS or outflow|east Texas to Louisiana instability axis|shortwave trough,prior_convection|instability_recovery|ofb_placement|mcs_timing,Severe potential depended on redevelopment and recovery in the wake of earlier storms and on the evolving MCS.,The post-outbreak severe threat refocused from east Texas into Louisiana and Arkansas. A few supercells produced tornado risk before activity grew into a linear MCS with damaging wind.
2024-05-01,ENH,dryline_supercell_hail_tornado,likely,very large hail|damaging winds|tornadoes,supercells|clusters|bowing segments,retreating dryline|effective boundary|surface boundary over Kansas and Nebraska|outflow-modified corridors,ofb_placement|boundary_interaction|mode_transition|storm_coverage_uncertain,Effective boundaries and outflow-modified corridors helped focus supercells and later wind clusters.,"A central and southern Plains supercell day produced very large hail, damaging winds, and a few tornadoes. Boundary placement and storm mergers governed local hazard intensity."
2024-05-03,ENH,dryline_supercell_hail_tornado,likely,giant hail|damaging winds|tornadoes,intense supercells|storm splits|clusters|line segments,dryline|residual effective boundary|differential heating zone|central Plains front,boundary_interaction|mode_transition|storm_coverage_uncertain,A residual effective boundary and differential heating zone focused the most intense Texas supercells.,"West-central Texas was primed for intense supercells with giant hail. Large buoyancy and strong shear supported very large hail first, then clustering increased wind potential."
2024-05-06,HIGH,high_end_tornado_outbreak,likely,tornadoes|giant hail|damaging winds,long-track discrete supercells|cyclic tornadic supercells|QLCS|bowing line,dryline or composite front|residual outflow boundary|surface low|later QLCS or cold pool,ofb_placement|mode_transition|cap_conditional|mcs_timing|nocturnal_evolution,"Residual outflow and an MCV mattered regionally, but the High Risk was tied to dryline supercells and later upscale growth.","A High Risk covered a regional south-central Plains tornado outbreak. Multiple intense, long-track tornadoes with very large to giant hail were expected from discrete supercells before QLCS hazards increased."
2024-05-08,MDT,mixed_discrete_to_qlcs_outbreak,likely,tornadoes|very large hail|damaging winds,numerous supercells|clusters|embedded supercells|bow echoes,frontal zone|outflow-enhanced corridors|dryline into Texas and Oklahoma|low-level jet,prior_convection|ofb_placement|mode_transition|mcs_timing|storm_coverage_uncertain,"Ongoing storms, instability gradients, and outflow focused a multi-corridor outbreak.",A broad Moderate-risk outbreak stretched from the mid Mississippi and Ohio/Tennessee Valleys into the southern Plains. Numerous supercells produced very large hail and tornadoes before clusters and bows increased wind risk.
2024-05-09,ENH,mcv_mcs_outflow_reintensification,core,very large hail|damaging winds|tornadoes,intense supercells|bowing clusters|MCS|line segments,outflow boundary across the South|Texas dryline or warm sector|MCS cold pools,prior_convection|ofb_placement|mode_transition|mcs_timing,Outflow boundaries and upscale MCS growth were central to the Texas hail corridor and Southeast wind corridor.,"Intense Texas supercells produced very large hail, while a broader MCS and severe-wind corridor evolved into the Southeast. Tornado risk existed, but hail and damaging wind dominated."
2024-05-10,ENH,forward_propagating_mcs_wind,core,damaging winds|hail|brief tornadoes,fast squall line|bowing segments|QLCS mesovortices|small bowing clusters,prior-outflow-reinforced instability gradient|cold front|early-day MCS,prior_convection|ofb_placement|mcs_timing|instability_recovery,The ENH risk was centered on a fast MCS riding a prior-outflow-reinforced instability gradient.,"An early-day MCS drove the main severe corridor across south Georgia and north Florida. Damaging winds were primary, with some QLCS tornado risk before the system moved offshore."
2024-05-13,ENH,mcv_mcs_outflow_reintensification,core,damaging winds|very large hail|tornadoes,supercells|bow-echo MCS|clusters|low-topped coastal storms,trailing outflow boundary in south Texas|Gulf Coast MCS track|sea-breeze or stationary boundary in Florida,prior_convection|ofb_placement|mcs_timing|boundary_interaction,A bow-echo MCS and trailing outflow boundary dominated the Texas to Louisiana hazard evolution.,Multiple severe corridors developed from south Texas and Louisiana to Florida. South Texas supercells produced hail while an organized bow-echo MCS crossed Louisiana with significant wind reports.
2024-05-16,ENH,mcv_mcs_outflow_reintensification,core,damaging winds|large hail|tornadoes,organized clusters|embedded bowing segments|supercells on south flank|squall line,composite outflow boundary|central Texas to Louisiana instability gradient|storm-cluster cold pool,prior_convection|ofb_placement|mode_transition|mcs_timing,"The composite outflow boundary controlled initiation, tornado potential, and the southeast Texas to Louisiana MCS corridor.","Central and southeast Texas storms developed along and just south of a composite outflow boundary. Large buoyancy supported clusters, bowing segments, and supercells before the wind corridor moved into Louisiana."
2024-05-19,MDT,derecho_or_serial_mcs_wind,likely,damaging winds|giant hail|tornadoes,supercells|upscale-growing MCS|squall line|long-lived bow,outflow boundary in central Kansas|dryline|elevated mixed-layer plume|strengthening low-level jet,ofb_placement|mode_transition|mcs_timing|storm_coverage_uncertain,Outflow-boundary initiation and cold-pool upscale growth were key to the derecho-like corridor.,"A Moderate-risk central Plains event emphasized potential derecho winds across Kansas and northern Oklahoma. Initial supercells produced giant hail and tornado potential, then storm clusters congealed into a severe line."
2024-05-22,ENH,mixed_discrete_to_qlcs_outbreak,likely,large hail|damaging winds|tornadoes,supercells|bowing line segments|clusters|linear segments,cold front|outflow or congealing storm boundary|Texas warm sector|Arkansas and Tennessee storm band,ofb_placement|mode_transition|storm_coverage_uncertain,Congealing outflow and linear transitions were central to the damaging-wind corridors.,"A long swath of severe storms extended from central Texas to the lower Great Lakes. Texas supercells had the largest hail and tornado risk, while clusters farther east emphasized damaging wind."
2024-05-23,ENH,forward_propagating_mcs_wind,core,damaging winds|very large hail|tornadoes,supercells|bowing MCS|linear MCS|clusters,tail-end supercell complex|dryline from Oklahoma to Texas|low-level jet into Nebraska and Iowa|MCV over Kentucky and Tennessee,mcs_timing|mode_transition|ofb_placement|nocturnal_evolution,The Nebraska and Iowa wind swath depended on upscale growth from a tail-end supercell complex into a bowing MCS.,Dryline supercells occurred in Oklahoma and Texas while the central Plains MCS threat grew overnight. The most likely ENH hazard became damaging wind from Nebraska into Iowa.
2024-05-24,ENH,multi_region_multi_mode,core,large hail|damaging winds|tornadoes,bow echo|supercells|clusters|line segments,morning bow-echo outflow boundary|cold front|dryline into Texas|Midwest instability plume,prior_convection|instability_recovery|ofb_placement|mode_transition,A predawn bow echo and outflow boundary directly affected the Midwest risk and later recovery.,A messy multi-region day followed a severe morning bow echo over northern Illinois and southern Wisconsin. Its outflow complicated the Midwest risk while southern Plains storms developed in extreme buoyancy.
2024-05-25,MDT,high_end_tornado_outbreak,core,tornadoes|giant hail|damaging winds,long-lived supercells|tornadic supercells|upscale-growing MCS|embedded supercells,dryline from Texas to Oklahoma and Kansas|convective outflow|low-level jet|warm sector recovery,ofb_placement|instability_recovery|mode_transition|mcs_timing|nocturnal_evolution,Convective outflow and recovery controlled where surface-based supercells persisted and where destructive wind growth occurred.,A central and southern Plains outbreak produced intense tornado and giant-hail potential from north Texas into Oklahoma and Kansas. Later upscale growth increased destructive wind potential into Missouri and Arkansas.
2024-05-26,MDT,mixed_discrete_to_qlcs_outbreak,core,damaging winds|tornadoes|large hail,discrete supercells|supercell clusters|bow echo|QLCS,Ozarks to lower Ohio Valley warm sector|ongoing MCS or cold pool|open warm-sector initiation,prior_convection|mcs_timing|mode_transition|ofb_placement|boundary_interaction,"Multiple ongoing rounds, MCS cold pools, and new supercells along their flanks controlled the hazards.","Multiple severe rounds affected the Ozarks, Mississippi Valley, and Ohio/Tennessee Valleys. Discrete supercells produced strong tornado concern while an MCS brought a significant wind corridor."
2024-05-28,ENH,mcv_mcs_outflow_reintensification,core,damaging winds|large hail|tornadoes,bowing MCS|supercells|outflow-dominant clusters|elevated storms,residual outflow across Texas|central or southern High Plains dryline|Rio Grande MCS,ofb_placement|mcs_timing|mode_transition|storm_coverage_uncertain,Residual outflow and repeated MCSs controlled the southeast Texas and west Texas severe evolution.,"Severe storms developed over much of Texas, with an early bowing MCS along the upper Texas coast and later supercells over west Texas. Residual outflow repeatedly focused renewed storms."
2024-05-30,ENH,dryline_supercell_hail_tornado,likely,large hail|damaging winds|isolated tornadoes,supercells|linear MCS|QLCS|bowing segments,southern High Plains dryline|cold front|outflow ahead of the line,ofb_placement|mode_transition|mcs_timing|storm_coverage_uncertain,Outflow from the Panhandle line affected the wind and tornado corridor while the dryline focused hail risk.,West and central Texas had the main ENH threat with supercells capable of baseball-size hail and a couple tornadoes. A linear MCS introduced a severe wind corridor and later QLCS development.
2024-06-01,ENH,high_plains_upslope_supercells,likely,damaging winds|large hail|isolated tornadoes,supercells|organized clusters|MCS|multicell clusters,residual outflow boundary|lee trough or dryline|MCV from morning convection|High Plains terrain circulations,prior_convection|mcv_track|ofb_placement|mcs_timing,Residual outflow and a likely MCV were tied to storm maintenance and later clustering.,Scattered severe storms developed across the central and southern High Plains and spread into the adjacent Plains. MCV and outflow processes aided storm clusters while dryline and upslope initiation supported supercells.
2024-06-02,ENH,forward_propagating_mcs_wind,core,damaging winds|very large hail|tornadoes,bowing MCS|supercells|linear clusters|QLCS,remnant outflow boundary|central Plains MCS track|subtle baroclinic boundary in east Texas or Louisiana,ofb_placement|mcs_timing|mode_transition|prior_convection,A remnant outflow boundary and subsequent bowing MCS were central to the ENH corridor.,"A widespread Plains severe day produced multiple clusters, with the main risk evolving into a pronounced bowing MCS over Nebraska and Kansas. Farther south, an east Texas MCS added another wind and hail corridor."
2024-06-04,ENH,forward_propagating_mcs_wind,likely,damaging winds|large hail|brief tornadoes,supercells|clusters|linear MCS|bowing segments,southern Kansas or Oklahoma storm complex|central Oklahoma instability axis|cold front or outflow surge,mode_transition|mcs_timing|storm_coverage_uncertain,The threat hinged on Oklahoma supercells growing upscale and on an MCS moving southeast.,Central and southern Oklahoma storms were expected to start as supercells with large hail before growing upscale into a severe-wind MCS. Tornado risk was secondary before the mode became linear.
2024-06-07,ENH,forward_propagating_mcs_wind,core,damaging winds|large hail|brief tornadoes,supercells|multicell clusters|cold-pool enhanced squall line|MCS,central Plains storm cluster|cold-pool enhanced squall line|low-level jet into northeast Kansas,mode_transition|mcs_timing|boundary_interaction,The forecast centered on a cold-pool-enhanced squall line and forward-propagating wind potential.,"Central Plains supercells and clusters evolved into a cold-pool-enhanced squall line. Large hail was possible early, but damaging winds became the primary hazard as inflow strengthened."
2024-06-08,ENH,forward_propagating_mcs_wind,likely,damaging winds|large hail|brief tornadoes,supercells|embedded supercells|organized cluster|MCS,central High Plains initiation zone|weak surface boundary|Kansas instability corridor,mcs_timing|mode_transition|storm_coverage_uncertain|nocturnal_evolution,MCS consolidation from High Plains storms into Kansas was the main forecast concern.,High Plains storms moved east-southeast into Kansas with a significant severe wind threat. Embedded supercells produced large hail early before consolidation into a larger MCS.
2024-06-24,ENH,forward_propagating_mcs_wind,likely,damaging winds|large hail|tornadoes,supercells|elevated storms|bowing MCS|organized cluster,effective warm front|occluded or cold front in Minnesota|strong warm advection zone,mcs_timing|ofb_placement|storm_coverage_uncertain|nocturnal_evolution,The risk depended on elevated storms near the effective warm front growing into a bowing MCS.,The Upper Midwest ENH risk centered on a possible destructive wind MCS from Minnesota into Wisconsin. Early supercells and elevated storms introduced hail and tornado potential before upscale growth.
2024-07-02,ENH,qlcs_bowing_wind_tornado,core,damaging winds|tornadoes|large hail,bowing MCS|QLCS|clusters|embedded circulations,effective warm front from Kansas to Iowa|cold front|secondary surface low,mcs_timing|mode_transition|boundary_interaction,The main severe evolution centered on a bowing MCS or QLCS along the effective boundary.,"Storms organized along an effective warm front from Kansas into Iowa and Missouri. A bowing MCS or QLCS produced severe winds and a few tornadoes, with hail mainly early."
2024-07-13,ENH,northwest_flow_mcs,likely,damaging winds|large hail|brief tornadoes,supercells|organized squall line|MCS|bowing segments,northern Plains instability gradient|Upper Mississippi Valley effective boundaries|High Plains terrain or dry boundary,mcs_timing|mode_transition|boundary_interaction,Multiple storm clusters and MCSs were central mode and hazard controls.,Multiple clusters developed from the northern Plains into the Upper Mississippi Valley. Initial supercells produced hail and isolated tornado risk before upscale growth into MCSs drove wind overnight.
2024-07-15,MDT,derecho_or_serial_mcs_wind,core,damaging winds|QLCS tornadoes|large hail,severe MCS|bowing squall line|QLCS|embedded circulations,cold front|evolving MCS cold pool|Iowa-to-Illinois instability reservoir,mcs_timing|mode_transition|boundary_interaction|nocturnal_evolution,The Moderate risk centered on a severe MCS/cold pool and bowing QLCS.,"A significant bowing MCS surged from Iowa into northern Illinois, the Chicago area, Indiana, and southern Michigan. Forecasts highlighted 75+ mph winds and embedded QLCS tornadoes."
2024-07-16,ENH,mcv_mcs_outflow_reintensification,core,damaging winds|hail|tornadoes,MCS remnants|organized clusters|bowing line|QLCS,MCV from prior severe MCS|cold front|central Plains outflow or MCS corridor,mcv_track|prior_convection|mcs_timing|mode_transition,A well-defined MCV from the prior MCS was explicitly tied to the Northeast wind corridor.,"The day was driven in part by the prior night's MCS and embedded MCV moving into New York and New England. Damaging winds were the main concern, with tornadoes possible in stronger embedded storms."
2024-07-30,ENH,multi_region_multi_mode,likely,damaging winds|large hail|isolated tornadoes,MCS|linear segments|supercells|clusters,Dakotas dryline|mid-Missouri and Mississippi Valley MCS corridors|lower Ohio Valley instability gradient,prior_convection|mcs_timing|mode_transition|storm_coverage_uncertain,Multiple ongoing and developing MCSs controlled much of the damaging-wind risk.,"A broad multi-region severe day produced damaging-wind swaths from the Midwest into the Tennessee Valley and southern Appalachians, with additional Plains supercells. MCS corridors dominated the ENH hazard."
2024-07-31,ENH,derecho_or_serial_mcs_wind,core,damaging winds|large hail|tornadoes,intense bowing MCS|supercells|clusters|QLCS,central or northern Plains storm clusters|MCS cold pools|Midwest instability corridor,mcs_timing|mode_transition|boundary_interaction|nocturnal_evolution,Multiple bowing MCSs and cold pools were central to the 70-90 mph wind corridors.,Another active MCS day produced severe winds from the northern and central Plains into the Midwest and Ohio Valley. An intense bowing cluster had a history of 70-90 mph gusts.
2024-08-26,ENH,forward_propagating_mcs_wind,likely,damaging winds|large hail|tornadoes,supercells|bow echo MCS|linear MCS|clusters,eastern Wyoming shortwave|front or boundary across South Dakota and Minnesota|low-level jet into southeast South Dakota,mcs_timing|mode_transition|boundary_interaction,The risk evolved around maturing bow-echo MCSs with boundary placement and LLJ timing important.,Severe storms extended from the northern High Plains into Minnesota and Wisconsin. Initial supercells produced hail and a couple tornadoes before bow-echo MCSs became the main wind threat.
2024-11-03,ENH,qlcs_bowing_wind_tornado,likely,damaging winds|tornadoes|large hail,maturing line|bowing segment|isolated leading storms|elevated nocturnal storms,southern Plains warm front|dryline or cold front|morning line or outflow|strengthening nocturnal low-level jet,prior_convection|ofb_placement|mode_transition|nocturnal_evolution,Outflow and earlier line segments strongly affected storm mode and the later warm-front hail corridor.,"Multiple southern Plains severe rounds occurred from north Texas into Oklahoma and Arkansas. A maturing line produced wind and tornadoes, while late-night elevated storms shifted the focus toward hail."
2024-11-04,ENH,mixed_discrete_to_qlcs_outbreak,likely,tornadoes|damaging winds|large hail,discrete supercells|broken line segments|embedded supercells|clusters,warm front|cold front|northeast Texas to Ozarks warm sector|prior outflow or recovery zones,prior_convection|instability_recovery|ofb_placement|mode_transition,Prior convection and recovery modulated storm initiation while frontal forcing remained important.,"The severe focus shifted from north Texas and eastern Oklahoma into Arkansas, Missouri, and the mid Mississippi Valley. Discrete supercells produced the greatest tornado concern, including strong tornado potential."
2024-12-28,MDT,high_end_tornado_outbreak,core,tornadoes|damaging winds|large hail,QLCS|preceding supercells|embedded supercells|severe linear MCS,cold front|low-level jet and moist axis|confluence bands|central Gulf Coast warm sector,mode_transition|mcs_timing|storm_coverage_uncertain|boundary_interaction,An ongoing severe linear MCS plus embedded and preceding supercells were central to the Moderate-risk tornado and wind outbreak.,A late-December southern severe outbreak evolved from Texas into the lower Mississippi Valley and central Gulf Coast. The forecast called for long-track strong tornadoes and severe wind with a QLCS likely preceded by supercells.
2025-03-30,ENH,qlcs_bowing_wind_tornado,likely,damaging wind|tornadoes|large hail,squall line|MCS|embedded tornado circulations,ongoing Ohio Valley squall line|lower Mississippi Valley frontal zone|convective outflow/cold pool,mcs_timing|instability_recovery|mode_transition|prior_convection,Ongoing squall lines and convective outflow influenced the risk timing and downstream severe potential alongside synoptic forcing.,"The day featured an ongoing Ohio Valley squall line and a separate lower Mississippi Valley severe episode later in the evening. Damaging winds were the primary hazard, with a couple of tornadoes possible where line segments interacted with richer instability. Convective timing and whether downstream air masses could recover controlled the magnitude of the ENH threat."
2025-03-31,ENH,qlcs_bowing_wind_tornado,likely,damaging wind|brief tornadoes|hail,linearly organized clusters|squall line|QLCS,squall-line cold pool|trailing cold front|convective outflow,prior_convection|instability_recovery|mode_transition|outflow_placement,"A pre-existing squall line, cold pool, and organized clusters strongly shaped the Southeast damaging-wind corridor.","Severe storms overspread the Southeast and Carolinas as multiple linearly organized clusters moved east and northeast. The primary hazard was swaths of damaging wind, with QLCS tornado potential embedded in the line. Cloud cover and prior convection modulated recovery, but the cold pool and line propagation sustained the ENH wind threat."
2025-04-02,HIGH,high_end_tornado_outbreak,likely,strong to violent tornadoes|damaging wind|very large hail,numerous discrete supercells|long-lived supercells|organized MCS|QLCS,elongated baroclinic corridor|warm front|outflow-modified boundaries|low-level jet,boundary_interaction|ofb_placement|mode_transition|nocturnal_evolution,"Outflow and baroclinic corridors helped focus the tornadic supercell corridor, though synoptic forcing and the low-level jet also dominated.","A HIGH-risk tornado outbreak unfolded from the lower Mississippi Valley into the Mid-South and lower Ohio Valley. Numerous tornadic supercells, including long-lived strong to intense tornado producers, evolved along a broad severe corridor while an MCS/QLCS wind and tornado threat expanded northeast. The main classification is high-end tornadic supercells, with meaningful MCS and boundary modulation."
2025-04-03,ENH,warm_front_baroclinic_tornado,likely,very large hail|tornadoes|damaging wind,surface-based supercells|elevated supercells|elevated bow echoes,stalled frontal zone|rain-reinforced baroclinic zone|remnant outflow boundaries,boundary_interaction|ofb_placement|storm_coverage_uncertain|nocturnal_evolution,The ENH corridor was focused along a rain-reinforced frontal/baroclinic zone and remnant convective boundaries.,"Severe storms formed along a stalled, rain-reinforced frontal zone from northeast Texas into the Mid-South and Tennessee Valley. Surface-based storms near the boundary carried strong-tornado potential, while elevated nocturnal supercells from southwest Texas into Oklahoma favored very large hail. Boundary placement and whether storms remained on the warm side of the baroclinic zone were central to the forecast."
2025-04-05,MDT,mixed_discrete_to_qlcs_outbreak,likely,tornadoes|damaging wind|large hail,embedded supercells|broken line|bowing segments|QLCS,surface boundary from the Sabine Valley to Tennessee|front/outflow corridor|pre-frontal warm sector,mode_transition|prior_convection|boundary_interaction|nocturnal_evolution,The severe threat was focused along a long-lived boundary and convective line with embedded supercells and cold-pool/bowing evolution.,"A broken line with embedded bows and supercells persisted from Louisiana and Mississippi into Alabama and the Tennessee Valley. Strong tornadoes remained possible in the Southeast and Mid-South, while damaging winds increased as bowing segments matured. The main classification is mixed discrete-to-QLCS, with boundary and convective-line evolution strongly shaping the hazards."
2025-04-19,ENH,dryline_supercell_hail_tornado,likely,strong tornadoes|very large hail|damaging wind,semi-discrete supercells|dominant supercell|MCS/QLCS,surface cold front|Red River/baroclinic boundary|outflow-modified inflow corridor,boundary_interaction|surface_based_inflow|mode_transition|nocturnal_evolution,MDs repeatedly tied the highest tornado threat to supercells interacting with a boundary or merging with a baroclinic boundary.,"North-central Texas into southeast Oklahoma became the focus for a late-day and nocturnal supercell tornado threat. Large hail and severe winds were common in west and central Texas, but the strongest tornado potential increased near the Red River and adjacent boundaries. Upscale growth into an MCS/QLCS later shifted the hazard toward severe winds and QLCS tornadoes."
2025-04-24,ENH,ofb_differential_heating_supercells,core,very large hail|tornadoes|damaging wind,isolated supercells|cluster supercells|evolving linear segments,effective warm front/outflow boundary|dryline|differential heating zone|central/southern Plains lee trough,ofb_placement|boundary_interaction|storm_coverage_uncertain|mode_transition,The severe corridor repeatedly centered on effective warm-front/outflow boundaries where supercells could intensify and produce tornadoes and very large hail.,"Central and southern Plains convection focused on boundaries from eastern Colorado and southwest Kansas into western Oklahoma, the Panhandles, and west Texas. Supercells produced very large to giant hail and locally enhanced tornado potential near effective/outflow boundaries. Upscale growth and downstream longevity were uncertain but important for severe wind spread."
2025-04-25,ENH,ofb_differential_heating_supercells,core,very large hail|tornadoes|damaging wind,cyclic supercell|splitting supercells|storm clusters,west/east-oriented outflow boundary|southern High Plains lee trough|nocturnally strengthening low-level jet,ofb_placement|storm_interactions|mode_transition|nocturnal_evolution,The most intense supercell corridor was explicitly tied to a largely west/east-oriented outflow boundary near the Texas South Plains.,"Eastern New Mexico into the Texas South Plains and Permian Basin saw several supercells in a strongly buoyant evening environment. The most notable threat was very large to giant hail, with tornado potential increasing locally as storms interacted with an outflow boundary and the low-level jet strengthened. Later clustering and storm interactions complicated longevity and wind potential."
2025-04-29,ENH,mcv_mcs_outflow_reintensification,likely,damaging wind|very large hail|tornadoes,intense storm cluster|embedded supercells|bowing MCS|marginal supercells,remnant outflow boundary|southern Plains storm cluster|Ohio Valley prior MCS corridors,prior_convection|ofb_placement|mcs_timing|mode_transition,"The southern Plains tornado and wind corridor was tied to a remnant outflow boundary and evolving storm clusters, while prior MCSs shaped the Ohio Valley threat.","Multiple storm clusters affected the southern Plains and the Ohio Valley. In north Texas and southern Oklahoma, an intense cluster with embedded supercells moved into an environment near a remnant outflow boundary, supporting large hail, significant wind, and localized tornado potential. Farther east, prior MCSs left pockets of recovery for additional damaging-wind clusters."
2025-04-30,ENH,forward_propagating_mcs_wind,core,damaging wind|tornadoes|large hail,organized MCS|bowing line|embedded mesovortices|isolated supercells,large organized MCS|substantial cold pool/wake low|warm front in southern Illinois/Indiana|outflow boundary,mcs_timing|cold_pool_strength|embedded_tornadoes|boundary_interaction,The main ENH risk was a mature MCS and cold-pool/wake-low system propagating into the Ozarks and Mississippi Valley.,"A large, organized MCS moved from southeast Oklahoma and northeast Texas toward Arkansas and the Mississippi Valley. Its cold pool and wake low supported damaging winds and a few embedded tornadoes, while separate warm-front and west Texas storms posed more localized hail/tornado threats. The dominant signature was forward-propagating MCS wind."
2025-05-02,ENH,multi_region_multi_mode,likely,damaging wind|large hail|tornadoes,multicell clusters|bowing line segments|supercells|squall line,broad frontal zone|convectively modified front|southward-sagging boundary|cell cold pools,prior_convection|outflow_placement|mode_transition|storm_coverage_uncertain,A convectively modified front and multiple clusters/cold pools strongly shaped the broad wind and hail threat.,"A broad, messy severe-weather day stretched from Texas and Louisiana into the Tennessee and Ohio Valleys. Storms developed along a convectively modified frontal zone, with very large CAPE supporting hail in Texas and numerous clusters/bowing segments producing damaging winds farther east. The setup was multi-region and multi-mode, with outflow placement and cold-pool amalgamation important."
2025-05-06,ENH,mixed_discrete_to_qlcs_outbreak,likely,tornadoes|large hail|damaging wind,supercells|squall line|slow-moving clusters,surface warm front|pre-frontal boundary|squall line|cold front/outflow boundary,prior_convection|boundary_interaction|mode_transition|storm_coverage_uncertain,"Warm-front storms, a squall line, and outflow/cold-front boundaries all affected timing and mode in the Texas/Louisiana severe corridor.","Supercells were ongoing along and near a warm front across Texas, with a favorable environment extending into Louisiana. The day evolved into a mixed discrete and line/cluster event with large hail, damaging winds, and a few potentially strong tornadoes. Multiple other regions had secondary hail and wind threats, but east/southeast Texas into Louisiana was the main ENH focus."
2025-05-17,ENH,dryline_supercell_hail_tornado,likely,very large hail|damaging wind|tornadoes,supercells|clusters|long-lived MCS|multicell storms,southern Plains dryline/frontal zone|retreating warm front|remnant MCS/outflow corridors,prior_convection|ofb_placement|storm_coverage_uncertain|mode_transition,"The southern Plains risk was embedded in a broader regime of prior MCSs and outflow-modified boundaries, even though dryline/frontal forcing was also important.","The main severe focus was the southern Plains, where extreme buoyancy and shear supported supercells with very large hail, damaging winds, and a couple of tornadoes. Earlier and later MCS activity complicated the setup and also produced damaging winds farther east. Oklahoma, north Texas, and the ArkLaTex were the key all-hazards corridors."
2025-05-19,MDT,mixed_discrete_to_qlcs_outbreak,likely,strong tornadoes|widespread damaging wind|very large hail,discrete supercells|QLCS with embedded supercells|clusters,dryline|warm front|QLCS gust front|Ozark/Red River severe corridor,mode_transition|prior_convection|mcs_timing|boundary_interaction,"Extensive overturning, QLCS evolution, and embedded supercells along convective boundaries strongly influenced the evening severe corridor.","A significant severe episode continued across the south-central states. Earlier discrete supercells produced giant hail and strong tornado potential, then a broad southwest-northeast QLCS with embedded supercells maintained strong tornado and significant wind potential from Oklahoma/Arkansas toward the Ozarks. The balance between discrete storm intensity and linear upscale growth defined the day."
2025-05-20,ENH,qlcs_bowing_wind_tornado,likely,damaging wind|tornadoes|large hail,line of storms|embedded supercells|clusters,cold front|warm-sector instability axis|ongoing convective line|southern Appalachians boundary zone,prior_convection|mode_transition|mcs_timing|instability_recovery,"The severe threat was tied to ongoing storms and line/cluster evolution spreading east, with prior convection affecting instability and mode.","The main severe risk persisted from eastern Tennessee into Alabama and northwest Georgia. A line and associated embedded storms produced scattered damaging winds, a few tornadoes, and isolated large hail as activity spread east. Several MDs highlighted tornado potential within increasingly favorable low-level shear before the threat weakened overnight."
2025-05-22,ENH,ofb_differential_heating_supercells,core,large to very large hail|damaging wind|tornadoes,isolated supercells|supercell cluster|small MCS|linear cluster,southwestward-drifting outflow boundary|baroclinic gradient|Red River/southern Plains boundary|Florida sea breeze,ofb_placement|mcs_timing|storm_coverage_uncertain|mode_transition,The ENH risk was focused on storms developing along the outflow/differential-heating interface left by earlier southern Plains convection.,"Morning storms over Oklahoma left an outflow boundary that drifted into northwest Texas and the Low Rolling Plains. New storms along that boundary and baroclinic gradient produced large to very large hail and damaging winds, with a few tornadoes possible. Later clustering into a small MCS shifted the threat toward severe wind."
2025-05-24,ENH,ofb_differential_heating_supercells,core,large hail|damaging wind|tornadoes,supercells|MCS remnants|squall line|clusters,stationary effective warm front/outflow boundary|remnant MCS from Oklahoma/ArkLaTex|southern Plains shortwave trough,ofb_placement|prior_convection|storm_coverage_uncertain|mcs_timing,"MDs explicitly placed the Oklahoma all-hazards risk along a slow-moving effective warm front/outflow boundary, while MCS remnants affected the Southeast.","The evening severe focus shifted to the southern Plains, especially Oklahoma, where all hazards were possible along an effective warm front/outflow boundary. Earlier MCS remnants also propagated across Alabama and Mississippi, prompting downstream probability adjustments. The day was therefore strongly outflow and MCS modulated."
2025-05-25,ENH,mcv_mcs_outflow_reintensification,likely,very large hail|damaging wind|tornadoes,supercells|MCS|convective line|clusters,frontal zone|multiple outflow boundaries|southern Plains shortwave trough|MCS cold pools,mcs_timing|ofb_placement|mode_transition|storm_coverage_uncertain,The severe day included elevated storms growing upscale into an MCS and additional convection along frontal/outflow boundaries.,"Southern Plains storms again dominated the ENH day, with very large hail, severe winds, and a few tornadoes most concentrated in Oklahoma and Texas. Elevated storms grew upscale into an MCS while additional supercells formed near the Caprock and along frontal zones. Multiple boundaries and storm interactions governed the timing and hazard transition."
2025-05-26,ENH,mcv_mcs_outflow_reintensification,core,damaging wind|large to giant hail|tornadoes,supercells|emerging MCS|intense QLCS|clusters,rapidly modifying remnant outflow|south-central Texas MCS/QLCS cold pool|High Plains trough,ofb_placement|mode_transition|mcs_timing|storm_coverage_uncertain,The key severe development began along a remnant outflow boundary and evolved into an intense QLCS/MCS with destructive winds.,South-central Texas storms initiated along a rapidly modifying remnant outflow boundary. Early supercells supported very large to giant hail and tornado potential before an emerging MCS/QLCS produced significant to destructive wind gusts. The day is best classified as outflow-driven supercells transitioning into forward-propagating MCS wind.
2025-06-02,ENH,forward_propagating_mcs_wind,likely,severe wind|large hail|tornadoes,organizing convective cluster|MCS|supercells|bowing segments,pronounced High Plains boundary|MCV over Minnesota|surface cold front|outflow/gust front,mcv_track|mcs_timing|mode_transition|boundary_interaction,"An MCV and organizing High Plains cluster/gust-front boundary were central to the severe-wind risk, with synoptic forcing also involved.","The main ENH corridor was the southern High Plains into western Kansas, where an organizing cluster along a boundary was expected to produce 60-75 mph winds and localized 75-90 mph gusts. A separate MCV over Minnesota also produced a shorter-lived severe wind threat. Hail and an isolated tornado were secondary hazards during the transition from storms to MCS."
2025-06-07,ENH,mcv_mcs_outflow_reintensification,core,damaging wind|tornadoes|hail,mature MCS|bowing line|embedded tornado circulations|isolated supercells,morning MCS/MCV|cold pool|remnant outflow|dryline/outflow intersection in Texas,mcs_timing|prior_convection|outflow_placement|storm_coverage_uncertain,The ENH risk was centered on an ongoing MCS/MCV and cold-pool evolution across the Southeast and Tennessee Valley.,"An MCS and associated MCV moved from the Mid-South into the Southeast, maturing into a damaging-wind-producing bowing system. The cold pool trimmed the western risk but sustained a corridor of wind damage and isolated tornado potential into Alabama, Georgia, and the southern Appalachians. Additional conditional supercell threats existed near High Plains and Texas outflow intersections."
2025-06-08,MDT,derecho_or_serial_mcs_wind,core,widespread damaging wind|very large hail|tornadoes,supercells|merging multicells|bow echo|derecho-producing MCS,diffuse baroclinic boundary|cold front|southern Plains outflow/frontal zone|low-level jet,mcs_timing|mode_transition|boundary_interaction|derecho_evolution,Supercells merging along a baroclinic/outflow boundary into a bowing MCS were central to the MDT wind corridor.,"Supercells and clusters from the Texas Panhandle into the Red River Valley were expected to consolidate into a prominent MCS. The wind threat increased markedly as merging storms developed bowing structure, with derecho potential and 80-100 mph gusts in northern Texas and southern Oklahoma. Large hail and tornadoes were important early, but widespread wind became dominant overnight."
2025-06-16,ENH,forward_propagating_mcs_wind,likely,damaging wind|large hail|tornadoes,supercells|MCS|clusters|bowing segments,central Plains boundary|surface cyclone/front|MCS cold pool|low-level jet,mcs_timing|mode_transition|boundary_interaction|outflow_placement,Multiple MCSs and outflow/front interactions controlled the severe-wind spread from the Plains into the Upper Mississippi Valley.,"Scattered severe storms developed across the northern and central Plains into the Upper Mississippi Valley. Early supercells brought hail and tornado potential, but severe wind became more prominent as storms grew into clusters and MCSs. The ENH area shifted south and east with evolving boundaries and cold-pool propagation."
2025-06-17,MDT,forward_propagating_mcs_wind,core,damaging wind|large hail|tornadoes,small bows|thunderstorm clusters|supercells|MCS,surface front/composite outflow|strengthening low-level jet|southern Kansas/northern Oklahoma boundary,ofb_placement|mcs_timing|mode_transition|boundary_interaction,The MDT corridor was explicitly tied to clusters/small bows developing as a surface front/composite outflow pushed southeast.,"Southern Kansas and northern Oklahoma became the primary focus for swaths of damaging winds, some over 80 mph, with large hail and a couple tornadoes. Storms organized along a surface front/composite outflow as the low-level jet strengthened, favoring small bows and MCS evolution. Earlier supercells along the boundary added localized tornado and large-hail risk."
2025-06-18,ENH,qlcs_bowing_wind_tornado,core,damaging wind|tornadoes|large hail,mature QLCS|embedded bows|supercells|line segments,well-developed QLCS|MCV/shortwave over Missouri/Illinois|low-level confluence axis|outflow boundary in southern Plains,mcv_track|mode_transition|mcs_timing|embedded_tornadoes,A mature QLCS/MCV and outflow-modified boundaries were central to the damaging-wind and tornado corridor from the Midwest to the Great Lakes.,"A well-developed QLCS with embedded bows tracked across Indiana and southern Lower Michigan toward Ohio, producing scattered to numerous damaging winds and tornado potential. Farther south, new storms along confluence and outflow boundaries from the lower Ohio Valley into the southern Plains added hail and wind risk. The event was strongly MCV/MCS driven."
2025-06-20,MDT,derecho_or_serial_mcs_wind,core,widespread damaging wind|tornadoes|large hail,supercells|mature bow echo|derecho-producing MCS|embedded mesovortices,northern Plains shortwave trough|MCS cold pool|bow-echo apex|pre-MCS supercells,derecho_evolution|mcs_timing|embedded_tornadoes|mode_transition,A mature MCS/bow echo and its cold pool were the central feature of the MDT severe-wind event.,"A significant swath of severe winds developed from the northern Plains into the upper Mississippi Valley. Supercells and multicells grew upscale into a mature bow echo/derecho, with 75-100+ mph gusts and mesovortex tornado potential. The MCS wind hazard was dominant, though very large hail and tornadoes occurred with early supercells."
2025-06-25,ENH,multi_region_multi_mode,core,damaging wind|tornadoes|large hail,loosely organized MCS|embedded supercells|low-topped supercells|multicell clusters,Southeast cold pool/outflow mergers|southwest Wisconsin warm front|effective frontal boundary|northern High Plains terrain boundary,outflow_placement|boundary_interaction|mode_transition|mcs_timing,"The Southeast risk was sustained by cold-pool/outflow mergers, while the Wisconsin tornado risk involved supercells interacting with a warm front.","Two main severe regimes shared the day. In the Southeast, outflow mergers consolidated a cold pool and supported a loosely organized MCS with damaging winds and hail. In southwest Wisconsin and nearby areas, supercells along a warm front produced tornadoes before trending more linear."
2025-07-05,ENH,forward_propagating_mcs_wind,core,severe wind|large hail|brief tornadoes,upscale-growing MCS|small MCS/supercell|high-based clusters|low-topped tropical rainband cells,progressive northern High Plains shortwave|organized MCS cold pool|Black Hills/northern High Plains boundary|Tropical Storm Chantal rainbands,mcs_timing|storm_coverage_uncertain|mode_transition|tropical_rainband_overlap,The primary ENH risk was an upscale-growing northern High Plains MCS with rear-inflow/cold-pool organization.,"The northern High Plains severe threat was dominated by an upscale-growing cluster/MCS moving from southeast Montana and northeast Wyoming into western South Dakota. Severe wind gusts were the main hazard, with isolated large hail in stronger storms. A separate low-end tropical rainband tornado threat existed near Tropical Storm Chantal along the Carolina coast."
2025-07-07,ENH,forward_propagating_mcs_wind,core,damaging wind|large hail|tornadoes,supercells|clusters|MCS|pulse multicells,surging outflow boundary|central High Plains upslope flow|cold front|weak Midwest/OH Valley boundaries,outflow_placement|mcs_timing|storm_coverage_uncertain|mode_transition,Surging outflow across South Dakota/Minnesota was expected to focus renewed storm development and severe potential.,"The central and northern Plains severe threat involved storms developing along outflow and upslope boundaries, then consolidating into one or more damaging-wind clusters. Large hail and a brief tornado were possible during the supercell phase, but severe wind became the main nighttime hazard. Farther east, scattered pulse and multicell storms produced more isolated damaging gusts."
2025-07-10,ENH,mcv_mcs_outflow_reintensification,core,damaging wind|large hail|tornadoes,supercells|larger storm complex|MCS|clusters,MCV over southern Minnesota/western Wisconsin|surface low near Nebraska/Colorado border|warm/moist central Plains corridor|south flank of MCV,mcv_track|storm_coverage_uncertain|mcs_timing|mode_transition,The MCV and its southern flank were central to storm redevelopment and severe potential from Iowa into the Midwest.,"A midlevel MCV over the Upper Midwest interacted with a moist, unstable warm sector to produce renewed severe storms from Iowa into the Midwest. Farther west, central Plains storms developed near the surface low and later grew into a complex. Large hail and a couple tornadoes were possible early, with damaging winds increasing as storms organized."
2025-07-11,ENH,warm_front_baroclinic_tornado,likely,damaging wind|hail|tornadoes,clusters|supercells|organized convective cluster|line segments,warm-front-like baroclinic zone|reinforcing residual showers/clouds|central High Plains post-frontal boundary|Upper Midwest cold front,boundary_interaction|outflow_placement|mode_transition|storm_coverage_uncertain,"Residual clouds/showers reinforced the warm-frontal baroclinic zone that focused the Midwest tornado, hail, and wind risk.","A sharpened warm-front-like zone from the lower Missouri Valley into the Midwest was the main severe focus. Storms near this boundary produced damaging wind, hail, and some tornado potential, while clusters later moved into the Great Lakes. Additional severe storms occurred across the central and southern High Plains and Upper Midwest."
2025-07-15,ENH,forward_propagating_mcs_wind,core,severe wind|large hail,organized linear MCS|QLCS|high-based storms|clusters,cold front|South Dakota/Nebraska instability corridor|organized linear MCS|Upper Midwest front,mcs_timing|mode_transition|storm_coverage_uncertain,The ENH risk was dominated by an established linear MCS/QLCS propagating southeast across South Dakota and Nebraska.,"An organized linear MCS became established from eastern South Dakota into central Nebraska. Scattered severe gusts, some 75+ mph, and large hail were probable as the system moved east-southeast into Iowa and southeast Nebraska. Other severe wind pockets occurred in the Upper Midwest, Wyoming, and southeast Arizona, but the Plains MCS drove the ENH classification."
2025-07-27,ENH,forward_propagating_mcs_wind,core,damaging wind|large hail|tornadoes,loosely organized MCS|embedded multicells|embedded supercells|clusters,Upper Mississippi Valley MCS|ridge-embedded perturbations|MCS gust front/outflow|northern Plains instability axis,mcs_timing|storm_coverage_uncertain|mode_transition|prior_convection,The main threat was an ongoing MCS with embedded multicells/supercells sagging south through the Upper Mississippi Valley.,"An Upper Mississippi Valley MCS with intense embedded multicells and supercells produced a severe-wind threat into the night. Hail and localized tornado potential accompanied the strongest embedded storms, while the system gradually weakened toward Iowa. A separate, more isolated northern Plains severe threat remained secondary."
2025-07-28,MDT,derecho_or_serial_mcs_wind,core,significant damaging wind|large hail|tornadoes,supercells|complex mixed mode|MCS|bowing segments,South Dakota/Nebraska border storm corridor|larger-scale damaging-wind MCS evolution|Montana storm complex,mode_transition|mcs_timing|boundary_interaction|derecho_evolution,The MDT threat was driven by storms consolidating into a larger-scale damaging-wind MCS from South Dakota into Minnesota and Iowa.,"A significant damaging-wind corridor evolved from southeast South Dakota into southern Minnesota and northern Iowa. Earlier tornadic supercells transitioned into a complex mixture of modes, then larger-scale wind damage became the primary concern as cells filled in and merged. Hail and isolated tornadoes remained possible but were secondary to severe wind."
2025-08-07,ENH,forward_propagating_mcs_wind,core,significant severe wind|large to very large hail|tornadoes,storm clusters|developing MCS|elevated thunderstorms|isolated supercells,northern Plains warm front|Montana storm clusters|North Dakota weak surface boundary|steep lapse-rate/moisture corridor,mcs_timing|nocturnal_evolution|storm_coverage_uncertain|mode_transition,The ENH risk centered on ongoing storm clusters organizing into one or more MCS wind swaths across North Dakota.,"Northern Plains storms organized across Montana into North Dakota during the evening and night. The downstream environment was volatile, supporting one or more swaths of significant severe winds along with large to very large hail and a few tornadoes. Elevated storms along the warm front complicated mode and timing but still supported severe potential."
2025-09-23,ENH,ofb_differential_heating_supercells,core,tornadoes|damaging wind|large hail,supercells|clusters|linear segments,convectively reinforced baroclinic zone|east Oklahoma/west Arkansas differential heating corridor|midlevel vorticity maximum,ofb_placement|boundary_interaction|storm_coverage_uncertain|mode_transition,The ENH expansion and tornado/wind corridor were explicitly tied to a convectively reinforced baroclinic zone across northeast Oklahoma and northwest Arkansas.,"Eastern Oklahoma into western Arkansas became the focused severe corridor as heating occurred along and south of a convectively reinforced baroclinic zone. Supercells and clusters posed a few tornadoes, one or two potentially strong, along with scattered damaging winds and hail. The key forecast issue was storm development and interaction with the reinforced boundary."
2026-03-16,MDT,qlcs_bowing_wind_tornado,core,damaging winds|tornadoes including strong tornado potential|hail,remnant and renewing QLCS|broken linear bands|supercell clusters|low-topped squall line,remnant QLCS east of the Appalachians|large-scale outflow from broken linear bands|warm front near the Carolinas and Mid-Atlantic|synoptic cold front and prefrontal trough,prior_convection|instability_recovery|ofb_placement|mode_transition|storm_coverage_uncertain,"Large-scale outflow, remnant QLCS structures, and prior convection directly controlled destabilization, storm mode, and the MDT-to-ENH downgrade.","The day began as a Mid-Atlantic MDT for fast-moving storms, damaging winds, and possible strong long-track tornadoes. Ongoing broken lines, remnant QLCS activity, and large-scale outflow strongly limited destabilization and led to removal of the Moderate Risk by 20Z. Severe continued in several rounds, but the event was mainly a QLCS and low-topped wind/tornado regime rather than a cleaner discrete outbreak."
2026-04-01,ENH,mixed_discrete_to_qlcs_outbreak,likely,damaging winds|large to very large hail|tornadoes,semi-discrete supercells|clusters|broken line segments|MCS/mesolow complex,southern Plains dryline/front intersection|retreating warm front into Oklahoma/Kansas/Missouri|stationary boundary in the Ohio Valley|mesolow/MCV over western Oklahoma,prior_convection|mode_transition|mcs_timing|boundary_interaction|storm_coverage_uncertain,"The initial risk was front/dryline driven, but the evening severe complex was explicitly aided by a mesolow/MCV that influenced the tornado and wind threat.","Southern Plains storms initiated along a broad front/dryline zone and then grew upscale as forcing increased. Supercells and clusters brought all hazards, with the 01Z outlook emphasizing a southwest Oklahoma complex aided by a mesolow/MCV. The Ohio Valley/Mid-Atlantic had a secondary frontal wind/hail risk, making the day multi-region and mixed-mode."
2026-04-03,ENH,mixed_discrete_to_qlcs_outbreak,likely,damaging winds|large to very large hail|tornadoes,warm-front supercells|cold-front line|discrete to semi-discrete supercells|expansive MCS,warm front from Missouri into Iowa/Illinois|surface low and triple point|advancing cold front|dryline/Pacific front into Oklahoma and Texas,mode_transition|storm_coverage_uncertain|boundary_interaction|mcs_timing,"Synoptic boundaries initiated the threat, but later MCS/outflow interactions helped determine tornado longevity, undercutting, and the wind-dominant overnight evolution.","The day featured a northern warm-front supercell/tornado corridor and a broader cold-front/dryline line from Iowa to Texas. Outlooks emphasized large hail and damaging winds, with tornadoes conditional on discrete cells near the warm front or ahead of the line. MDs later documented a transition to wind swaths and an expansive MCS, with outflow modulating the remaining tornado risk."
2026-04-14,ENH,ofb_differential_heating_supercells,core,giant hail|strong tornadoes|damaging winds,boundary-anchored supercells|splitting supercells|dryline supercells|MCS/bowing clusters|QLCS with mesovortices,composite outflow boundary/warm front across Iowa/Wisconsin/Illinois|MCV and outflow from Great Lakes MCS|southern/central Plains dryline|cold pools from initial storm clusters,ofb_placement|boundary_interaction|mode_transition|prior_convection|storm_coverage_uncertain,"Outflow boundaries, MCVs, and storm-generated cold pools were central to the ENH placement, tornado corridors, hail swaths, and later MCS/QLCS evolution.","This was a highly convectively modulated Plains-to-Great Lakes day. The Midwest ENH corridor formed along a composite outflow/warm-front zone, while southern Plains dryline supercells produced giant hail before cold pools and clustering shifted hazards toward wind. MDs repeatedly tied tornado and hail corridors to outflow, warm fronts, and MCV/cold-pool interactions."
2026-04-17,MDT,mixed_discrete_to_qlcs_outbreak,core,severe wind swaths|giant hail|strong tornadoes|QLCS tornadoes,initial discrete supercells|supercell clusters|forward-propagating MCS|QLCS/bowing segments,cold front from Upper Midwest to Plains|warm front across Iowa/Wisconsin/Illinois|Kansas/Oklahoma dryline and triple point|coalescing storm cold pools,mode_transition|mcs_timing|boundary_interaction|ofb_placement|storm_coverage_uncertain,"The MDT wind risk explicitly depended on cold-pool coalescence, upscale growth, and a forward-propagating MCS, with outflow interactions also modulating tornado risk.","A broad Midwest-to-Plains MDT began with supercells capable of giant hail and strong tornadoes, then evolved toward a damaging-wind-dominant MCS/QLCS. The southern Plains/lower Missouri Valley corridor had the clearest forward-propagating MCS signal, with 80+ mph gust potential. Farther north, warm-front supercells transitioned into a broken line with embedded mesovortices and severe wind."
2026-04-24,ENH,ofb_differential_heating_supercells,core,very large hail|tornadoes|damaging winds,outflow-focused supercells|clusters|QLCS/upscale-growing storms|conditional dryline supercells,residual outflow from morning convection across Oklahoma/Arkansas/Mississippi|modifying outflow/triple point near southeast Oklahoma/ArkLaTex|Texas dryline|weak surface low,ofb_placement|boundary_interaction|storm_coverage_uncertain|cap_conditional|mode_transition,Residual and modifying outflow from morning convection was the primary focus for the ENH corridor and controlled supercell/tornado potential.,"The ENH risk was anchored to an outflow-dominated corridor from southeast Oklahoma into the ArkLaTex. Heating south of a morning convective band and its stalling/modifying outflow supported intense supercells with very large hail and tornado risk, while parts of the line could re-intensify into a QLCS wind/tornado threat. The Texas dryline was a separate, more conditional hail-focused risk."
2026-04-25,MDT,dryline_supercell_hail_tornado,core,giant hail|strong tornadoes|damaging winds,boundary-anchored supercells|splitting supercells|elevated supercells|supercell clusters,Red River vicinity warm front|outflow-influenced boundary lifting north|dryline/surface trough in Oklahoma and Texas|cold front into northwest Oklahoma/Kansas,ofb_placement|boundary_interaction|cap_conditional|storm_coverage_uncertain|nocturnal_evolution,The MDT hail/tornado corridor hinged on storms anchoring to an outflow-influenced boundary/warm front near the dryline intersection.,"A volatile southern Plains MDT focused on the warm front/outflow boundary and dryline intersection in Oklahoma and north Texas. Extreme buoyancy and steep lapse rates supported giant hail, with the strongest tornado risk tied to discrete, boundary-anchored supercells. Elevated supercells and clusters continued into the night, but storm interactions and cold pools complicated the dominant hazard corridor."
2026-04-26,ENH,multi_region_multi_mode,likely,very large hail|tornadoes including strong tornado potential|damaging winds,elevated supercells|dryline supercells|compact MCS/bow echo|clusters with embedded supercells,effective warm front advancing north through Oklahoma/Kansas|dryline in Oklahoma/Texas|central Plains frontal zone|outflow/baroclinic zones from prior convection,prior_convection|ofb_placement|cap_conditional|nocturnal_evolution|storm_coverage_uncertain,"MCSs, outflow/baroclinic zones, and prior convection affected several corridors, though the main Plains threat also depended on dryline/warm-front forcing and the nocturnal low-level jet.","The day combined elevated central Plains hail convection, conditional southern Plains dryline supercells, and later warm-front/low-level-jet development. Outlooks emphasized complex subregional details, with the strongest possible storms in northern Oklahoma and south-central Kansas later in the evening. MDs showed MCSs and outflow zones shaping both the wind threat and renewed supercell/tornado potential."
2026-04-27,MDT,mixed_discrete_to_qlcs_outbreak,core,strong to intense tornadoes|widespread damaging winds|large to very large hail,discrete and semi-discrete warm-sector supercells|embedded supercells along cold front|elongated convective system|QLCS/bowing line segments,morning MCS and remnant outflow near Missouri/Illinois/Kentucky|prefrontal confluence zones|cold front through Mid-Mississippi Valley|retreating dryline in Texas/ArkLaTex,prior_convection|ofb_placement|instability_recovery|mode_transition|storm_coverage_uncertain,"The MDT tornado corridor was conditioned by morning MCS outflow, air-mass recovery, and the placement of modifying boundaries near the open warm sector.","This MDT day was a classic high-risk-parameter but messy-boundary setup. Forecasts highlighted strong to intense tornado potential from the Missouri Bootheel into southern Illinois/western Kentucky, but that corridor depended on recovery south of morning MCS outflow and whether storms could remain discrete. By 01Z, a persistent convective system with embedded and preceding supercells was ongoing, with tornado potential still possible but not as cleanly realized as the earlier forecast suggested."
2026-04-28,MDT,ofb_differential_heating_supercells,core,giant hail|damaging winds|tornadoes,elevated morning supercells|surface-based outflow-boundary supercells|splitting supercells|bowing clusters|MCV-related storms,remnant outflow boundary across north Texas|retreating warm front from north Texas into Arkansas|surface low and dryline in northwest Texas|MCVs and storm clusters over the Mid-South,ofb_placement|prior_convection|boundary_interaction|mode_transition|storm_coverage_uncertain,"The MDT upgrade and higher tornado corridor were explicitly tied to supercells along a remnant outflow boundary, with MCVs also sustaining downstream severe risk.","Multiple severe rounds affected the southern Plains, ArkLaTex, and lower Mississippi/Tennessee Valleys. The Moderate Risk focused on north Texas supercells along a remnant outflow/warm-front zone, where giant hail and a locally higher tornado risk were expected. Downstream MCVs and clusters kept all hazards going into the evening, while the north Texas MDT was later reduced after storms moved southeast out of the corridor."
2026-05-06,ENH,mixed_discrete_to_qlcs_outbreak,likely,tornadoes including strong tornadoes|damaging winds|large hail,discrete supercells|supercell clusters|upscale-growing clusters|bowing line segments,southward-sagging cold front from Texas into the Southeast|convectively augmented front by evening|filtered-heating corridor in Mississippi/Alabama|low-level jet,prior_convection|storm_coverage_uncertain|mode_transition|instability_recovery|boundary_interaction,"Prior and ongoing convection augmented the cold front and undercut storms, sharing control with the synoptic front and warm-sector shear.","The lower Mississippi Valley/Southeast ENH was a filtered-heating supercell setup ahead of a southward-moving front. Outlooks focused on Mississippi and Alabama supercells capable of all hazards, including strong tornadoes, before upscale growth shifted the overnight hazard toward damaging wind and isolated tornadoes. MDs confirmed intense tornadic supercells, followed by a more complicated convective environment with clusters and bowing segments."
2026-05-10,ENH,forward_propagating_mcs_wind,core,severe wind gusts over 75 mph|large to very large hail|isolated tornadoes,initial supercells|HP supercell|elevated supercells north of boundary|bowing MCS,convectively reinforced cold front across north Texas|morning MCS outflow into ArkLaTex/lower Mississippi Valley|west Texas dryline|common cold pool from merging supercells,prior_convection|ofb_placement|instability_recovery|mode_transition|mcs_timing,"The ENH wind/hail forecast and later MCS evolution were controlled by convective outflow, a reinforced front, and cold-pool mergers.","Texas severe potential was strongly shaped by morning convection and a reinforced frontal/outflow boundary. Supercells developed near and north of the boundary with large hail and a tornado risk, then merged into a south-southeast-moving bowing MCS. By evening, the hazard profile shifted toward corridors of 75+ mph wind across central Texas while very large hail persisted with dominant supercell structures."
2026-05-15,ENH,forward_propagating_mcs_wind,core,damaging winds|large to very large hail|isolated tornadoes,initial supercells|linear clusters|bowing MCS|high-based downburst storms,cold front/surface trough from Nebraska into Iowa and Wisconsin|secondary low and dryline over the southern High Plains|low-level theta-e plume|nocturnally strengthening low-level jet,mode_transition|mcs_timing|storm_coverage_uncertain|cap_conditional,"The ENH centered on storms consolidating into an MCS as outflows aggregated, with cold-pool organization driving the wind corridor.","The main ENH corridor centered on Iowa and nearby areas, where late-day frontal supercells were expected to evolve into damaging-wind-producing clusters. Large hail was favored early, then the nocturnal low-level jet and outflow aggregation supported bowing MCS organization. A separate southern High Plains corridor produced high-based severe wind gusts in a deeply mixed boundary layer."
2026-05-16,ENH,forward_propagating_mcs_wind,likely,significant damaging winds|large to very large hail|a few tornadoes,high-based supercells|intense bowing cluster|organized multicells|isolated supercells near boundaries,central High Plains upslope/frontal zone|stalled front across Nebraska/Iowa/Missouri|modifying outflow boundary|MCV moving through southeast Missouri/OH Valley,ofb_placement|mcv_track|mode_transition|storm_coverage_uncertain|boundary_interaction,"MCV/outflow features dominated the Midwest/OH Valley corridor and a modifying outflow boundary affected the Plains tornado risk, while the main High Plains ENH also depended on frontal/upslope forcing.","Central High Plains storms were expected to begin as supercells with very large hail before quickly organizing into a significant-wind bowing cluster across Nebraska/Kansas. Farther east, an MCV and outflow/baroclinic zone supported damaging-wind and brief-tornado potential in the Ohio Valley. The strongest Plains wind corridor depended on timing of upscale growth and how storms interacted with the stalled front and modifying outflow."
2026-05-17,ENH,mixed_discrete_to_qlcs_outbreak,core,damaging winds|strong tornadoes|very large hail,discrete supercells|supercell clusters|bowing QLCS|elongated MCS|dryline supercells,residual outflow boundary across Nebraska|warm front across Nebraska/Iowa/South Dakota/Minnesota and Great Lakes|cold front merging with dryline|overnight MCS and MCV,prior_convection|ofb_placement|mcv_track|mode_transition|cap_conditional,"A prior MCS/outflow and remnant MCV were repeatedly described as key factors for severe placement, tornado corridors, and later MCS/QLCS wind evolution.","A central Plains to Upper Midwest ENH evolved from supercell potential into a stronger bowing cluster/QLCS wind threat. Residual outflow in Nebraska and warm-front placement controlled the strongest tornado corridor, while storm mergers and cold-front/dryline interaction accelerated upscale growth. MDs documented both a strong tornado with maturing Nebraska supercells and later severe-wind/QLCS tornado swaths as storms consolidated."
2026-05-18,MDT,high_end_tornado_outbreak,core,strong to intense tornadoes|very large to giant hail|significant damaging winds,intense discrete supercells|organized clusters|squall line|bowing line segments|dryline supercells,pronounced outflow boundary from overnight convection|retreating outflow/cold-front triple point|mid-Missouri Valley surface boundary|Oklahoma/west Texas dryline|large cold pool over the Midwest,ofb_placement|prior_convection|instability_recovery|mode_transition|storm_coverage_uncertain,"The MDT corridor was explicitly centered on a retreating outflow boundary/triple point and later on supercells interacting with a modifying outflow boundary, while a large MCS cold pool limited downstream recovery.","This MDT day focused on intense central Plains/Mid-Missouri Valley supercells along a retreating outflow boundary and cold-front triple point. Very unstable air and strong shear supported strong to intense tornadoes and giant hail before storms grew upscale into clusters and a squall line. A separate Great Lakes MCS and its cold pool strongly reduced recovery downstream, while the Oklahoma/Texas dryline remained more conditional."
